{
  "name": "hat_d2d0025_200_ctx1024",
  "seed": 42,
  "n_states": 256,
  "sigma_c2c": 0.0,
  "sigma_d2d": 0.025,
  "analog_layers": [
    0,
    1,
    2,
    3,
    4,
    5,
    6,
    7,
    8,
    9,
    10,
    11,
    12,
    13,
    14,
    15,
    16,
    17,
    18,
    19,
    20,
    21,
    22,
    23
  ],
  "lr": 1e-05,
  "max_steps": 200,
  "ppl_before": 113.39059981221843,
  "ppl_after": 24.036027286573468,
  "losses": [
    5.073461055755615,
    4.990908145904541,
    4.949552059173584,
    4.615309715270996,
    4.240100383758545,
    4.271536827087402,
    4.527645111083984,
    4.514440059661865,
    4.262899875640869,
    3.837318181991577,
    3.947706460952759,
    3.962393283843994,
    4.122907638549805,
    4.122954368591309,
    3.9861299991607666,
    4.236800193786621,
    3.650653839111328,
    3.8620293140411377,
    3.968963146209717,
    4.1739606857299805,
    4.058032989501953,
    4.095913887023926,
    3.947740077972412,
    3.33590030670166,
    3.3652400970458984,
    3.5686120986938477,
    3.63254451751709,
    3.804443836212158,
    3.651097059249878,
    3.5622382164001465,
    3.367548704147339,
    3.5074684619903564,
    3.4761996269226074,
    3.652981758117676,
    3.6368155479431152,
    3.311619281768799,
    3.1678311824798584,
    3.4402964115142822,
    3.660365104675293,
    3.746227264404297,
    3.7691144943237305,
    3.8325932025909424,
    3.5845091342926025,
    3.551685094833374,
    3.237581968307495,
    3.1808271408081055,
    3.5420725345611572,
    3.5257763862609863,
    3.4622859954833984,
    3.635913372039795,
    3.7250542640686035,
    3.466240644454956,
    3.4389679431915283,
    3.2220842838287354,
    3.5351402759552,
    3.729933738708496,
    3.8462159633636475,
    3.8072304725646973,
    3.4082601070404053,
    3.2670207023620605,
    3.050644874572754,
    3.1885287761688232,
    3.1909072399139404,
    3.3722517490386963,
    3.3066177368164062,
    3.021599292755127,
    3.289611577987671,
    3.6029417514801025,
    3.5146708488464355,
    3.5141971111297607,
    3.6267075538635254,
    3.6330220699310303,
    3.727195978164673,
    3.7418482303619385,
    3.468759775161743,
    3.385096549987793,
    3.528247356414795,
    3.5626041889190674,
    3.632378339767456,
    3.682011604309082,
    3.349634885787964,
    3.463467836380005,
    3.4835007190704346,
    3.4216232299804688,
    3.3556699752807617,
    3.592285633087158,
    3.547201156616211,
    3.591546058654785,
    3.4951937198638916,
    3.3277530670166016,
    3.391245126724243,
    3.4470419883728027,
    3.5481719970703125,
    3.8566744327545166,
    4.035784721374512,
    3.733414649963379,
    3.4647510051727295,
    3.3088412284851074,
    3.2242746353149414,
    3.334453821182251,
    3.4748685359954834,
    3.4294612407684326,
    3.5675008296966553,
    3.2106547355651855,
    3.3710379600524902,
    3.356078863143921,
    2.974653720855713,
    3.2160232067108154,
    3.3732850551605225,
    3.5585434436798096,
    3.4761953353881836,
    2.9647185802459717,
    2.846259832382202,
    2.9817864894866943,
    3.078535795211792,
    3.2948243618011475,
    3.392052412033081,
    3.5055816173553467,
    3.3539185523986816,
    3.3098435401916504,
    3.393028497695923,
    3.48482608795166,
    3.686896800994873,
    3.6176326274871826,
    3.6411333084106445,
    3.5183844566345215,
    3.5926225185394287,
    3.540942430496216,
    3.472055196762085,
    3.499789237976074,
    3.485177755355835,
    3.384066581726074,
    3.146651268005371,
    3.0169708728790283,
    3.1332461833953857,
    3.3331491947174072,
    3.2139055728912354,
    3.225154399871826,
    3.1883444786071777,
    3.233804702758789,
    3.3262417316436768,
    3.291466474533081,
    3.0919957160949707,
    3.0832858085632324,
    3.1870839595794678,
    3.222590684890747,
    3.210148811340332,
    3.350236654281616,
    3.416332244873047,
    3.433180570602417,
    3.1901965141296387,
    3.2203917503356934,
    3.391111135482788,
    3.431774139404297,
    3.146595001220703,
    2.940312385559082,
    3.463322401046753,
    3.598874092102051,
    3.5384929180145264,
    3.620586395263672,
    3.4630682468414307,
    3.337576389312744,
    3.5164124965667725,
    3.1634840965270996,
    2.994816303253174,
    3.162954092025757,
    3.2745230197906494,
    2.854403257369995,
    2.945263624191284,
    3.113583564758301,
    3.105595827102661,
    3.207484245300293,
    3.402616024017334,
    3.443634510040283,
    3.1387510299682617,
    2.949282169342041,
    2.9577715396881104,
    2.6553945541381836,
    2.572636842727661,
    3.060026168823242,
    3.2377941608428955,
    3.1236166954040527,
    3.2219724655151367,
    3.4098236560821533,
    3.422485589981079,
    3.2771496772766113,
    3.3692660331726074,
    3.5315229892730713,
    3.524259567260742,
    3.5267906188964844,
    3.3164844512939453,
    3.422574281692505,
    3.5184199810028076,
    3.4183104038238525,
    3.176910638809204,
    2.9734694957733154,
    3.0562984943389893,
    3.2790398597717285,
    3.21282958984375,
    3.1742658615112305
  ]
}