{
  "name": "hat_d2d002_500_freshd2d_last1_seed42",
  "train_seed": 42,
  "d2d_seed": 42,
  "n_states": 256,
  "sigma_c2c": 0.0,
  "sigma_d2d": 0.02,
  "analog_layers": [
    23
  ],
  "lr": 1e-05,
  "max_steps": 500,
  "retention_step_time": 0.0,
  "ppl_before": 23.27997350529088,
  "ppl_after": 18.428943329025948,
  "losses": [
    3.0669922828674316,
    3.3174448013305664,
    3.5396993160247803,
    3.7058990001678467,
    3.4439799785614014,
    3.4720957279205322,
    3.3491125106811523,
    2.9689619541168213,
    3.0384020805358887,
    3.2321817874908447,
    3.281325101852417,
    2.9756155014038086,
    3.2383527755737305,
    3.5302579402923584,
    3.2493131160736084,
    3.2586286067962646,
    3.08756422996521,
    2.8502495288848877,
    2.8677408695220947,
    2.9884307384490967,
    3.212843179702759,
    3.242335796356201,
    2.939051866531372,
    3.198563814163208,
    3.076556921005249,
    3.1386330127716064,
    3.532022476196289,
    3.433490037918091,
    2.9518816471099854,
    3.239962339401245,
    3.4206933975219727,
    3.2741591930389404,
    3.0773000717163086,
    2.931196689605713,
    2.793973922729492,
    3.0229721069335938,
    3.060250997543335,
    3.22469425201416,
    3.221064567565918,
    3.2397286891937256,
    3.4350016117095947,
    3.293703556060791,
    3.2782771587371826,
    3.429821252822876,
    3.45207142829895,
    3.274383068084717,
    2.8237485885620117,
    2.2889719009399414,
    2.190519094467163,
    2.7625062465667725,
    2.9923696517944336,
    2.7881178855895996,
    2.6460065841674805,
    2.9972944259643555,
    2.9954307079315186,
    2.9784533977508545,
    3.136990547180176,
    2.9908499717712402,
    2.6843390464782715,
    2.718621015548706,
    2.713252305984497,
    2.688396453857422,
    2.667210102081299,
    2.648106575012207,
    2.555339813232422,
    2.603289842605591,
    2.8352296352386475,
    3.1499404907226562,
    2.983065128326416,
    2.8383736610412598,
    2.7174952030181885,
    2.498382329940796,
    2.509594678878784,
    2.8039958477020264,
    2.719120740890503,
    2.7011210918426514,
    2.585620880126953,
    2.516648054122925,
    2.962944984436035,
    3.4491567611694336,
    3.2995810508728027,
    3.332536458969116,
    3.3922743797302246,
    3.489567279815674,
    3.0900213718414307,
    2.8268516063690186,
    2.959681987762451,
    3.2002437114715576,
    2.922642230987549,
    2.5464446544647217,
    2.358191967010498,
    2.6282758712768555,
    2.792367458343506,
    2.8347890377044678,
    3.0637733936309814,
    3.2404356002807617,
    2.88378643989563,
    2.615530490875244,
    2.844865322113037,
    3.249547004699707,
    3.154348373413086,
    3.0783886909484863,
    2.9783339500427246,
    2.879793643951416,
    2.9148268699645996,
    3.1557106971740723,
    2.5610127449035645,
    2.436952829360962,
    2.8042960166931152,
    3.0155622959136963,
    3.0786521434783936,
    2.9918484687805176,
    2.9927079677581787,
    3.180448532104492,
    3.246969223022461,
    2.9880096912384033,
    2.956035852432251,
    3.1280574798583984,
    2.659975528717041,
    2.3880114555358887,
    2.63000226020813,
    2.6572699546813965,
    2.7124240398406982,
    2.640855073928833,
    2.6135077476501465,
    2.746157646179199,
    2.673778772354126,
    2.707791805267334,
    2.931326150894165,
    2.8898262977600098,
    2.4788780212402344,
    2.5448875427246094,
    2.654181957244873,
    2.8188636302948,
    2.7419347763061523,
    2.904920816421509,
    3.1301331520080566,
    3.0702757835388184,
    3.0776526927948,
    3.068298101425171,
    3.0684101581573486,
    3.10579514503479,
    3.092961311340332,
    3.1899290084838867,
    3.029930591583252,
    3.294309139251709,
    3.390573024749756,
    3.237957715988159,
    3.158803939819336,
    3.0395901203155518,
    2.963343381881714,
    2.998029947280884,
    2.9107601642608643,
    3.068737268447876,
    3.235621452331543,
    3.0902597904205322,
    2.8147475719451904,
    3.151819944381714,
    3.278759241104126,
    3.025893211364746,
    2.825697422027588,
    2.9240975379943848,
    3.1425135135650635,
    2.986917495727539,
    2.8897526264190674,
    2.9486544132232666,
    3.1485719680786133,
    3.096316337585449,
    2.844007730484009,
    2.9960155487060547,
    3.0865800380706787,
    3.1198713779449463,
    3.151153802871704,
    3.305574655532837,
    3.1208107471466064,
    3.039595127105713,
    3.192913770675659,
    3.0592868328094482,
    2.895873785018921,
    2.8333404064178467,
    2.821937084197998,
    2.7922840118408203,
    2.9997315406799316,
    3.2005882263183594,
    3.2057158946990967,
    3.1176657676696777,
    3.2674038410186768,
    3.600480079650879,
    3.6140739917755127,
    3.7243335247039795,
    3.5345890522003174,
    3.3028416633605957,
    2.890775203704834,
    2.7837722301483154,
    3.0187201499938965,
    2.899218797683716,
    2.687849283218384,
    2.8741629123687744,
    2.932680368423462,
    3.0123682022094727,
    3.077697515487671,
    2.957235336303711,
    3.0535035133361816,
    3.057297706604004,
    3.133605718612671,
    2.975628137588501,
    3.0587620735168457,
    3.030346393585205,
    2.592409610748291,
    3.042184591293335,
    3.3487279415130615,
    2.8087079524993896,
    2.6132166385650635,
    2.526153326034546,
    2.679543972015381,
    2.979259967803955,
    2.886073112487793,
    2.9129414558410645,
    3.0914011001586914,
    3.073315143585205,
    3.2167110443115234,
    3.2674753665924072,
    2.7848918437957764,
    2.3701975345611572,
    2.29522442817688,
    2.3661437034606934,
    2.5742247104644775,
    2.584404230117798,
    2.526803970336914,
    2.588489055633545,
    2.794102430343628,
    2.958144426345825,
    2.8769941329956055,
    2.9964115619659424,
    3.1545028686523438,
    2.872886896133423,
    3.1515438556671143,
    2.8831138610839844,
    2.9054102897644043,
    3.237379550933838,
    3.016608953475952,
    3.029505491256714,
    3.181828737258911,
    3.30277943611145,
    3.2060458660125732,
    3.28025221824646,
    3.50593638420105,
    3.556180238723755,
    3.187351942062378,
    3.2931196689605713,
    3.2990167140960693,
    3.2612388134002686,
    3.2886767387390137,
    3.293971300125122,
    3.1453475952148438,
    3.1596643924713135,
    3.180135726928711,
    3.35434889793396,
    3.1649539470672607,
    3.061372995376587,
    2.9509406089782715,
    2.7159643173217773,
    3.105198621749878,
    2.983229160308838,
    3.0052666664123535,
    2.758256673812866,
    2.7135493755340576,
    2.6770033836364746,
    2.67353892326355,
    2.749915838241577,
    2.855530023574829,
    2.8110718727111816,
    2.9884395599365234,
    2.8248257637023926,
    2.701310396194458,
    2.802685022354126,
    2.8303792476654053,
    2.8824105262756348,
    2.842602014541626,
    2.896148920059204,
    2.8989274501800537,
    2.876680374145508,
    2.94138765335083,
    2.9336178302764893,
    2.802323579788208,
    2.833580255508423,
    2.710120439529419,
    2.943511724472046,
    2.8723719120025635,
    2.8723108768463135,
    3.024862289428711,
    2.9585723876953125,
    2.755708932876587,
    2.7893669605255127,
    2.8768370151519775,
    2.9818758964538574,
    3.036250352859497,
    3.143953561782837,
    3.294420003890991,
    3.1517956256866455,
    2.9065663814544678,
    2.8783295154571533,
    2.9502627849578857,
    3.0427427291870117,
    2.9255878925323486,
    2.797989845275879,
    3.0876107215881348,
    3.1695940494537354,
    3.0789635181427,
    2.6644859313964844,
    2.4115326404571533,
    2.7515339851379395,
    2.7629666328430176,
    3.120790719985962,
    3.4673027992248535,
    3.4527101516723633,
    3.0971615314483643,
    3.216848134994507,
    3.3632490634918213,
    3.3151707649230957,
    3.1342220306396484,
    2.951469898223877,
    2.9545042514801025,
    3.0775959491729736,
    3.068699598312378,
    3.1034748554229736,
