{
  "name": "hat_warmup_llm",
  "seed": 42,
  "n_states": 256,
  "sigma_c2c": 0.01,
  "sigma_d2d": 0.0,
  "analog_layers": [
    0,
    1,
    2,
    3,
    4,
    5,
    6,
    7,
    8,
    9,
    10,
    11,
    12,
    13,
    14,
    15,
    16,
    17,
    18,
    19,
    20,
    21,
    22,
    23
  ],
  "lr": 1e-05,
  "max_steps": 50,
  "ppl_before": 579.5249639226098,
  "ppl_after": 142.26716219765163,
  "losses": [
    7.29271936416626,
    6.95105504989624,
    6.664791107177734,
    7.16477632522583,
    6.343482494354248,
    6.219336986541748,
    6.1571855545043945,
    6.498863220214844,
    5.871492862701416,
    5.775197982788086,
    6.1080145835876465,
    5.697625637054443,
    5.735344409942627,
    5.872135162353516,
    5.717252731323242,
    5.678277015686035,
    5.670108795166016,
    6.029613018035889,
    5.695039749145508,
    5.612366199493408,
    5.433357238769531,
    5.463741302490234,
    5.310936450958252,
    6.005011081695557,
    5.648098468780518,
    5.702681541442871,
    5.720065593719482,
    5.776953220367432,
    5.54293966293335,
    5.6643595695495605,
    6.0015106201171875,
    5.303896903991699,
    5.300979137420654,
    5.157323360443115,
    4.697659492492676,
    5.345591068267822,
    5.274663925170898,
    5.326399803161621,
    5.480140209197998,
    5.462934970855713,
    5.305965900421143,
    5.389534950256348,
    5.321431636810303,
    5.58432149887085,
    5.463804244995117,
    5.38737154006958,
    4.967459678649902,
    4.496107578277588,
    4.414453506469727,
    4.765413761138916
  ]
}