{
  "name": "hat_d2d002_baseline1024",
  "seed": 42,
  "n_states": 256,
  "sigma_c2c": 0.0,
  "sigma_d2d": 0.02,
  "analog_layers": [
    0,
    1,
    2,
    3,
    4,
    5,
    6,
    7,
    8,
    9,
    10,
    11,
    12,
    13,
    14,
    15,
    16,
    17,
    18,
    19,
    20,
    21,
    22,
    23
  ],
  "lr": 1e-05,
  "max_steps": 200,
  "ppl_before": 2556.105934613112,
  "ppl_after": 82.76001464416909,
  "losses": [
    8.098817825317383,
    7.834455966949463,
    7.889211654663086,
    8.121713638305664,
    6.855367183685303,
    6.993646621704102,
    7.201827526092529,
    7.420618534088135,
    7.080245494842529,
    6.5634870529174805,
    6.369298458099365,
    6.847491264343262,
    6.609281539916992,
    6.497718334197998,
    6.771441459655762,
    6.875617027282715,
    5.951365947723389,
    6.328102111816406,
    6.58892822265625,
    6.464247703552246,
    6.402093887329102,
    6.652224540710449,
    6.4659318923950195,
    6.3035736083984375,
    6.525095462799072,
    5.989467620849609,
    6.633931636810303,
    6.487248420715332,
    6.801105499267578,
    6.7961931228637695,
    6.356351852416992,
    6.214809894561768,
    5.959090709686279,
    6.056610107421875,
    5.993804454803467,
    5.898373603820801,
    5.960841178894043,
    6.063408374786377,
    6.46549129486084,
    6.060613632202148,
    6.047611713409424,
    6.321930408477783,
    6.0995306968688965,
    6.2261247634887695,
    6.118790626525879,
    5.990500450134277,
    6.018767833709717,
    6.2414984703063965,
    5.942621231079102,
    6.0795464515686035,
    6.071292400360107,
    6.12643575668335,
    6.17647123336792,
    5.943846225738525,
    6.299553871154785,
    6.301827430725098,
    6.365202903747559,
    6.185371398925781,
    6.566871643066406,
    5.9873738288879395,
    5.59296989440918,
    5.641270160675049,
    5.4716105461120605,
    5.73860502243042,
    5.934746265411377,
    5.803652763366699,
    5.933182239532471,
    6.04348087310791,
    5.627762317657471,
    5.726041316986084,
    5.774449348449707,
    5.720107078552246,
    5.7223052978515625,
    5.722634315490723,
    5.482558250427246,
    5.385650634765625,
    5.390324592590332,
    5.2834391593933105,
    5.296998500823975,
    5.500374794006348,
    5.396869659423828,
    5.443095684051514,
    5.409550189971924,
    5.271854400634766,
    5.022431373596191,
    5.3318562507629395,
    5.261898517608643,
    5.485644817352295,
    5.365630626678467,
    5.351644039154053,
    5.748838901519775,
    5.740029811859131,
    5.839380741119385,
    6.0094170570373535,
    6.1557769775390625,
    6.031132698059082,
    5.5729827880859375,
    5.4918437004089355,
    5.380885601043701,
    5.385793209075928,
    5.433755874633789,
    5.53293514251709,
    5.72872257232666,
    5.720222473144531,
    5.43691349029541,
    5.339644432067871,
    5.1435394287109375,
    5.255433559417725,
    5.177256107330322,
    5.350663185119629,
    5.726502418518066,
    5.383765697479248,
    5.223267555236816,
    5.213798522949219,
    5.1877007484436035,
    5.81352424621582,
    6.004271030426025,
    5.808340549468994,
    5.656318664550781,
    5.5977325439453125,
    5.17739725112915,
    5.294247627258301,
    5.737392902374268,
    5.646456241607666,
    5.374515056610107,
    5.380929470062256,
    5.309658050537109,
    5.095466136932373,
    5.093952178955078,
    5.4088544845581055,
    5.562431812286377,
    5.2879319190979,
    4.987920761108398,
    4.919609546661377,
    5.5400166511535645,
    5.773324489593506,
    5.252478122711182,
    5.209762096405029,
    5.2661285400390625,
    5.026330947875977,
    5.031222820281982,
    5.229609489440918,
    5.056997299194336,
    5.185717582702637,
    5.1205644607543945,
    5.048614501953125,
    5.08192253112793,
    5.086204528808594,
    5.155367851257324,
    5.138457775115967,
    4.818423271179199,
    4.824874401092529,
    4.982425689697266,
    5.284604549407959,
    5.25573205947876,
    4.762190341949463,
    5.282327651977539,
    5.383202075958252,
    5.349547386169434,
    5.4945244789123535,
    5.366817474365234,
    5.14120626449585,
    5.390034198760986,
    5.369846343994141,
    5.009964466094971,
    5.136525630950928,
    5.12656831741333,
    4.594295024871826,
    4.714582443237305,
    4.863957405090332,
    4.873881816864014,
    5.020259380340576,
    4.9924774169921875,
    5.111544609069824,
    4.785256385803223,
    4.678994655609131,
    4.643043518066406,
    4.501614093780518,
    4.4593424797058105,
    4.651093482971191,
    5.009136199951172,
    4.799406051635742,
    4.563244819641113,
    4.725360870361328,
    4.589459419250488,
    4.668726921081543,
    4.5602569580078125,
    4.3958868980407715,
    4.49911642074585,
    4.4468584060668945,
    4.29789400100708,
    4.223567485809326,
    4.302360534667969,
    4.486571311950684,
    4.727826118469238,
    4.6074748039245605,
    4.687035083770752,
    4.666224956512451,
    4.77638053894043,
    4.633542537689209
  ]
}