{
  "name": "hat_d2d002_500_v2_d2dseed1001",
  "train_seed": 42,
  "d2d_seed": 1001,
  "n_states": 256,
  "sigma_c2c": 0.0,
  "sigma_d2d": 0.02,
  "analog_layers": [
    0,
    1,
    2,
    3,
    4,
    5,
    6,
    7,
    8,
    9,
    10,
    11,
    12,
    13,
    14,
    15,
    16,
    17,
    18,
    19,
    20,
    21,
    22,
    23
  ],
  "lr": 1e-05,
  "max_steps": 500,
  "retention_step_time": 0.0,
  "ppl_before": 124.36264867934509,
  "ppl_after": 25.31223015515522,
  "losses": [
    5.146045207977295,
    4.686179161071777,
    4.891353130340576,
    4.987820625305176,
    4.605837345123291,
    4.800330638885498,
    4.611332416534424,
    3.922809600830078,
    4.081670761108398,
    4.224943161010742,
    4.280416011810303,
    3.90761137008667,
    4.238203048706055,
    4.4565277099609375,
    4.4353413581848145,
    4.2253098487854,
    4.287688732147217,
    4.075888633728027,
    3.8865153789520264,
    3.781557321548462,
    4.008781909942627,
    4.050907135009766,
    3.8156375885009766,
    4.078162670135498,
    3.880450487136841,
    3.9259324073791504,
    4.315826892852783,
    4.208611488342285,
    3.8324837684631348,
    4.304158687591553,
    4.336782932281494,
    4.038120746612549,
    3.728156566619873,
    3.6790812015533447,
    3.540787935256958,
    3.96205472946167,
    4.0648088455200195,
    3.930030345916748,
    4.073880672454834,
    4.250649452209473,
    4.255519390106201,
    4.039552688598633,
    4.16630744934082,
    4.114604473114014,
    4.171472072601318,
    4.107201099395752,
    3.4881577491760254,
    2.8736207485198975,
    2.921459674835205,
    3.4603893756866455,
    3.7935352325439453,
    3.4657349586486816,
    3.336014747619629,
    3.571179151535034,
    3.789564847946167,
    3.9629955291748047,
    3.824187994003296,
    3.709386110305786,
    3.544227123260498,
    3.588636875152588,
    3.360236883163452,
    3.553053617477417,
    3.453442096710205,
    3.375680446624756,
    3.5251612663269043,
    3.351839542388916,
    3.5554075241088867,
    3.71431565284729,
    3.8135576248168945,
    3.626584768295288,
    3.406869411468506,
    3.156554937362671,
    3.084848642349243,
    3.351639986038208,
    3.4340524673461914,
    3.512418746948242,
    3.4680588245391846,
    3.446349859237671,
    3.703822612762451,
    3.912168264389038,
    3.906691551208496,
    3.851107358932495,
    3.8872311115264893,
    4.006153106689453,
    3.6189141273498535,
    3.319542646408081,
    3.549219846725464,
    3.8441262245178223,
    3.426788091659546,
    3.0051727294921875,
    3.0238265991210938,
    3.222618818283081,
    3.2591257095336914,
    3.4608311653137207,
    3.662097454071045,
    3.81684947013855,
    3.491380214691162,
    3.2528998851776123,
    3.3387022018432617,
    3.750089406967163,
    3.805051803588867,
    3.8291330337524414,
    3.608566999435425,
    3.367739200592041,
    3.436436891555786,
    3.7084038257598877,
    3.336621046066284,
    3.1067910194396973,
    3.358424663543701,
    3.8601911067962646,
    3.9060099124908447,
    3.850754976272583,
    3.7019736766815186,
    3.8627982139587402,
    3.903128147125244,
    3.680769205093384,
    3.5951802730560303,
    3.809335708618164,
    3.228710412979126,
    2.9532339572906494,
    3.2258269786834717,
    3.144505500793457,
    3.3156075477600098,
    3.2167372703552246,
    3.123816967010498,
    3.2036538124084473,
    3.1020843982696533,
    3.257629632949829,
    3.4593207836151123,
    3.4660086631774902,
    3.144566059112549,
    3.079608917236328,
    3.207265615463257,
    3.4537816047668457,
    3.4387521743774414,
    3.4692511558532715,
    3.5652105808258057,
    3.549757242202759,
    3.3983235359191895,
    3.5015954971313477,
    3.5628411769866943,
    3.648613452911377,
    3.6025302410125732,
    3.6673331260681152,
    3.5011463165283203,
    3.6588590145111084,
    3.771538496017456,
    3.6530115604400635,
    3.514458417892456,
    3.419492244720459,
    3.3713786602020264,
    3.453836441040039,
    3.344221591949463,
    3.445474863052368,
    3.6216559410095215,
    3.482365369796753,
    3.2893004417419434,
    3.5689234733581543,
    3.8095152378082275,
    3.644782543182373,
    3.3643152713775635,
    3.401458978652954,
    3.5170791149139404,
    3.309723138809204,
    3.361232280731201,
    3.3116698265075684,
    3.5160491466522217,
    3.5203797817230225,
    3.2028656005859375,
    3.3124613761901855,
    3.4431121349334717,
    3.464911699295044,
    3.5814054012298584,
    3.6434977054595947,
    3.3941757678985596,
    3.4621353149414062,
    3.646606206893921,
    3.4056615829467773,
    3.373326301574707,
    3.2078723907470703,
    3.41550874710083,
    3.226370096206665,
    3.4235119819641113,
    3.5912177562713623,
    3.6098709106445312,
    3.5066277980804443,
    3.699213981628418,
    4.013199806213379,
    4.195590019226074,
    4.257220268249512,
    4.067697048187256,
    3.672426462173462,
    3.326167106628418,
    3.2898991107940674,
    3.3786990642547607,
    3.367903709411621,
    3.192776679992676,
    3.233484983444214,
    3.297988176345825,
    3.4879355430603027,
    3.4604763984680176,
    3.335998296737671,
    3.4232430458068848,
    3.4613125324249268,
    3.5201478004455566,
    3.519315242767334,
    3.4945600032806396,
    3.4043242931365967,
    2.909252405166626,
    3.3840861320495605,
    3.691995143890381,
    3.0952441692352295,
    2.931596517562866,
    2.8258121013641357,
    3.0537397861480713,
    3.338505268096924,
    3.2729973793029785,
    3.272441864013672,
    3.371943235397339,
    3.413114309310913,
    3.5986313819885254,
    3.6869852542877197,
    3.160006046295166,
    2.831723690032959,
    2.647688627243042,
    2.7991626262664795,
    2.9997975826263428,
    3.0318892002105713,
    2.9365346431732178,
    2.9656288623809814,
    3.218996286392212,
    3.342163324356079,
    3.4567031860351562,
    3.4176948070526123,
    3.567448854446411,
    3.246222496032715,
    3.5648889541625977,
    3.3069210052490234,
    3.306771755218506,
    3.5323283672332764,
    3.3720169067382812,
    3.469412088394165,
    3.4912326335906982,
    3.617830753326416,
    3.603320598602295,
    3.7085976600646973,
    3.7986462116241455,
    3.8248355388641357,
    3.4475061893463135,
    3.6059184074401855,
    3.585477352142334,
    3.537585735321045,
    3.590883255004883,
    3.6546969413757324,
    3.524341344833374,
    3.433713674545288,
    3.4464123249053955,
    3.6200473308563232,
    3.4342377185821533,
    3.423870325088501,
    3.397050380706787,
    3.204078435897827,
    3.539372444152832,
    3.4011075496673584,
    3.386859655380249,
    3.1777851581573486,
    3.125427484512329,
    3.066743850708008,
    3.127638339996338,
    3.0856359004974365,
    3.211124897003174,
    3.2090351581573486,
    3.4628546237945557,
    3.2750179767608643,
    3.1604056358337402,
    3.193495750427246,
    3.2891108989715576,
    3.311755895614624,
    3.129786968231201,
    3.285010814666748,
    3.280107259750366,
    3.169161081314087,
    3.2606992721557617,
    3.398146629333496,
    3.150233507156372,
    3.139706611633301,
    3.0201621055603027,
    3.2589306831359863,
    3.281885862350464,
    3.27083683013916,
    3.3681676387786865,
    3.3449816703796387,
    3.0547854900360107,
    3.1702592372894287,
    3.2633168697357178,
    3.303075075149536,
    3.4014296531677246,
    3.4888718128204346,
    3.5163941383361816,
    3.4939675331115723,
    3.2732996940612793,
    3.098146677017212,
    3.159034013748169,
    3.2481632232666016,
    3.250081777572632,
    2.9539036750793457,
    3.3389103412628174,
    3.538701295852661,
    3.5334606170654297,
    3.1057074069976807,
    2.8293941020965576,
    3.163383960723877,
    3.25014066696167,
    3.4949398040771484,
    3.8464534282684326,
    3.7562127113342285,
    3.4731194972991943,
    3.592571973800659,
    3.695784568786621,
    3.7317214012145996,
