{
  "name": "hat_d2d0045_500_ctx512",
  "seed": 42,
  "n_states": 256,
  "sigma_c2c": 0.0,
  "sigma_d2d": 0.045,
  "analog_layers": [
    0,
    1,
    2,
    3,
    4,
    5,
    6,
    7,
    8,
    9,
    10,
    11,
    12,
    13,
    14,
    15,
    16,
    17,
    18,
    19,
    20,
    21,
    22,
    23
  ],
  "lr": 1e-05,
  "max_steps": 500,
  "ppl_before": 1139.7433168315747,
  "ppl_after": 35.42623285312022,
  "losses": [
    7.664281845092773,
    6.824843406677246,
    6.634164810180664,
    7.327683925628662,
    6.306324481964111,
    6.183629512786865,
    6.00508975982666,
    5.652839660644531,
    5.381643295288086,
    5.546733379364014,
    5.893640041351318,
    5.5602498054504395,
    5.346030235290527,
    5.6177897453308105,
    5.374096393585205,
    5.325421333312988,
    5.561217784881592,
    5.311728000640869,
    4.982517242431641,
    4.974976539611816,
    4.988710880279541,
    4.880554676055908,
    4.787698745727539,
    5.073648452758789,
    4.997679233551025,
    5.095784664154053,
    5.346434593200684,
    5.016760349273682,
    4.806190013885498,
    5.104428768157959,
    5.304944038391113,
    4.901522636413574,
    4.6045122146606445,
    4.445732593536377,
    4.36103630065918,
    4.704128742218018,
    4.781473159790039,
    4.7128143310546875,
    4.863166332244873,
    5.142557144165039,
    4.9639129638671875,
    4.963447570800781,
    4.9366559982299805,
    4.918920993804932,
    5.100708961486816,
    4.854215145111084,
    4.567888259887695,
    4.097982883453369,
    3.644362211227417,
    4.26721715927124,
    4.665487289428711,
    4.161218166351318,
    4.245499610900879,
    4.518880844116211,
    4.729340553283691,
    4.936472415924072,
    4.615638256072998,
    4.579830169677734,
    4.619202136993408,
    4.642569541931152,
    4.2524895668029785,
    4.272953510284424,
    4.3843092918396,
    4.200748920440674,
    4.292568683624268,
    4.199677467346191,
    4.511007785797119,
    4.647216320037842,
    4.475753307342529,
    4.420863151550293,
    4.127228736877441,
    3.8900504112243652,
    3.808488130569458,
    4.152474880218506,
    4.094601154327393,
    4.318177700042725,
    4.399055480957031,
    4.328294277191162,
    4.457267761230469,
    4.508419513702393,
    4.444642543792725,
    4.498266696929932,
    4.449910640716553,
    4.600756645202637,
    4.361891746520996,
    3.9808437824249268,
    4.096624374389648,
    4.494385719299316,
    4.322390556335449,
    3.696937084197998,
    3.5157358646392822,
    3.7741010189056396,
    3.8872241973876953,
    4.007382392883301,
    4.286440372467041,
    4.4128313064575195,
    4.0103302001953125,
    3.827451229095459,
    4.016079902648926,
    4.301075458526611,
    4.39526891708374,
    4.31549072265625,
    4.204949378967285,
    4.044378757476807,
    3.976923704147339,
    4.445217132568359,
    4.104238510131836,
    3.704979181289673,
    4.060186862945557,
    4.597905158996582,
    4.822398662567139,
    4.443424701690674,
    4.422924041748047,
    4.4775543212890625,
    4.629132270812988,
    4.409907341003418,
    4.312592506408691,
    4.475041389465332,
    3.9003872871398926,
    3.5702154636383057,
    3.652639865875244,
    3.5560996532440186,
    3.771890163421631,
    3.696781873703003,
    3.77629017829895,
    3.940260410308838,
    3.636444568634033,
    3.7554397583007812,
    4.05715799331665,
    4.193107604980469,
    3.9421777725219727,
    3.789984941482544,
    3.890946865081787,
    3.981753349304199,
    4.0482025146484375,
    4.1623334884643555,
    4.051459312438965,
    4.036018371582031,
    4.011285781860352,
    4.029504299163818,
    4.133098125457764,
    4.18724250793457,
    4.059130668640137,
    4.0909600257873535,
    4.043054580688477,
    4.176882743835449,
    4.281475067138672,
    4.158647060394287,
    4.041311740875244,
    3.8569233417510986,
    3.8257763385772705,
    3.8633956909179688,
    3.9164867401123047,
    3.9696044921875,
    4.077637195587158,
    4.091622352600098,
    3.779224395751953,
    4.090635776519775,
    4.293834686279297,
    4.099954128265381,
    3.9234530925750732,
    3.896257162094116,
    3.90016508102417,
    3.906399726867676,
    3.7164719104766846,
    3.808424949645996,
    4.023861408233643,
    4.00955867767334,
    3.5524306297302246,
    3.750685214996338,
    3.8166518211364746,
    3.805634021759033,
    4.012562274932861,
    4.064667224884033,
    3.9044981002807617,
    3.962472915649414,
    4.082154750823975,
    3.831536293029785,
    3.794039487838745,
    3.7340657711029053,
    3.9350929260253906,
    3.7484781742095947,
    3.99627423286438,
    4.021608829498291,
    4.091569900512695,
    4.12216854095459,
    4.204559326171875,
    4.565118312835693,
    4.756220817565918,
    4.73374605178833,
    4.548366069793701,
    4.182238578796387,
    3.7740209102630615,
    3.642825126647949,
    3.932368755340576,
    3.8110599517822266,
    3.6472320556640625,
    3.823317289352417,
    3.949925661087036,
    3.927959680557251,
    3.9133403301239014,
    3.7493767738342285,
    3.8662049770355225,
    3.9875664710998535,
    3.984140157699585,
    3.9088938236236572,
    3.963899612426758,
    3.9060733318328857,
    3.5038602352142334,
    3.8655312061309814,
    4.013474941253662,
    3.5296919345855713,
    3.3151535987854004,
    3.260129690170288,
    3.4132726192474365,
    3.7187349796295166,
    3.739442825317383,
    3.6678733825683594,
    3.7900726795196533,
    3.8082141876220703,
    4.003701686859131,
    4.090868949890137,
    3.6689741611480713,
    3.348336696624756,
    3.2086451053619385,
    3.443169355392456,
    3.5560879707336426,
    3.668734073638916,
    3.567117214202881,
    3.4293606281280518,
    3.6997225284576416,
    3.8827333450317383,
    3.9650397300720215,
    4.12949275970459,
    4.062707424163818,
    3.7676022052764893,
    3.98073148727417,
    3.814746618270874,
    3.825857400894165,
    3.958282947540283,
    3.7577435970306396,
    3.8125715255737305,
    4.012919902801514,
    3.896801471710205,
    3.9010913372039795,
    4.077946186065674,
    4.36159086227417,
    4.194384574890137,
    3.9071922302246094,
    3.8468453884124756,
    3.899322748184204,
    3.96988582611084,
    4.1198954582214355,
    4.150676250457764,
    3.9111239910125732,
    3.899838447570801,
    3.8358824253082275,
    4.140131950378418,
    3.8626179695129395,
    3.84549617767334,
    3.922788619995117,
    3.6158447265625,
    4.05311918258667,
    3.8940272331237793,
    3.8956916332244873,
    3.6490910053253174,
    3.6019022464752197,
    3.6844282150268555,
    3.6680426597595215,
    3.6235105991363525,
    3.7598187923431396,
    3.701108932495117,
    3.978936195373535,
    3.7452034950256348,
    3.692629098892212,
    3.7869784832000732,
    3.759115219116211,
    3.6082816123962402,
    3.5693793296813965,
    3.6374967098236084,
    3.7508788108825684,
    3.5737648010253906,
    3.789999485015869,
    3.869724750518799,
    3.67061710357666,
    3.5716445446014404,
    3.39729905128479,
    3.759401798248291,
    3.7648210525512695,
    3.6653239727020264,
    3.909414052963257,
    3.88169527053833,
    3.4103009700775146,
    3.6582584381103516,
    3.7374331951141357,
    3.73732328414917,
    3.818984031677246,
    3.8107643127441406,
    3.95041561126709,
    3.914755344390869,
    3.621631145477295,
    3.3933663368225098,
    3.5002849102020264,
    3.5880515575408936,
    3.651679277420044,
    3.455615758895874,
    3.754596471786499,
    4.064696788787842,
    3.9371469020843506,
    3.6204488277435303,
    3.389932870864868,
    3.729886293411255,
    3.7819607257843018,
    3.952228307723999,
    4.232686519622803,
    4.177140235900879,
    4.026638507843018,
    4.016801357269287,
    4.081667423248291,
    4.130351543426514,
    4.247537612915039,
    3.9448208808898926,
    3.8992605209350586,
    3.894155263900757,
    3.7918214797973633,
