{
  "name": "hat_d2d002_last4_500_ctx512",
  "seed": 42,
  "n_states": 256,
  "sigma_c2c": 0.0,
  "sigma_d2d": 0.02,
  "analog_layers": [
    20,
    21,
    22,
    23
  ],
  "lr": 1e-05,
  "max_steps": 500,
  "ppl_before": 29.266476217110355,
  "ppl_after": 19.335102201441334,
  "losses": [
    3.3669707775115967,
    3.548367977142334,
    3.709287166595459,
    3.910918712615967,
    3.685277223587036,
    3.631258726119995,
    3.488393783569336,
    3.1259188652038574,
    3.2510485649108887,
    3.4534502029418945,
    3.4033100605010986,
    3.1041183471679688,
    3.4415059089660645,
    3.654909133911133,
    3.4034156799316406,
    3.4386444091796875,
    3.3339788913726807,
    3.0168001651763916,
    3.0027236938476562,
    3.1237356662750244,
    3.3540210723876953,
    3.321566581726074,
    3.080902576446533,
    3.3071815967559814,
    3.163841962814331,
    3.194505453109741,
    3.6455702781677246,
    3.5589752197265625,
    3.0936219692230225,
    3.343294620513916,
    3.58597731590271,
    3.4378654956817627,
    3.137442111968994,
    3.025392770767212,
    2.909003496170044,
    3.1523563861846924,
    3.189631223678589,
    3.2943365573883057,
    3.3612060546875,
    3.3272621631622314,
    3.4848673343658447,
    3.3302178382873535,
    3.4134979248046875,
    3.5435922145843506,
    3.585264205932617,
    3.3927876949310303,
    2.9285247325897217,
    2.3214304447174072,
    2.254035234451294,
    2.8658297061920166,
    3.143871307373047,
    2.90104603767395,
    2.74994158744812,
    3.135817766189575,
    3.0681607723236084,
    3.103496789932251,
    3.2615861892700195,
    3.1178431510925293,
    2.8386013507843018,
    2.8947200775146484,
    2.8561956882476807,
    2.81376051902771,
    2.789241313934326,
    2.7251110076904297,
    2.6986687183380127,
    2.708386182785034,
    2.926386594772339,
    3.199713706970215,
    3.121915578842163,
    2.9633140563964844,
    2.8148419857025146,
    2.5365984439849854,
    2.6108040809631348,
    2.886934518814087,
    2.86722731590271,
    2.8478305339813232,
    2.7334651947021484,
    2.6213574409484863,
    3.0500223636627197,
    3.4803168773651123,
    3.3515892028808594,
    3.394505739212036,
    3.467438220977783,
    3.536618232727051,
    3.1737797260284424,
    2.8947043418884277,
    3.027906894683838,
    3.2729170322418213,
    3.0021626949310303,
    2.6285674571990967,
    2.4504804611206055,
    2.7311863899230957,
    2.881193161010742,
    2.9012537002563477,
    3.1860456466674805,
    3.339531660079956,
    2.978386402130127,
    2.6604714393615723,
    2.960223436355591,
    3.329400062561035,
    3.2316980361938477,
    3.2100210189819336,
    3.111396074295044,
    3.005441904067993,
    2.990952491760254,
    3.2350316047668457,
    2.653937816619873,
    2.540417432785034,
    2.8539679050445557,
    3.1343393325805664,
    3.165295124053955,
    3.1261820793151855,
    3.0995841026306152,
    3.273472547531128,
    3.347733974456787,
    3.1259164810180664,
    3.0682718753814697,
    3.2301831245422363,
    2.770538568496704,
    2.5236775875091553,
    2.6738994121551514,
    2.7056260108947754,
    2.8251137733459473,
    2.7661972045898438,
    2.7571942806243896,
    2.8666653633117676,
    2.770857572555542,
    2.7491347789764404,
    2.9925854206085205,
    2.99898624420166,
    2.52423357963562,
    2.5862550735473633,
    2.7406702041625977,
    2.9051897525787354,
    2.8175437450408936,
    2.9714791774749756,
    3.2213807106018066,
    3.142075777053833,
    3.1540000438690186,
    3.1244843006134033,
    3.169942855834961,
    3.192723035812378,
    3.204515218734741,
    3.2497165203094482,
    3.141530990600586,
    3.356625556945801,
    3.472899913787842,
    3.2975685596466064,
    3.207634925842285,
    3.138927936553955,
    3.080350637435913,
    3.0566635131835938,
    3.006690263748169,
    3.1667518615722656,
    3.279468297958374,
    3.1614794731140137,
    2.886566162109375,
    3.1982479095458984,
    3.3794007301330566,
    3.153355121612549,
    2.9019155502319336,
    3.0241129398345947,
    3.2264606952667236,
    3.0557734966278076,
    2.97145676612854,
    3.001232624053955,
    3.226813316345215,
    3.165100336074829,
    2.921574592590332,
    3.0510270595550537,
    3.1472954750061035,
    3.1810851097106934,
    3.255091428756714,
    3.3876993656158447,
    3.1672091484069824,
    3.101457118988037,
    3.2912187576293945,
    3.1339924335479736,
    2.9457991123199463,
    2.901628017425537,
    2.8843367099761963,
    2.8670403957366943,
    3.1042888164520264,
    3.2246317863464355,
    3.2349538803100586,
    3.1863462924957275,
    3.354541301727295,
    3.6259965896606445,
    3.664217710494995,
    3.8536758422851562,
    3.6447858810424805,
    3.34731388092041,
    2.9942755699157715,
    2.85800838470459,
    3.0752480030059814,
    2.9728450775146484,
    2.743950366973877,
    2.9671051502227783,
    3.0061721801757812,
    3.0419251918792725,
    3.1594152450561523,
    3.029168128967285,
    3.1318769454956055,
    3.1302621364593506,
    3.246021270751953,
    3.0270586013793945,
    3.111499071121216,
    3.1140897274017334,
    2.648223638534546,
    3.106210231781006,
    3.404559850692749,
    2.8756563663482666,
    2.652534246444702,
    2.57208514213562,
    2.7686612606048584,
    3.034839630126953,
    2.9508121013641357,
    2.952820062637329,
    3.141817569732666,
    3.1389598846435547,
    3.297126293182373,
    3.3594470024108887,
    2.8446204662323,
    2.4353718757629395,
    2.3191659450531006,
    2.4891960620880127,
    2.608098030090332,
    2.638345241546631,
    2.629589080810547,
    2.6243205070495605,
    2.8730595111846924,
    3.058825969696045,
    2.938410758972168,
    3.034803628921509,
    3.1712491512298584,
    2.921044111251831,
    3.2201013565063477,
    2.947375535964966,
    2.969994306564331,
    3.2602298259735107,
    3.054337501525879,
    3.079023599624634,
    3.2363977432250977,
    3.3415725231170654,
    3.286733627319336,
    3.3750269412994385,
    3.5423285961151123,
    3.5658085346221924,
    3.2303361892700195,
    3.3497235774993896,
    3.354414463043213,
    3.326087474822998,
    3.3143651485443115,
    3.397615671157837,
    3.254319667816162,
    3.2274560928344727,
    3.229487895965576,
    3.410738229751587,
    3.223979949951172,
    3.1456289291381836,
    3.031776189804077,
    2.7960240840911865,
    3.2033817768096924,
    3.0693488121032715,
    3.083639144897461,
    2.807121992111206,
    2.7886626720428467,
    2.7463436126708984,
    2.783384323120117,
    2.8157997131347656,
    2.907505750656128,
    2.8917043209075928,
    3.0939369201660156,
    2.881699562072754,
    2.764636516571045,
    2.8178086280822754,
    2.877784252166748,
    2.970506191253662,
    2.8960704803466797,
    2.9692111015319824,
    2.9979584217071533,
    2.8919601440429688,
    3.0258026123046875,
    3.05307674407959,
    2.837517023086548,
    2.8861894607543945,
    2.7516446113586426,
    3.034116268157959,
    2.958848237991333,
    2.932340145111084,
    3.103823661804199,
    3.036266565322876,
    2.787229537963867,
    2.864170789718628,
    2.9320387840270996,
    3.0460145473480225,
    3.0386385917663574,
    3.1583034992218018,
    3.2844762802124023,
    3.170872449874878,
    2.9566187858581543,
    2.8259007930755615,
    2.9175093173980713,
    3.055650234222412,
    2.9857027530670166,
    2.8824071884155273,
    3.1401658058166504,
    3.224255084991455,
    3.2182047367095947,
    2.7551047801971436,
    2.443413257598877,
    2.844805955886841,
    2.863635301589966,
    3.164029836654663,
    3.4832653999328613,
    3.4951865673065186,
    3.182098150253296,
    3.268279790878296,
    3.3692827224731445,
    3.343538999557495,
    3.2839550971984863,
    3.0115318298339844,
    2.998979330062866,
    3.110132932662964,
    3.123427629470825,
    3.140676975250244,
    3.211317300796509,
