{
  "name": "hat_d2d002_500_ctx512",
  "seed": 456,
  "n_states": 256,
  "sigma_c2c": 0.0,
  "sigma_d2d": 0.02,
  "analog_layers": [
    0,
    1,
    2,
    3,
    4,
    5,
    6,
    7,
    8,
    9,
    10,
    11,
    12,
    13,
    14,
    15,
    16,
    17,
    18,
    19,
    20,
    21,
    22,
    23
  ],
  "lr": 1e-05,
  "max_steps": 500,
  "ppl_before": 87.27836235983615,
  "ppl_after": 22.536465346779462,
  "losses": [
    4.756565570831299,
    4.466286659240723,
    4.583460330963135,
    4.894498348236084,
    4.21236515045166,
    4.414689540863037,
    4.045039176940918,
    3.790522336959839,
    3.6215500831604004,
    3.936100721359253,
    3.910921096801758,
    3.662874221801758,
    3.909724712371826,
    4.206607341766357,
    3.975048542022705,
    3.9278717041015625,
    3.8324134349823,
    3.731806755065918,
    3.568864583969116,
    3.632256507873535,
    3.682474374771118,
    3.79612135887146,
    3.4104247093200684,
    3.7252743244171143,
    3.7064130306243896,
    3.7271411418914795,
    4.111376762390137,
    4.00151252746582,
    3.524491310119629,
    3.7151243686676025,
    3.9358205795288086,
    3.773691415786743,
    3.5463693141937256,
    3.4614219665527344,
    3.1834022998809814,
    3.622298240661621,
    3.726168394088745,
    3.663590431213379,
    3.8023428916931152,
    3.9359679222106934,
    3.8323628902435303,
    3.7601373195648193,
    3.8058578968048096,
    3.9511280059814453,
    4.008533954620361,
    3.7927908897399902,
    3.3091304302215576,
    2.65791392326355,
    2.7044456005096436,
    3.146926164627075,
    3.5215206146240234,
    3.2923593521118164,
    3.132664918899536,
    3.4859681129455566,
    3.572896957397461,
    3.6442995071411133,
    3.6436052322387695,
    3.525239944458008,
    3.256526231765747,
    3.334834575653076,
    3.1762852668762207,
    3.1836516857147217,
    3.2519147396087646,
    3.1708414554595947,
    3.167358160018921,
    3.1628258228302,
    3.357548713684082,
    3.605717658996582,
    3.4783151149749756,
    3.311950206756592,
    3.136483907699585,
    2.9016878604888916,
    2.953244924545288,
    3.1401870250701904,
    3.3133130073547363,
    3.406569719314575,
    3.223867654800415,
    3.1688015460968018,
    3.561169147491455,
    3.7059476375579834,
    3.6782302856445312,
    3.659546136856079,
    3.679435968399048,
    3.8229429721832275,
    3.425602436065674,
    3.1735787391662598,
    3.3706605434417725,
    3.6760406494140625,
    3.3322243690490723,
    2.931844472885132,
    2.7594285011291504,
    3.0159873962402344,
    3.192401885986328,
    3.2133944034576416,
    3.4929141998291016,
    3.559839963912964,
    3.2639482021331787,
    3.0200273990631104,
    3.2555673122406006,
    3.5445852279663086,
    3.551140785217285,
    3.53620982170105,
    3.412078619003296,
    3.260265827178955,
    3.2521064281463623,
    3.682015895843506,
    3.0666375160217285,
    2.835968017578125,
    3.1728978157043457,
    3.549323558807373,
    3.678391218185425,
    3.5235111713409424,
    3.3954317569732666,
    3.549955129623413,
    3.7305908203125,
    3.4810867309570312,
    3.3907175064086914,
    3.555936336517334,
    3.0683975219726562,
    2.765165328979492,
    2.983203411102295,
    2.9535725116729736,
    3.0508296489715576,
    2.9693603515625,
    2.999818801879883,
    3.137169599533081,
    2.9688222408294678,
    3.0511579513549805,
    3.291625499725342,
    3.248095989227295,
    2.862048387527466,
    2.933379650115967,
    3.035953998565674,
    3.149749994277954,
    3.192122459411621,
    3.2853314876556396,
    3.4290215969085693,
    3.4333531856536865,
    3.311081886291504,
    3.3216328620910645,
    3.3599493503570557,
    3.4315099716186523,
    3.4074246883392334,
    3.4821901321411133,
    3.4371254444122314,
    3.5796477794647217,
    3.7515175342559814,
    3.5335938930511475,
    3.4104418754577637,
    3.3135790824890137,
    3.1717474460601807,
    3.310802936553955,
    3.2266807556152344,
    3.325359582901001,
    3.472313165664673,
    3.3637707233428955,
    3.0949926376342773,
    3.426168918609619,
    3.594794750213623,
    3.434873342514038,
    3.1352124214172363,
    3.186227560043335,
    3.3641064167022705,
    3.22888445854187,
    3.153334617614746,
    3.1920018196105957,
    3.4772517681121826,
    3.382550001144409,
    3.1171250343322754,
    3.2448654174804688,
    3.30191969871521,
    3.343717575073242,
    3.468578815460205,
    3.584503412246704,
    3.3566815853118896,
    3.2827847003936768,
    3.492854118347168,
    3.2829558849334717,
    3.15390682220459,
    3.1041953563690186,
    3.2287237644195557,
    3.0880253314971924,
    3.2788918018341064,
    3.402285099029541,
    3.5102477073669434,
    3.462850570678711,
    3.5762882232666016,
    3.935429811477661,
    3.965707302093506,
    4.104624271392822,
    3.832711696624756,
    3.6398918628692627,
    3.308176279067993,
    3.1115407943725586,
    3.300609588623047,
    3.2234692573547363,
    3.0356760025024414,
    3.153801679611206,
    3.151768922805786,
    3.2601780891418457,
    3.387225866317749,
    3.2468883991241455,
    3.2948811054229736,
    3.335097074508667,
    3.371049165725708,
    3.297842025756836,
    3.375962018966675,
    3.3161938190460205,
    2.884169101715088,
    3.286367654800415,
    3.5448756217956543,
    3.003038167953491,
    2.777134895324707,
    2.7103431224823,
    2.946864366531372,
    3.225858449935913,
    3.140225887298584,
    3.110900402069092,
    3.2572576999664307,
    3.275798797607422,
    3.4625244140625,
    3.5312724113464355,
    3.0190799236297607,
    2.716256856918335,
    2.5797553062438965,
    2.783212423324585,
    2.804309844970703,
    2.845728635787964,
    2.8302907943725586,
    2.851024866104126,
    3.0824086666107178,
    3.2767910957336426,
    3.2303550243377686,
    3.228928327560425,
    3.4219717979431152,
    3.1527156829833984,
    3.4390156269073486,
    3.1152918338775635,
    3.1179513931274414,
    3.4526007175445557,
    3.2305026054382324,
    3.27398419380188,
    3.432615041732788,
    3.572431802749634,
    3.498274326324463,
    3.6017088890075684,
    3.729271650314331,
    3.748152494430542,
    3.418466806411743,
    3.4803972244262695,
    3.5116467475891113,
    3.3882393836975098,
    3.5568110942840576,
    3.5805766582489014,
    3.4648499488830566,
    3.3198156356811523,
    3.3763225078582764,
    3.6013238430023193,
    3.4103293418884277,
    3.254911422729492,
    3.164865493774414,
    2.9903621673583984,
    3.4161336421966553,
    3.318826913833618,
    3.317599296569824,
    3.0255558490753174,
    2.9600584506988525,
    2.967947006225586,
    2.952204704284668,
    3.01423978805542,
    3.0941176414489746,
    3.0878896713256836,
    3.327172040939331,
    3.139559268951416,
    2.9614925384521484,
    3.1169421672821045,
    3.1830708980560303,
    3.1235649585723877,
    2.992677688598633,
    3.1601176261901855,
    3.1812446117401123,
    3.127692699432373,
    3.193446159362793,
    3.2241063117980957,
    3.060307264328003,
    3.0208497047424316,
    2.8492588996887207,
    3.221728801727295,
    3.171011209487915,
    3.0545408725738525,
    3.2833428382873535,
    3.230177640914917,
    2.9521024227142334,
    3.133737802505493,
    3.178105354309082,
    3.1735098361968994,
    3.146939516067505,
    3.3225314617156982,
    3.405003786087036,
    3.387479543685913,
    3.0659852027893066,
    3.0254297256469727,
    3.1112403869628906,
    3.246137857437134,
    3.1175780296325684,
    2.9712514877319336,
    3.314195394515991,
    3.468190908432007,
    3.38664174079895,
    2.9640016555786133,
    2.63034725189209,
    2.940779685974121,
    3.132422924041748,
    3.3783693313598633,
    3.64327335357666,
    3.71521258354187,
    3.3732657432556152,
    3.4626264572143555,
    3.6029911041259766,
    3.487061023712158,
    3.4822838306427,
    3.3332600593566895,
    3.260241985321045,
