{
  "name": "hat_d2d002_last2_500_v2",
  "seed": 42,
  "n_states": 256,
  "sigma_c2c": 0.0,
  "sigma_d2d": 0.02,
  "analog_layers": [
    22,
    23
  ],
  "lr": 1e-05,
  "max_steps": 500,
  "retention_step_time": 0.0,
  "ppl_before": 24.8125582051437,
  "ppl_after": 18.827449081336624,
  "losses": [
    3.1815600395202637,
    3.370138168334961,
    3.6037306785583496,
    3.7931807041168213,
    3.549316883087158,
    3.5379886627197266,
    3.4115829467773438,
    3.073474168777466,
    3.102992534637451,
    3.331648826599121,
    3.3435580730438232,
    3.0719525814056396,
    3.290316581726074,
    3.5653603076934814,
    3.3127126693725586,
    3.3372304439544678,
    3.1550610065460205,
    2.884082555770874,
    2.9198174476623535,
    2.971336841583252,
    3.2225050926208496,
    3.226961374282837,
    3.004014015197754,
    3.25333571434021,
    3.1126346588134766,
    3.189530372619629,
    3.568488121032715,
    3.4788992404937744,
    2.9710123538970947,
    3.2477309703826904,
    3.500572681427002,
    3.291175603866577,
    3.0688438415527344,
    2.991915225982666,
    2.800124406814575,
    3.07732892036438,
    3.1171681880950928,
    3.2728371620178223,
    3.2557647228240967,
    3.295135974884033,
    3.45393967628479,
    3.3431575298309326,
    3.379826545715332,
    3.5298678874969482,
    3.5128397941589355,
    3.293339967727661,
    2.8366124629974365,
    2.2943224906921387,
    2.2113535404205322,
    2.7769062519073486,
    3.007103681564331,
    2.821063995361328,
    2.6603004932403564,
    3.060859441757202,
    3.0399091243743896,
    3.0292840003967285,
    3.1675338745117188,
    3.0473177433013916,
    2.7454957962036133,
    2.790257215499878,
    2.6910834312438965,
    2.7094991207122803,
    2.6837637424468994,
    2.616190195083618,
    2.5664360523223877,
    2.6359622478485107,
    2.8487355709075928,
    3.1445658206939697,
    2.9877700805664062,
    2.880779981613159,
    2.7305686473846436,
    2.480853796005249,
    2.4931933879852295,
    2.802473545074463,
    2.7717442512512207,
    2.7523934841156006,
    2.58817458152771,
    2.5265653133392334,
    2.964632511138916,
    3.4115397930145264,
    3.3290205001831055,
    3.3196423053741455,
    3.3754329681396484,
    3.5109715461730957,
    3.097433567047119,
    2.8239235877990723,
    2.9678566455841064,
    3.2267448902130127,
    2.945434808731079,
    2.5606679916381836,
    2.3714215755462646,
    2.6945295333862305,
    2.826385259628296,
    2.852982759475708,
    3.090149164199829,
    3.266810178756714,
    2.892301321029663,
    2.6456844806671143,
    2.910874128341675,
    3.247835159301758,
    3.2248780727386475,
    3.1411218643188477,
    3.0129318237304688,
    2.9373116493225098,
    2.911284923553467,
    3.1751186847686768,
    2.604870319366455,
    2.488262414932251,
    2.813026189804077,
    3.0525219440460205,
    3.118809700012207,
    3.0863590240478516,
    3.0359511375427246,
    3.222809076309204,
    3.2807130813598633,
    3.0577876567840576,
    3.009277105331421,
    3.2089896202087402,
    2.696423292160034,
    2.433732509613037,
    2.6454546451568604,
    2.6452512741088867,
    2.7154910564422607,
    2.6985549926757812,
    2.664219379425049,
    2.8085744380950928,
    2.6833958625793457,
    2.689927816390991,
    2.894895553588867,
    2.876596212387085,
    2.5577104091644287,
    2.5855133533477783,
    2.7409307956695557,
    2.865891456604004,
    2.764115333557129,
    2.94490122795105,
    3.162710189819336,
    3.112140655517578,
    3.0629706382751465,
    3.095519542694092,
    3.1295905113220215,
    3.1068685054779053,
    3.12199330329895,
    3.1776857376098633,
    3.089024066925049,
    3.3193774223327637,
    3.4439048767089844,
    3.250021457672119,
    3.192049264907837,
    3.070093870162964,
    2.992546796798706,
    3.0014593601226807,
    2.9154036045074463,
    3.090071678161621,
    3.247990369796753,
    3.1546669006347656,
    2.8531205654144287,
    3.116917133331299,
    3.2961368560791016,
    3.0477747917175293,
    2.8438122272491455,
    2.9315731525421143,
    3.1676595211029053,
    3.0266778469085693,
    2.9430012702941895,
    2.9729182720184326,
    3.150939702987671,
    3.136096239089966,
    2.8700528144836426,
    3.0299313068389893,
    3.111217498779297,
    3.168241262435913,
    3.2171616554260254,
    3.3255209922790527,
    3.122330665588379,
    3.0669946670532227,
    3.2671797275543213,
    3.089703321456909,
    2.8907358646392822,
    2.8938753604888916,
    2.8555409908294678,
    2.8475611209869385,
    3.0439682006835938,
    3.2325103282928467,
    3.2287940979003906,
    3.1840832233428955,
    3.331414222717285,
    3.586066722869873,
    3.608720064163208,
    3.7816874980926514,
    3.5440292358398438,
    3.2856879234313965,
    2.9294705390930176,
    2.7851648330688477,
    3.0410213470458984,
    2.910616159439087,
    2.733689069747925,
    2.93918776512146,
    2.9409263134002686,
    3.016167402267456,
    3.127587080001831,
    2.9719903469085693,
    3.1311745643615723,
    3.1158649921417236,
    3.1947102546691895,
    3.0493743419647217,
    3.0774471759796143,
    3.0664632320404053,
    2.6186563968658447,
    3.0476622581481934,
    3.351017713546753,
    2.868156671524048,
    2.637267827987671,
    2.5190467834472656,
    2.745192766189575,
    3.0148677825927734,
    2.9245991706848145,
    2.974351167678833,
    3.116701126098633,
    3.081200122833252,
    3.255411386489868,
    3.2995994091033936,
    2.7975921630859375,
    2.4073798656463623,
    2.249105453491211,
    2.3850951194763184,
    2.620044231414795,
    2.660580635070801,
    2.57584285736084,
    2.6171674728393555,
    2.8545854091644287,
    2.9763855934143066,
    2.851992130279541,
    2.9863553047180176,
    3.163255214691162,
    2.867602825164795,
    3.1953554153442383,
    2.8989579677581787,
    2.9800596237182617,
    3.2475063800811768,
    2.992975950241089,
    3.03863263130188,
    3.2309837341308594,
    3.3344600200653076,
    3.258518695831299,
    3.308539867401123,
    3.508042573928833,
    3.594248056411743,
    3.2072644233703613,
    3.272172212600708,
    3.334498167037964,
    3.264695167541504,
    3.3060450553894043,
    3.371490955352783,
    3.1810829639434814,
    3.168545961380005,
    3.1856861114501953,
    3.379950761795044,
    3.2059683799743652,
    3.1200881004333496,
    3.0052711963653564,
    2.7407047748565674,
    3.161189317703247,
    3.054044008255005,
    3.057964563369751,
    2.7528369426727295,
    2.7423295974731445,
    2.689974308013916,
    2.7384960651397705,
    2.799201011657715,
    2.8669326305389404,
    2.846940755844116,
    3.037745952606201,
    2.8862311840057373,
    2.772373676300049,
    2.83927583694458,
    2.8656299114227295,
    2.9438536167144775,
    2.846221923828125,
    2.9439940452575684,
    2.9498825073242188,
    2.8963611125946045,
    2.987924575805664,
    2.960319995880127,
    2.8091542720794678,
    2.84071683883667,
    2.714782238006592,
    2.9246294498443604,
    2.871532440185547,
    2.884077548980713,
    3.0750067234039307,
    2.974250555038452,
    2.751411199569702,
    2.787846326828003,
    2.8991806507110596,
    3.0301601886749268,
    3.0433175563812256,
    3.1428990364074707,
    3.2548084259033203,
    3.1394994258880615,
    2.8930747509002686,
    2.8663992881774902,
    2.9765095710754395,
    3.0776162147521973,
    2.936091899871826,
    2.8017873764038086,
    3.1440188884735107,
    3.1872401237487793,
    3.1283981800079346,
    2.7483794689178467,
    2.464369773864746,
    2.765073776245117,
    2.787308931350708,
    3.1194260120391846,
    3.514315366744995,
    3.46775221824646,
    3.0872132778167725,
    3.2492175102233887,
    3.385403871536255,
    3.35815167427063,
    3.1692042350769043,
    2.978311061859131,
    2.9622061252593994,
    3.0868146419525146,
    3.0956809520721436,
    3.099728584289551,
    3.1562461853027344,
