{
  "name": "hat_d2d002_last1_500_ctx512",
  "seed": 42,
  "n_states": 256,
  "sigma_c2c": 0.0,
  "sigma_d2d": 0.02,
  "analog_layers": [
    23
  ],
  "lr": 1e-05,
  "max_steps": 500,
  "ppl_before": 23.010244472973326,
  "ppl_after": 18.188448230799377,
  "losses": [
    3.0857510566711426,
    3.2933294773101807,
    3.5383498668670654,
    3.7246551513671875,
    3.4522125720977783,
    3.451329231262207,
    3.320873737335205,
    3.0214219093322754,
    3.0323410034179688,
    3.245630979537964,
    3.2647159099578857,
    2.9411542415618896,
    3.2155914306640625,
    3.5254950523376465,
    3.2407619953155518,
    3.232851266860962,
    3.0866308212280273,
    2.8196277618408203,
    2.8691539764404297,
    2.9803550243377686,
    3.177778482437134,
    3.2485334873199463,
    2.9411797523498535,
    3.185940742492676,
    3.072596788406372,
    3.1245217323303223,
    3.5273709297180176,
    3.4212465286254883,
    2.941863536834717,
    3.2030749320983887,
    3.4435606002807617,
    3.2736642360687256,
    3.049471378326416,
    2.9270992279052734,
    2.763580322265625,
    3.024717330932617,
    3.090439558029175,
    3.240506649017334,
    3.211564779281616,
    3.2519283294677734,
    3.4360790252685547,
    3.271162509918213,
    3.285585641860962,
    3.4112765789031982,
    3.441689968109131,
    3.2570862770080566,
    2.820714235305786,
    2.2632105350494385,
    2.170729398727417,
    2.7278404235839844,
    2.9750022888183594,
    2.790728807449341,
    2.6379613876342773,
    2.976682424545288,
    2.958007574081421,
    2.9315409660339355,
    3.1458933353424072,
    2.9781429767608643,
    2.690370559692383,
    2.72676157951355,
    2.693342924118042,
    2.657745599746704,
    2.625215530395508,
    2.567713737487793,
    2.535590887069702,
    2.5740201473236084,
    2.8138866424560547,
    3.0871243476867676,
    2.9767322540283203,
    2.8595635890960693,
    2.7205164432525635,
    2.4215548038482666,
    2.4528720378875732,
    2.765899896621704,
    2.7028064727783203,
    2.6871931552886963,
    2.5374186038970947,
    2.4849905967712402,
    2.979283094406128,
    3.4396414756774902,
    3.275308609008789,
    3.2684147357940674,
    3.339418649673462,
    3.4640390872955322,
    3.0532639026641846,
    2.796471357345581,
    2.9262959957122803,
    3.169154644012451,
    2.913175582885742,
    2.509071111679077,
    2.31402325630188,
    2.615805149078369,
    2.7933101654052734,
    2.8136579990386963,
    3.0452587604522705,
    3.206245183944702,
    2.845144748687744,
    2.56532883644104,
    2.8361945152282715,
    3.215461492538452,
    3.142155647277832,
    3.0886993408203125,
    2.9866960048675537,
    2.8963608741760254,
    2.884618043899536,
    3.123159170150757,
    2.518857002258301,
    2.4472010135650635,
    2.7637581825256348,
    3.001457929611206,
    3.052676200866699,
    3.000159978866577,
    2.977259635925293,
    3.1579525470733643,
    3.224033832550049,
    2.9995224475860596,
    2.94081449508667,
    3.1378636360168457,
    2.634063720703125,
    2.3871231079101562,
    2.595449447631836,
    2.6455068588256836,
    2.701484203338623,
    2.6289172172546387,
    2.6165053844451904,
    2.7386314868927,
    2.664130449295044,
    2.69924259185791,
    2.886594295501709,
    2.8472845554351807,
    2.431999683380127,
    2.502842903137207,
    2.6469240188598633,
    2.8446505069732666,
    2.749847650527954,
    2.8771793842315674,
    3.1197280883789062,
    3.0727040767669678,
    3.0568342208862305,
    3.046550750732422,
    3.071474552154541,
    3.073622226715088,
    3.0798702239990234,
    3.159550666809082,
    3.01891827583313,
    3.2608754634857178,
    3.3919241428375244,
    3.2074835300445557,
    3.128316640853882,
    3.0403287410736084,
    2.964543342590332,
    2.9696223735809326,
    2.8936636447906494,
    3.0546016693115234,
    3.21815824508667,
    3.0900397300720215,
    2.8207826614379883,
    3.109668016433716,
    3.2547719478607178,
    3.009822130203247,
    2.795241594314575,
    2.890209436416626,
    3.1052541732788086,
    2.981313467025757,
    2.909327268600464,
    2.9218926429748535,
    3.1354920864105225,
    3.087047815322876,
    2.8299636840820312,
    3.006471633911133,
    3.090113639831543,
    3.1210341453552246,
    3.1626174449920654,
    3.3154749870300293,
    3.0918009281158447,
    3.0322115421295166,
    3.2033169269561768,
    3.0423409938812256,
    2.8550803661346436,
    2.8314688205718994,
    2.8336119651794434,
    2.790299415588379,
    2.9871835708618164,
    3.1944944858551025,
    3.200944185256958,
    3.125183343887329,
    3.2621142864227295,
    3.5589661598205566,
    3.600106716156006,
    3.7397801876068115,
    3.5354368686676025,
    3.2705557346343994,
    2.896934986114502,
    2.767493963241577,
    3.040830612182617,
    2.907189130783081,
    2.6671817302703857,
    2.8727517127990723,
    2.9181766510009766,
    2.999210834503174,
    3.084804058074951,
    2.946601629257202,
    3.0774145126342773,
    3.0477583408355713,
    3.1234066486358643,
    2.9751956462860107,
    3.036400318145752,
    3.0124011039733887,
    2.597043514251709,
    3.051321506500244,
    3.3546950817108154,
    2.827396869659424,
    2.593296766281128,
    2.4978420734405518,
    2.66561222076416,
    2.9685540199279785,
    2.8761658668518066,
    2.918657064437866,
    3.0638794898986816,
    3.049168348312378,
    3.2082509994506836,
    3.249429702758789,
    2.757485866546631,
    2.3759028911590576,
    2.2213611602783203,
    2.3417677879333496,
    2.525001287460327,
    2.5875046253204346,
    2.498296022415161,
    2.5601747035980225,
    2.803999662399292,
    2.9501447677612305,
    2.8625898361206055,
    2.936851739883423,
    3.0980217456817627,
    2.8542027473449707,
    3.1307382583618164,
    2.8775205612182617,
    2.894984722137451,
    3.1954257488250732,
    2.977261543273926,
    2.99849796295166,
    3.1577465534210205,
    3.2868101596832275,
    3.2157256603240967,
    3.2850470542907715,
    3.475895643234253,
    3.5359036922454834,
    3.1690754890441895,
    3.2672181129455566,
    3.2853927612304688,
    3.243767023086548,
    3.266099452972412,
    3.337613105773926,
    3.1711325645446777,
    3.1252708435058594,
    3.1406829357147217,
    3.352771282196045,
    3.168597459793091,
    3.0640389919281006,
    2.9483249187469482,
    2.6856486797332764,
    3.0910401344299316,
    2.9727604389190674,
    3.0071299076080322,
    2.7524495124816895,
    2.700202703475952,
    2.6811583042144775,
    2.666410446166992,
    2.7527849674224854,
    2.843857765197754,
    2.8196210861206055,
    2.9934422969818115,
    2.798441171646118,
    2.685481309890747,
    2.778846263885498,
    2.8207790851593018,
    2.8845229148864746,
    2.8412132263183594,
    2.9091084003448486,
    2.8923027515411377,
    2.854747772216797,
    2.9451801776885986,
    2.92799711227417,
    2.7716307640075684,
    2.817124128341675,
    2.703035593032837,
    2.9276528358459473,
    2.8578877449035645,
    2.8583173751831055,
    3.0211472511291504,
    2.9558727741241455,
    2.7180211544036865,
    2.7763030529022217,
    2.896819829940796,
    2.988044261932373,
    3.005645513534546,
    3.1112120151519775,
    3.2405333518981934,
    3.1307566165924072,
    2.8802688121795654,
    2.82267165184021,
    2.9634480476379395,
    3.0710549354553223,
    2.9337823390960693,
    2.7976572513580322,
    3.08756160736084,
    3.1529340744018555,
    3.080413818359375,
    2.6604082584381104,
    2.3691608905792236,
    2.692744016647339,
    2.7637388706207275,
    3.073155641555786,
    3.4493560791015625,
    3.41398024559021,
    3.0776290893554688,
    3.1700165271759033,
    3.3620920181274414,
    3.320042133331299,
    3.1671555042266846,
    2.9289586544036865,
    2.938121795654297,
    3.0601413249969482,
    3.0508389472961426,
    3.1034021377563477,
    3.1113057136535645,
    2.796233654022217,
