{
  "name": "hat_combined001_all",
  "seed": 42,
  "n_states": 256,
  "sigma_c2c": 0.01,
  "sigma_d2d": 0.01,
  "analog_layers": [
    0,
    1,
    2,
    3,
    4,
    5,
    6,
    7,
    8,
    9,
    10,
    11,
    12,
    13,
    14,
    15,
    16,
    17,
    18,
    19,
    20,
    21,
    22,
    23
  ],
  "lr": 1e-05,
  "max_steps": 200,
  "ppl_before": 1162.9767487782915,
  "ppl_after": 1.236559686341927,
  "losses": [
    7.530877113342285,
    7.065799713134766,
    6.643876075744629,
    7.1053009033203125,
    6.550420761108398,
    6.358344078063965,
    6.442419052124023,
    6.188477993011475,
    5.603048324584961,
    6.006431579589844,
    6.22341251373291,
    5.844313621520996,
    5.867959499359131,
    6.002231597900391,
    5.79310941696167,
    5.800843715667725,
    5.665387153625488,
    6.237579822540283,
    5.60236120223999,
    5.7837371826171875,
    5.60212516784668,
    5.438592433929443,
    5.295177459716797,
    6.2124924659729,
    5.897592067718506,
    5.641198635101318,
    5.704919338226318,
    5.780544281005859,
    5.671064376831055,
    5.892261028289795,
    5.922299385070801,
    5.50999641418457,
    5.362477779388428,
    5.161198616027832,
    4.845825672149658,
    5.314691543579102,
    5.540520668029785,
    5.389289379119873,
    5.505926609039307,
    5.564394950866699,
    5.288787364959717,
    5.424570083618164,
    5.520864486694336,
    5.682847499847412,
    5.5915117263793945,
    5.592735290527344,
    5.014310359954834,
    4.572021007537842,
    4.617984771728516,
    4.964685440063477,
    5.160187721252441,
    4.553493499755859,
    4.874566555023193,
    5.15176248550415,
    5.825939178466797,
    5.605178356170654,
    5.390745162963867,
    5.554548263549805,
    5.346968173980713,
    5.608180522918701,
    5.110040187835693,
    5.089087009429932,
    4.974922180175781,
    4.866726875305176,
    5.10857629776001,
    4.920311450958252,
    4.846836090087891,
    5.3210906982421875,
    4.773262023925781,
    4.865494728088379,
    4.538475036621094,
    4.5324859619140625,
    4.1832709312438965,
    4.701094150543213,
    4.568195819854736,
    4.859510898590088,
    4.354767322540283,
    4.442742347717285,
    4.739459037780762,
    4.580179214477539,
    4.452681064605713,
    4.293998718261719,
    4.369253158569336,
    4.48019552230835,
    4.226509094238281,
    4.04965353012085,
    4.097754001617432,
    4.334080696105957,
    4.052664756774902,
    3.774811029434204,
    3.1953272819519043,
    3.7162349224090576,
    3.4762861728668213,
    3.617840051651001,
    3.767611265182495,
    3.7976748943328857,
    3.3906867504119873,
    3.7523627281188965,
    3.262256383895874,
    3.7118887901306152,
    3.380204439163208,
    3.3293685913085938,
    3.311818838119507,
    3.3431265354156494,
    2.8230323791503906,
    3.0822720527648926,
    3.124936580657959,
    2.703826665878296,
    2.5195627212524414,
    3.022515058517456,
    3.335653066635132,
    3.1154956817626953,
    2.915621042251587,
    2.672168731689453,
    2.8366150856018066,
    2.6778883934020996,
    2.3076889514923096,
    2.551288604736328,
    2.2615673542022705,
    2.109819173812866,
    1.6943141222000122,
    1.8651736974716187,
    1.7842835187911987,
    1.7417017221450806,
    1.6124979257583618,
    1.864426612854004,
    1.5451029539108276,
    1.7033331394195557,
    1.6731821298599243,
    1.8391201496124268,
    1.7511714696884155,
    1.4542922973632812,
    1.2006746530532837,
    1.2880545854568481,
    1.4506300687789917,
    1.6037698984146118,
    1.2719271183013916,
    1.4854944944381714,
    1.354966163635254,
    1.5161620378494263,
    1.3273338079452515,
    1.1111302375793457,
    1.1686623096466064,
    1.0917351245880127,
    0.9603312015533447,
    0.9215119481086731,
    1.0882853269577026,
    1.0468353033065796,
    0.863543689250946,
    0.8588630557060242,
    0.5998215675354004,
    0.707247257232666,
    0.8225196003913879,
    0.6958881616592407,
    0.7749287486076355,
    0.7082552909851074,
    0.6434778571128845,
    0.44069865345954895,
    0.6003602743148804,
    0.5671650767326355,
    0.6014188528060913,
    0.5833497047424316,
    0.5839061141014099,
    0.557218611240387,
    0.46479469537734985,
    0.35562923550605774,
    0.41905391216278076,
    0.39965465664863586,
    0.31589484214782715,
    0.2927473187446594,
    0.4236030876636505,
    0.43059858679771423,
    0.2947700321674347,
    0.3551362156867981,
    0.3434180021286011,
    0.31486162543296814,
    0.29863789677619934,
    0.25727811455726624,
    0.24289579689502716,
    0.24738554656505585,
    0.39597177505493164,
    0.413449227809906,
    0.2847648859024048,
    0.3449645936489105,
    0.31803223490715027,
    0.27563223242759705,
    0.27812013030052185,
    0.3061050474643707,
    0.21681740880012512,
    0.2470507025718689,
    0.22870764136314392,
    0.29483601450920105,
    0.4060194194316864,
    0.33264753222465515,
    0.24340149760246277,
    0.21899522840976715,
    0.22041280567646027,
    0.1529342085123062,
    0.23579394817352295,
    0.22302809357643127
  ]
}