{
  "name": "hat_d2d0045_200_ctx1024",
  "seed": 42,
  "n_states": 256,
  "sigma_c2c": 0.0,
  "sigma_d2d": 0.045,
  "analog_layers": [
    0,
    1,
    2,
    3,
    4,
    5,
    6,
    7,
    8,
    9,
    10,
    11,
    12,
    13,
    14,
    15,
    16,
    17,
    18,
    19,
    20,
    21,
    22,
    23
  ],
  "lr": 1e-05,
  "max_steps": 200,
  "ppl_before": 750.6526228917729,
  "ppl_after": 37.43345205027307,
  "losses": [
    6.778317451477051,
    6.704677104949951,
    6.760965824127197,
    6.345192909240723,
    5.725170612335205,
    5.778191566467285,
    5.960259437561035,
    5.998992443084717,
    5.565776824951172,
    5.1943535804748535,
    5.083122730255127,
    5.436705112457275,
    5.443861484527588,
    5.23182487487793,
    5.262185573577881,
    5.4932332038879395,
    4.792333602905273,
    4.887124538421631,
    5.145376205444336,
    5.313112258911133,
    5.006861209869385,
    5.173348426818848,
    4.971993446350098,
    4.46293306350708,
    4.3328938484191895,
    4.4235076904296875,
    4.665306568145752,
    5.032845497131348,
    4.737840175628662,
    4.6097540855407715,
    4.554513931274414,
    4.444432258605957,
    4.386549472808838,
    4.652947902679443,
    4.389545440673828,
    4.231152534484863,
    4.252048015594482,
    4.433944225311279,
    4.502881050109863,
    4.554913520812988,
    4.492349624633789,
    4.519891738891602,
    4.348939895629883,
    4.411526203155518,
    4.0086822509765625,
    3.824464797973633,
    4.166975975036621,
    4.281012535095215,
    4.2004876136779785,
    4.38002347946167,
    4.3883538246154785,
    4.143674850463867,
    4.289168357849121,
    4.184370994567871,
    4.462478160858154,
    4.587829113006592,
    4.655447006225586,
    4.713259696960449,
    4.1964592933654785,
    4.087646007537842,
    3.7055647373199463,
    3.8488729000091553,
    3.7974445819854736,
    4.021613121032715,
    4.028815746307373,
    3.8120369911193848,
    4.102780342102051,
    4.32334041595459,
    4.097408294677734,
    4.200857162475586,
    4.333934783935547,
    4.25394868850708,
    4.320828437805176,
    4.300171375274658,
    4.027464866638184,
    3.9346706867218018,
    4.155069351196289,
    4.132753849029541,
    4.14633846282959,
    4.21081018447876,
    3.898479700088501,
    4.042941093444824,
    4.00872278213501,
    3.9909417629241943,
    3.7792880535125732,
    4.085331439971924,
    4.01426887512207,
    4.133845806121826,
    4.087980270385742,
    3.965895414352417,
    4.034985065460205,
    4.037921905517578,
    4.160302639007568,
    4.424534320831299,
    4.617332935333252,
    4.3153581619262695,
    3.9687273502349854,
    3.8265092372894287,
    3.868955373764038,
    3.8837852478027344,
    4.096634864807129,
    3.9906129837036133,
    4.154351711273193,
    3.8820247650146484,
    3.8401198387145996,
    3.866205930709839,
    3.5184409618377686,
    3.7146077156066895,
    3.8489840030670166,
    4.118231296539307,
    4.02761697769165,
    3.65592885017395,
    3.444211721420288,
    3.6841213703155518,
    3.6476004123687744,
    3.8995981216430664,
    4.089311599731445,
    4.11398458480835,
    3.991021156311035,
    3.9033756256103516,
    3.8976521492004395,
    4.013277530670166,
    4.207394599914551,
    4.1574482917785645,
    4.036891937255859,
    4.015735626220703,
    4.070497035980225,
    4.026236057281494,
    3.9612503051757812,
    4.058877944946289,
    4.08404016494751,
    3.996877670288086,
    3.634817361831665,
    3.5617287158966064,
    3.849642038345337,
    3.932680368423462,
    3.8230531215667725,
    3.7441749572753906,
    3.7446322441101074,
    3.7442104816436768,
    3.771360158920288,
    3.8404793739318848,
    3.6845808029174805,
    3.608917474746704,
    3.769005537033081,
    3.701002359390259,
    3.694680690765381,
    3.8727686405181885,
    3.939368486404419,
    3.953984260559082,
    3.635357618331909,
    3.588172674179077,
    3.803832530975342,
    3.8925702571868896,
    3.714630365371704,
    3.5531299114227295,
    4.028468608856201,
    4.088491916656494,
    4.066916465759277,
    4.229014873504639,
    4.154109954833984,
    3.9157137870788574,
    4.036856174468994,
    3.773604393005371,
    3.562392473220825,
    3.653735399246216,
    3.6956353187561035,
    3.3778817653656006,
    3.4417710304260254,
    3.7729671001434326,
    3.7018883228302,
    3.7326929569244385,
    3.8693063259124756,
    3.910163402557373,
    3.6711678504943848,
    3.4484574794769287,
    3.456979751586914,
    3.1776509284973145,
    2.965616226196289,
    3.5311191082000732,
    3.8007304668426514,
    3.6312501430511475,
    3.707814931869507,
    3.8254125118255615,
    3.9578654766082764,
    3.7306721210479736,
    3.7545368671417236,
    3.9370827674865723,
    3.8367197513580322,
    3.883817434310913,
    3.7353062629699707,
    3.7675390243530273,
    3.845994234085083,
    3.7924373149871826,
    3.6550495624542236,
    3.4525821208953857,
    3.582482099533081,
    3.7907910346984863,
    3.743654489517212,
    3.6504218578338623
  ]
}