{
  "name": "hat_c2c001_500_v2",
  "seed": 456,
  "n_states": 256,
  "sigma_c2c": 0.01,
  "sigma_d2d": 0.0,
  "analog_layers": [
    0,
    1,
    2,
    3,
    4,
    5,
    6,
    7,
    8,
    9,
    10,
    11,
    12,
    13,
    14,
    15,
    16,
    17,
    18,
    19,
    20,
    21,
    22,
    23
  ],
  "lr": 1e-05,
  "max_steps": 500,
  "retention_step_time": 0.0,
  "ppl_before": 64.2336330366227,
  "ppl_after": 21.09160647263449,
  "losses": [
    4.269555568695068,
    4.076603412628174,
    4.303023338317871,
    4.591349124908447,
    4.13085412979126,
    4.155027389526367,
    3.964705467224121,
    3.4936492443084717,
    3.554499626159668,
    3.8470959663391113,
    3.789788246154785,
    3.387587785720825,
    3.751262664794922,
    3.956481695175171,
    3.9333856105804443,
    3.8570923805236816,
    3.859152317047119,
    3.629098892211914,
    3.4021553993225098,
    3.493220329284668,
    3.5384421348571777,
    3.6924426555633545,
    3.390200138092041,
    3.609835386276245,
    3.5278680324554443,
    3.612802267074585,
    3.97261905670166,
    3.8392744064331055,
    3.5487964153289795,
    3.7393739223480225,
    3.876751184463501,
    3.6299245357513428,
    3.5131332874298096,
    3.3695311546325684,
    3.1791203022003174,
    3.4879705905914307,
    3.560882568359375,
    3.5848355293273926,
    3.622570753097534,
    3.8180432319641113,
    3.8734850883483887,
    3.7383344173431396,
    3.7914631366729736,
    3.854462146759033,
    3.9584386348724365,
    3.696430206298828,
    3.3828017711639404,
    2.6081936359405518,
    2.58890962600708,
    3.1316869258880615,
    3.468683958053589,
    3.1952712535858154,
    2.9376473426818848,
    3.372579574584961,
    3.464299440383911,
    3.4510626792907715,
    3.4984681606292725,
    3.3972442150115967,
    3.194470167160034,
    3.2252471446990967,
    3.0669829845428467,
    3.0870003700256348,
    3.114102840423584,
    3.088261127471924,
    3.087310791015625,
    3.1536872386932373,
    3.213874340057373,
    3.5174105167388916,
    3.4531588554382324,
    3.2750580310821533,
    3.0169413089752197,
    2.8314316272735596,
    2.875267505645752,
    3.151325225830078,
    3.063725709915161,
    3.1897571086883545,
    3.173269748687744,
    2.9673073291778564,
    3.3728437423706055,
    3.7123665809631348,
    3.5173933506011963,
    3.6113595962524414,
    3.6588361263275146,
    3.7773380279541016,
    3.415102005004883,
    3.076037645339966,
    3.238877534866333,
    3.564793586730957,
    3.2572309970855713,
    2.843627691268921,
    2.7387213706970215,
    3.0104804039001465,
    3.2120254039764404,
    3.158895969390869,
    3.4350459575653076,
    3.61688494682312,
    3.2949166297912598,
    2.9890997409820557,
    3.1363766193389893,
    3.4733119010925293,
    3.5529839992523193,
    3.3939507007598877,
    3.3243303298950195,
    3.196288824081421,
    3.207977294921875,
    3.4953970909118652,
    2.959291458129883,
    2.8494341373443604,
    3.1475791931152344,
    3.444016218185425,
    3.5597305297851562,
    3.424260377883911,
    3.3657889366149902,
    3.570587158203125,
    3.576848030090332,
    3.349606990814209,
    3.271104574203491,
    3.4703407287597656,
    3.026848554611206,
    2.6492197513580322,
    2.981170654296875,
    2.9308693408966064,
    2.970696210861206,
    2.8990933895111084,
    2.920714855194092,
    2.9973556995391846,
    2.8995156288146973,
    3.0278327465057373,
    3.142634868621826,
    3.2491276264190674,
    2.8086001873016357,
    2.7975106239318848,
    2.9759249687194824,
    3.068781852722168,
    3.0464394092559814,
    3.1583526134490967,
    3.357286214828491,
    3.3612706661224365,
    3.2798330783843994,
    3.2778375148773193,
    3.3037643432617188,
    3.4057466983795166,
    3.3950674533843994,
    3.3954551219940186,
    3.3527095317840576,
    3.474597930908203,
    3.597954511642456,
    3.4802608489990234,
    3.370471715927124,
    3.25333571434021,
    3.162853240966797,
    3.1767420768737793,
    3.1533071994781494,
    3.333827018737793,
    3.477353572845459,
    3.2963972091674805,
    3.0477685928344727,
    3.3809309005737305,
    3.6057088375091553,
    3.3826417922973633,
    3.07846999168396,
    3.1617841720581055,
    3.326429605484009,
    3.205687999725342,
    3.0803916454315186,
    3.1155362129211426,
    3.331132650375366,
    3.3146474361419678,
    3.0592336654663086,
    3.169865131378174,
    3.274123191833496,
    3.332911729812622,
    3.444673776626587,
    3.5090768337249756,
    3.3132832050323486,
    3.2812561988830566,
    3.4224321842193604,
    3.245453357696533,
    3.1219985485076904,
    3.065061330795288,
    3.123991012573242,
    2.9834506511688232,
    3.22576642036438,
    3.3638694286346436,
    3.3834640979766846,
    3.3754568099975586,
    3.5106863975524902,
    3.7852282524108887,
    3.816930055618286,
    3.963273048400879,
    3.7398805618286133,
    3.5183918476104736,
    3.194967269897461,
    3.105731725692749,
    3.2414848804473877,
    3.1167354583740234,
    2.9384407997131348,
    3.1213274002075195,
    3.1748876571655273,
    3.171156644821167,
    3.3000693321228027,
    3.146388292312622,
    3.2544925212860107,
    3.2877163887023926,
    3.363917589187622,
    3.254041910171509,
    3.2886569499969482,
    3.216829776763916,
    2.7685961723327637,
    3.2425782680511475,
    3.4830896854400635,
    2.9296669960021973,
    2.7926597595214844,
    2.6461286544799805,
    2.8979427814483643,
    3.1582183837890625,
    3.0276012420654297,
    3.1052684783935547,
    3.2277841567993164,
    3.2284445762634277,
    3.4094302654266357,
    3.443692207336426,
    2.922567129135132,
    2.581080198287964,
    2.4258387088775635,
    2.5410890579223633,
    2.7475199699401855,
    2.7539350986480713,
    2.747307300567627,
    2.761146068572998,
    3.038769245147705,
    3.2264134883880615,
    3.084535598754883,
    3.1948297023773193,
    3.3153538703918457,
    3.0431346893310547,
    3.3093485832214355,
    3.0211894512176514,
    3.0711324214935303,
    3.378282070159912,
    3.1956872940063477,
    3.221173048019409,
    3.350243091583252,
    3.460998296737671,
    3.383504629135132,
    3.531564235687256,
    3.715428352355957,
    3.7048017978668213,
    3.34049654006958,
    3.4456188678741455,
    3.438835620880127,
    3.3853156566619873,
    3.4137229919433594,
    3.582606315612793,
    3.370781421661377,
    3.3006603717803955,
    3.3455183506011963,
    3.4982099533081055,
    3.3693735599517822,
    3.2053329944610596,
    3.194027900695801,
    2.9560282230377197,
    3.3859152793884277,
    3.233058452606201,
    3.1894736289978027,
    2.9431815147399902,
    2.9230618476867676,
    2.9616897106170654,
    2.9657583236694336,
    3.008305549621582,
    3.010845422744751,
    3.0815534591674805,
    3.173344612121582,
    3.023165464401245,
    2.939527988433838,
    3.0491881370544434,
    3.105095148086548,
    3.0512430667877197,
    2.9889914989471436,
    3.103043556213379,
    3.1428911685943604,
    3.0262696743011475,
    3.2168238162994385,
    3.1257762908935547,
    3.021697759628296,
    3.023845672607422,
    2.8337957859039307,
    3.1385371685028076,
    3.1277477741241455,
    3.028942108154297,
    3.2429580688476562,
    3.1094212532043457,
    2.962191104888916,
    3.0487189292907715,
    3.1456804275512695,
    3.16745924949646,
    3.2189817428588867,
    3.3367152214050293,
    3.4119904041290283,
    3.308638572692871,
    2.971174955368042,
    2.9423179626464844,
    3.0374960899353027,
    3.1760661602020264,
    3.1289002895355225,
    2.9120044708251953,
    3.244598388671875,
    3.3783812522888184,
    3.3295462131500244,
    2.8793156147003174,
    2.5397303104400635,
    2.918487548828125,
    3.060446262359619,
    3.319077253341675,
    3.633894205093384,
    3.5946826934814453,
    3.283230781555176,
    3.426143169403076,
    3.5661540031433105,
