{
  "name": "hat_d2d004_500_v2_d2dseed456",
  "train_seed": 42,
  "d2d_seed": 456,
  "n_states": 256,
  "sigma_c2c": 0.0,
  "sigma_d2d": 0.04,
  "analog_layers": [
    0,
    1,
    2,
    3,
    4,
    5,
    6,
    7,
    8,
    9,
    10,
    11,
    12,
    13,
    14,
    15,
    16,
    17,
    18,
    19,
    20,
    21,
    22,
    23
  ],
  "lr": 1e-05,
  "max_steps": 500,
  "retention_step_time": 0.0,
  "ppl_before": 366.49740670978446,
  "ppl_after": 35.87257979578411,
  "losses": [
    6.120266437530518,
    5.63088321685791,
    5.76065731048584,
    6.099670886993408,
    5.413976669311523,
    5.438283920288086,
    5.297207355499268,
    4.884052276611328,
    4.7669525146484375,
    4.842462539672852,
    4.974482536315918,
    4.815824031829834,
    4.780058860778809,
    5.1389336585998535,
    5.182263374328613,
    4.97420072555542,
    4.899374961853027,
    4.960416316986084,
    4.615093231201172,
    4.5231614112854,
    4.562280654907227,
    4.603298664093018,
    4.166827201843262,
    4.60650634765625,
    4.734314918518066,
    4.742149353027344,
    4.885618686676025,
    4.897336959838867,
    4.502058506011963,
    4.807581424713135,
    5.000071048736572,
    4.4824628829956055,
    4.266849040985107,
    4.396179676055908,
    4.079817771911621,
    4.479110240936279,
    4.738541603088379,
    4.488864898681641,
    4.6723175048828125,
    4.776401042938232,
    4.637375831604004,
    4.481380462646484,
    4.534635543823242,
    4.791480541229248,
    4.818233966827393,
    4.6171698570251465,
    4.297671318054199,
    3.813688039779663,
    3.770209550857544,
    4.14923620223999,
    4.442570686340332,
    4.074678421020508,
    3.8196327686309814,
    4.221710681915283,
    4.488908767700195,
    4.6710944175720215,
    4.529178142547607,
    4.3102006912231445,
    4.2950005531311035,
    4.352402687072754,
    4.086314678192139,
    4.043302536010742,
    4.103567123413086,
    4.013690948486328,
    4.0012383460998535,
    4.045893669128418,
    4.05887508392334,
    4.352229118347168,
    4.308379650115967,
    4.130814075469971,
    3.871622085571289,
    3.616610288619995,
    3.6070504188537598,
    4.080201148986816,
    3.8868775367736816,
    4.0659027099609375,
    4.09810209274292,
    4.014595031738281,
    4.123029708862305,
    4.337564468383789,
    4.242378234863281,
    4.279963970184326,
    4.331990718841553,
    4.473320484161377,
    4.277681827545166,
    3.8605175018310547,
    4.061648845672607,
    4.330433368682861,
    4.0978193283081055,
    3.6285078525543213,
    3.58266544342041,
    3.748384714126587,
    3.7107691764831543,
    3.9761862754821777,
    4.280802249908447,
    4.386789798736572,
    4.000433444976807,
    3.6394314765930176,
    3.883129835128784,
    4.249133110046387,
    4.281257629394531,
    4.246490001678467,
    4.1087164878845215,
    3.9118571281433105,
    3.915841817855835,
    4.36234712600708,
    3.8741531372070312,
    3.6766278743743896,
    3.9634552001953125,
    4.395266532897949,
    4.60671329498291,
    4.618686199188232,
    4.25330924987793,
    4.358316898345947,
    4.539643287658691,
    4.283971786499023,
    4.07663106918335,
    4.261412143707275,
    3.8819048404693604,
    3.597088575363159,
    3.640497922897339,
    3.5799622535705566,
    3.726848602294922,
    3.733691930770874,
    3.657154083251953,
    3.7173895835876465,
    3.6710140705108643,
    3.7798027992248535,
    3.9175682067871094,
    4.1750712394714355,
    3.6906158924102783,
    3.615725517272949,
    3.8488852977752686,
    4.017288684844971,
    4.074810981750488,
    4.13718843460083,
    4.002830982208252,
    3.938337564468384,
    3.9186418056488037,
    3.9625635147094727,
    3.985621452331543,
    4.034195899963379,
    3.99975323677063,
    3.990028142929077,
    4.030348300933838,
    3.998823642730713,
    4.203641414642334,
    4.1142401695251465,
    4.039538860321045,
    3.821467638015747,
    3.5874950885772705,
    3.816588878631592,
    3.8186309337615967,
    3.872401714324951,
    4.057361602783203,
    4.046436309814453,
    3.756126880645752,
    3.941286087036133,
    4.244783401489258,
    4.156135082244873,
    3.6206111907958984,
    3.7251393795013428,
    3.9365129470825195,
    3.821976661682129,
    3.666928291320801,
    3.6096835136413574,
    3.977353096008301,
    3.8118507862091064,
    3.518526315689087,
    3.630939483642578,
    3.8477156162261963,
    3.762939453125,
    3.9619810581207275,
    4.016005039215088,
    3.78313946723938,
    3.823633909225464,
    4.03521203994751,
    3.8301541805267334,
    3.6091272830963135,
    3.803440570831299,
    3.8464362621307373,
    3.8543765544891357,
    3.955885410308838,
    4.0149407386779785,
    4.036806583404541,
    4.083551406860352,
    4.204763889312744,
    4.532704830169678,
    4.734925746917725,
    4.825932025909424,
    4.542327880859375,
    4.184463977813721,
    3.864445447921753,
    3.7261202335357666,
    3.9582314491271973,
    3.922382116317749,
    3.584204912185669,
    3.6586992740631104,
    3.7308523654937744,
    3.8273332118988037,
    3.917977809906006,
    3.6958656311035156,
    4.022586822509766,
    3.9649178981781006,
    4.165472507476807,
    3.9685163497924805,
    3.9208269119262695,
    3.8797409534454346,
    3.4700002670288086,
    3.865889549255371,
    4.031435489654541,
    3.505854845046997,
    3.310523748397827,
    3.26779842376709,
    3.4847536087036133,
    3.6374359130859375,
    3.572479248046875,
    3.6053388118743896,
    3.873103141784668,
    3.8027503490448,
    3.9387590885162354,
    4.087723255157471,
    3.5676660537719727,
    3.353586435317993,
    3.2471604347229004,
    3.3549141883850098,
    3.48766827583313,
    3.52011775970459,
    3.5015406608581543,
    3.3721766471862793,
    3.5756587982177734,
    3.8284049034118652,
    4.026749610900879,
    4.112616062164307,
    4.088376522064209,
    3.6637096405029297,
    3.9909722805023193,
    3.806849718093872,
    3.876239061355591,
    3.9867641925811768,
    3.733955144882202,
    3.7827138900756836,
    3.9272680282592773,
    4.020269393920898,
    4.022626876831055,
    4.125421524047852,
    4.232696056365967,
    4.232839107513428,
    3.88089656829834,
    3.9569151401519775,
    3.9188320636749268,
    3.8390350341796875,
    4.024433135986328,
    4.053925037384033,
    3.82287859916687,
    3.8117830753326416,
    3.774303913116455,
    3.8928849697113037,
    3.7501330375671387,
    3.7350947856903076,
    3.835622787475586,
    3.644826650619507,
    3.9541375637054443,
    3.8942809104919434,
    3.7506263256073,
    3.561598539352417,
    3.4863898754119873,
    3.690915822982788,
    3.472404718399048,
    3.4680047035217285,
    3.7737534046173096,
    3.7981903553009033,
    3.964040517807007,
    3.8762779235839844,
    3.6823410987854004,
    3.8793351650238037,
    3.821124315261841,
    3.6952297687530518,
    3.569857358932495,
    3.5663673877716064,
    3.6391730308532715,
    3.508715867996216,
    3.702709913253784,
    3.812533140182495,
    3.5892293453216553,
    3.6077020168304443,
    3.455785036087036,
    3.7480905055999756,
    3.680908679962158,
    3.654691696166992,
    3.892338275909424,
    3.6709353923797607,
    3.3314554691314697,
    3.606449604034424,
    3.781679391860962,
    3.682480573654175,
    3.7356245517730713,
    3.9043185710906982,
    3.8931920528411865,
    3.9090335369110107,
    3.650247812271118,
    3.3845913410186768,
    3.448314666748047,
    3.54775071144104,
    3.529651403427124,
    3.3052470684051514,
    3.7756168842315674,
    4.003641128540039,
    3.9393317699432373,
    3.523869514465332,
    3.2759196758270264,
    3.600208044052124,
    3.7970283031463623,
    4.013339519500732,
    4.3014960289001465,
    4.303064346313477,
    4.0084123611450195,
    4.115952968597412,
    4.125333786010742,
    4.229049205780029,
    4.109017372131348,
    4.0364909172058105,
