{
  "name": "hat_d2d004_500",
  "seed": 42,
  "n_states": 256,
  "sigma_c2c": 0.0,
  "sigma_d2d": 0.04,
  "analog_layers": [
    0,
    1,
    2,
    3,
    4,
    5,
    6,
    7,
    8,
    9,
    10,
    11,
    12,
    13,
    14,
    15,
    16,
    17,
    18,
    19,
    20,
    21,
    22,
    23
  ],
  "lr": 1e-05,
  "max_steps": 500,
  "ppl_before": 5042.929055884171,
  "ppl_after": 1.2465219590223195,
  "losses": [
    9.039887428283691,
    8.34679126739502,
    8.162099838256836,
    8.553241729736328,
    7.2579874992370605,
    7.415455341339111,
    7.73198127746582,
    7.912324905395508,
    7.497255325317383,
    6.929534435272217,
    6.776451110839844,
    7.2700886726379395,
    7.000478744506836,
    6.817713260650635,
    7.110374927520752,
    7.117934703826904,
    6.333213806152344,
    6.892942428588867,
    7.103598117828369,
    6.872344017028809,
    6.803862571716309,
    7.100839614868164,
    6.764808177947998,
    6.7311601638793945,
    6.73595666885376,
    6.432313442230225,
    7.00828742980957,
    6.872426986694336,
    7.078835487365723,
    7.121368885040283,
    6.613160133361816,
    6.568758964538574,
    6.384364604949951,
    6.382462978363037,
    6.417158603668213,
    6.424972057342529,
    6.406735897064209,
    6.371294975280762,
    6.795849323272705,
    6.4578728675842285,
    6.40561580657959,
    6.6688103675842285,
    6.424445629119873,
    6.519374847412109,
    6.407242774963379,
    6.3650665283203125,
    6.33505392074585,
    6.59934139251709,
    6.359831809997559,
    6.430098056793213,
    6.406291484832764,
    6.464242458343506,
    6.424246311187744,
    6.392505645751953,
    6.814280986785889,
    6.746000289916992,
    6.750155925750732,
    6.544178009033203,
    6.6936492919921875,
    6.173555374145508,
    5.891278266906738,
    5.920951843261719,
    5.788210391998291,
    6.008723258972168,
    6.386877059936523,
    6.199121475219727,
    6.433234691619873,
    6.343024253845215,
    6.062935829162598,
    6.117972373962402,
    6.060235023498535,
    6.097149848937988,
    6.042471408843994,
    6.197038650512695,
    5.847951412200928,
    5.875479698181152,
    5.788455009460449,
    5.681975364685059,
    5.782190322875977,
    5.885672092437744,
    5.734816074371338,
    5.780623435974121,
    5.777482509613037,
    5.64420223236084,
    5.320549011230469,
    5.631698131561279,
    5.592503547668457,
    5.704095363616943,
    5.650226593017578,
    5.790853500366211,
    6.070835113525391,
    6.068356990814209,
    6.20892333984375,
    6.256059169769287,
    6.458310127258301,
    6.514459133148193,
    6.028665542602539,
    6.115514755249023,
    5.945079803466797,
    5.864120006561279,
    5.877214431762695,
    6.0086493492126465,
    6.144815921783447,
    6.200832366943359,
    5.8249831199646,
    5.781121253967285,
    5.719854354858398,
    5.76393461227417,
    5.522838592529297,
    5.83389949798584,
    6.159839630126953,
    5.865052223205566,
    5.712934970855713,
    5.6711201667785645,
    5.5784592628479,
    6.286623954772949,
    6.417606353759766,
    6.299429893493652,
    6.113064289093018,
    6.1521100997924805,
    5.569663047790527,
    5.712801933288574,
    6.12501859664917,
    5.979990005493164,
    5.67620325088501,
    5.754532337188721,
    5.667262554168701,
    5.333075046539307,
    5.5677170753479,
    5.775169372558594,
    5.983087539672852,
    5.733758926391602,
    5.398288249969482,
    5.444503307342529,
    6.1881184577941895,
    6.228743553161621,
    5.810730457305908,
    5.6491570472717285,
    5.728294849395752,
    5.464287757873535,
    5.383547306060791,
    5.5977020263671875,
    5.567484378814697,
    5.616119861602783,
    5.675778865814209,
    5.536262035369873,
    5.635523319244385,
    5.6206278800964355,
    5.721039295196533,
    5.6495513916015625,
    5.3455095291137695,
    5.450674057006836,
    5.530441761016846,
    5.793581485748291,
    5.898435115814209,
    5.40211296081543,
    5.961729526519775,
    5.836666107177734,
    5.768285751342773,
    6.061856269836426,
    5.829001426696777,
    5.6350555419921875,
    6.010234355926514,
    6.010852336883545,
    5.925358772277832,
    5.835812091827393,
    5.7631707191467285,
    5.220254421234131,
    5.511679172515869,
    5.57144021987915,
    5.7459845542907715,
    5.787420272827148,
    5.613173007965088,
    5.7378458976745605,
    5.568771839141846,
    5.362847328186035,
    5.538949966430664,
    5.2187347412109375,
    5.399478912353516,
    5.598098278045654,
    5.728958606719971,
    5.572875022888184,
    5.423526763916016,
    5.641547679901123,
    5.496486663818359,
    5.507216453552246,
    5.2834296226501465,
    5.245304584503174,
    5.288818836212158,
    5.289506912231445,
    5.159572124481201,
    5.1533122062683105,
    5.306697845458984,
    5.4459004402160645,
    5.810087203979492,
    5.419538974761963,
    5.515201091766357,
    5.5618791580200195,
    5.743629455566406,
    5.556692123413086,
    5.5408034324646,
    5.5992560386657715,
    5.671974182128906,
    5.56857967376709,
    5.427173137664795,
    5.493561267852783,
    5.612602710723877,
    5.4702959060668945,
    5.054196834564209,
    5.288569450378418,
    5.330995559692383,
    5.1231818199157715,
    5.341838359832764,
    5.593926906585693,
    5.551186561584473,
    5.587022304534912,
    5.360084533691406,
    5.495105743408203,
    5.483062267303467,
    5.4443278312683105,
    5.250874042510986,
    4.878581523895264,
    5.238264083862305,
    5.187503814697266,
    4.87528133392334,
    5.063943862915039,
    4.85186767578125,
    4.830340385437012,
    4.849174976348877,
    5.078000545501709,
    5.125439643859863,
    4.881911277770996,
    4.655643463134766,
    4.784789085388184,
    5.089138031005859,
    4.807544231414795,
    4.871676445007324,
    4.980620861053467,
    5.111072540283203,
    5.110255241394043,
    4.902918815612793,
    4.785691261291504,
    5.034634590148926,
    5.234609127044678,
    5.142918109893799,
    4.865346908569336,
    4.90162992477417,
    5.407534122467041,
    5.146535873413086,
    5.027038097381592,
    5.138823986053467,
    4.962560176849365,
    5.088364124298096,
    5.1298699378967285,
    5.085319995880127,
    5.0359368324279785,
    5.160165786743164,
    5.5344648361206055,
    5.228078842163086,
    5.28598690032959,
    5.450768947601318,
    5.276892185211182,
    5.379843711853027,
    5.189488410949707,
    5.118610858917236,
    5.053106784820557,
    4.803934574127197,
    4.83608865737915,
    4.794819355010986,
    4.688467025756836,
    4.863779067993164,
    4.808366775512695,
    4.793614387512207,
    4.909303188323975,
    4.894602298736572,
    4.711636066436768,
    4.774848937988281,
    4.7057976722717285,
    4.942537307739258,
    4.917848587036133,
    4.635344505310059,
    4.890108108520508,
    4.81868839263916,
    4.788451671600342,
    4.470283031463623,
    4.375455379486084,
    4.677534103393555,
    4.863095760345459,
    4.761894226074219,
    4.640476226806641,
    4.523248195648193,
    4.741784572601318,
    4.468498706817627,
    4.600526809692383,
    4.699942111968994,
    4.583635330200195,
    4.677341938018799,
    4.845488548278809,
    4.458435535430908,
    4.415278434753418,
    4.242630481719971,
    4.122317314147949,
    4.311212062835693,
    4.300434589385986,
    4.328823089599609,
    4.649089336395264,
    4.49539041519165,
    4.183515548706055,
    3.9815192222595215,
    4.357235431671143,
    4.4357500076293945,
    4.301437854766846,
    4.312530994415283,
    4.451398849487305,
    4.105104923248291,
    4.515352725982666,
    4.183109760284424,
    4.5657548904418945,
    4.217423915863037,
    3.823274612426758,
    3.7360873222351074,
    3.60866641998291,
    3.816882371902466,
    3.588374376296997,
    3.630431652069092,
    3.6438353061676025,
    3.874136209487915,
    4.076684474945068,
