{
  "name": "hat_d2d004_500_v2_d2dseed123",
  "train_seed": 42,
  "d2d_seed": 123,
  "n_states": 256,
  "sigma_c2c": 0.0,
  "sigma_d2d": 0.04,
  "analog_layers": [
    0,
    1,
    2,
    3,
    4,
    5,
    6,
    7,
    8,
    9,
    10,
    11,
    12,
    13,
    14,
    15,
    16,
    17,
    18,
    19,
    20,
    21,
    22,
    23
  ],
  "lr": 1e-05,
  "max_steps": 500,
  "retention_step_time": 0.0,
  "ppl_before": 314.57157336899934,
  "ppl_after": 35.17098943313571,
  "losses": [
    6.378095626831055,
    5.593076229095459,
    5.707560062408447,
    6.2371625900268555,
    5.220705032348633,
    5.3088531494140625,
    5.065124034881592,
    4.7112321853637695,
    4.564488887786865,
    4.732120990753174,
    4.884392738342285,
    4.582348823547363,
    4.909378528594971,
    5.046294689178467,
    4.93622350692749,
    4.839688301086426,
    4.801126956939697,
    4.990782260894775,
    4.589017391204834,
    4.475766181945801,
    4.542263507843018,
    4.530563831329346,
    4.295640468597412,
    4.7895827293396,
    4.549468040466309,
    4.478287696838379,
    4.842828273773193,
    4.7365827560424805,
    4.478610038757324,
    4.75081729888916,
    4.91813850402832,
    4.539731979370117,
    4.273242950439453,
    4.264273166656494,
    3.9179000854492188,
    4.309360027313232,
    4.605898380279541,
    4.408497333526611,
    4.542770862579346,
    4.7924370765686035,
    4.570034980773926,
    4.598677158355713,
    4.681697845458984,
    4.68884801864624,
    4.8212971687316895,
    4.464115619659424,
    4.254797458648682,
    3.634415626525879,
    3.676511764526367,
    4.007944107055664,
    4.242196083068848,
    3.985386848449707,
    3.9439756870269775,
    4.329583644866943,
    4.675625801086426,
    4.618294715881348,
    4.438181400299072,
    4.37811803817749,
    4.288175106048584,
    4.265900135040283,
    3.9963955879211426,
    4.034219264984131,
    4.172896862030029,
    3.882388114929199,
    4.078888416290283,
    4.181123733520508,
    4.0891523361206055,
    4.430434703826904,
    4.238833904266357,
    4.0707597732543945,
    3.963759422302246,
    3.659553289413452,
    3.5345425605773926,
    3.83929705619812,
    4.064681053161621,
    3.966510772705078,
    4.168025493621826,
    4.040981292724609,
    4.334993839263916,
    4.352624416351318,
    4.081770420074463,
    4.262811183929443,
    4.246069431304932,
    4.465916156768799,
    4.2088422775268555,
    3.84171724319458,
    4.042026519775391,
    4.3408942222595215,
    4.142333507537842,
    3.5656023025512695,
    3.4708333015441895,
    3.747389316558838,
    3.7070603370666504,
    3.951659679412842,
    4.195376396179199,
    4.298351764678955,
    3.9012813568115234,
    3.5912585258483887,
    3.937405824661255,
    4.24521017074585,
    4.190704822540283,
    4.141374588012695,
    4.038618564605713,
    3.919734001159668,
    3.932681083679199,
    4.302685260772705,
    3.961271047592163,
    3.605839729309082,
    3.88476824760437,
    4.390773773193359,
    4.62183141708374,
    4.4014153480529785,
    4.241617679595947,
    4.2967915534973145,
    4.572813987731934,
    4.208354949951172,
    4.087099552154541,
    4.368034839630127,
    3.8130109310150146,
    3.581355333328247,
    3.6911964416503906,
    3.598959445953369,
    3.811493158340454,
    3.6910018920898438,
    3.5039279460906982,
    3.790907621383667,
    3.6571149826049805,
    3.7393195629119873,
    4.019896507263184,
    3.9670770168304443,
    3.7111449241638184,
    3.6497464179992676,
    3.742633104324341,
    3.9591293334960938,
    3.904923677444458,
    3.9422779083251953,
    3.942002058029175,
    3.9038965702056885,
    3.9104034900665283,
    3.873328447341919,
    3.8779006004333496,
    3.978241443634033,
    3.965266227722168,
    3.9938347339630127,
    3.8885443210601807,
    4.0533061027526855,
    4.229093074798584,
    4.01356315612793,
    3.8570265769958496,
    3.7643535137176514,
    3.677018880844116,
    3.743499517440796,
    3.9091341495513916,
    3.8214640617370605,
    4.057022571563721,
    3.9704232215881348,
    3.653484582901001,
    3.857032299041748,
    4.130913734436035,
    4.021976947784424,
    3.673978567123413,
    3.683669328689575,
    3.7940688133239746,
    3.773495674133301,
    3.7024364471435547,
    3.721538543701172,
    3.9890666007995605,
    3.861520528793335,
    3.4595413208007812,
    3.6116442680358887,
    3.7462360858917236,
    3.7958641052246094,
    3.863173484802246,
    4.014271259307861,
    3.757939577102661,
    3.7875537872314453,
    3.958895444869995,
    3.6944844722747803,
    3.646355390548706,
    3.6296162605285645,
    3.79530930519104,
    3.7374281883239746,
    3.9153754711151123,
    4.031957626342773,
    4.0252838134765625,
    4.000370025634766,
    4.2412333488464355,
    4.479605674743652,
    4.515471935272217,
    4.649690628051758,
    4.581417083740234,
    4.066045761108398,
    3.7713465690612793,
    3.668445348739624,
    3.826770544052124,
    3.785898208618164,
    3.5633487701416016,
    3.658742666244507,
    3.6915743350982666,
    3.9237263202667236,
    3.9277756214141846,
    3.6365914344787598,
    3.8809549808502197,
    3.9467201232910156,
    3.9278604984283447,
    3.900440216064453,
    3.8083090782165527,
    3.8181660175323486,
    3.365020751953125,
    3.7907216548919678,
    4.08007287979126,
    3.3986709117889404,
    3.2286159992218018,
    3.2335622310638428,
    3.430095672607422,
    3.672168493270874,
    3.5545504093170166,
    3.569744825363159,
    3.6998910903930664,
    3.7531607151031494,
    3.8945584297180176,
    4.044122219085693,
    3.600978136062622,
    3.2572951316833496,
    3.1191246509552,
    3.361254930496216,
    3.4116690158843994,
    3.5703868865966797,
    3.3778741359710693,
    3.3470587730407715,
    3.611952543258667,
    3.7689008712768555,
    3.828732490539551,
    4.086182594299316,
    4.019813537597656,
    3.7257254123687744,
    4.050887107849121,
    3.7832565307617188,
    3.7833118438720703,
    3.916327476501465,
    3.6626009941101074,
    3.7444663047790527,
    3.8849639892578125,
    3.945646286010742,
    3.882216691970825,
    4.131240367889404,
    4.222803592681885,
    4.261816024780273,
    3.783555030822754,
    3.845301389694214,
    3.87399959564209,
    3.836561441421509,
    3.921168327331543,
    4.070972919464111,
    3.7942559719085693,
    3.7888107299804688,
    3.7080910205841064,
    3.912811279296875,
    3.6992006301879883,
    3.798686981201172,
    3.6683948040008545,
    3.688599109649658,
    3.916602611541748,
    3.86470103263855,
    3.7841832637786865,
    3.5641767978668213,
    3.5162601470947266,
    3.6664979457855225,
    3.521501064300537,
    3.5057950019836426,
    3.726796865463257,
    3.817434549331665,
    3.954787492752075,
    3.693662166595459,
    3.5050997734069824,
    3.675605058670044,
    3.8282389640808105,
    3.6930837631225586,
    3.524139165878296,
    3.5607707500457764,
    3.7097108364105225,
    3.553985357284546,
    3.683422088623047,
    3.850891351699829,
    3.619194269180298,
    3.4834015369415283,
    3.438934326171875,
    3.6450459957122803,
    3.655595302581787,
    3.5757501125335693,
    3.8078958988189697,
    3.6927330493927,
    3.377549171447754,
    3.513934850692749,
    3.655217170715332,
    3.577934741973877,
    3.65018367767334,
    3.7970898151397705,
    3.884638786315918,
    3.8321216106414795,
    3.5404183864593506,
    3.3409862518310547,
    3.463813066482544,
    3.5922021865844727,
    3.533149480819702,
    3.456782579421997,
    3.6309335231781006,
    3.9057278633117676,
    3.9013729095458984,
    3.546569347381592,
    3.217827320098877,
    3.572629690170288,
    3.644526958465576,
    3.901073455810547,
    4.176984786987305,
    4.154181957244873,
    4.116987705230713,
    4.04698371887207,
    4.0976152420043945,
    4.046257972717285,
    4.042916774749756,
    4.033008575439453,
