{
  "name": "hat_d2d002_c2c001_500_ctx512",
  "seed": 42,
  "n_states": 256,
  "sigma_c2c": 0.01,
  "sigma_d2d": 0.02,
  "analog_layers": [
    0,
    1,
    2,
    3,
    4,
    5,
    6,
    7,
    8,
    9,
    10,
    11,
    12,
    13,
    14,
    15,
    16,
    17,
    18,
    19,
    20,
    21,
    22,
    23
  ],
  "lr": 1e-05,
  "max_steps": 500,
  "ppl_before": 109.12482032439263,
  "ppl_after": 23.746322973826928,
  "losses": [
    4.920444011688232,
    4.56166410446167,
    4.709115982055664,
    5.295445919036865,
    4.489243507385254,
    4.58256721496582,
    4.295126914978027,
    3.8744897842407227,
    3.8524115085601807,
    4.036879539489746,
    4.076189994812012,
    3.686568021774292,
    4.1284565925598145,
    4.4151482582092285,
    4.150996208190918,
    4.152337551116943,
    3.9739348888397217,
    3.9168944358825684,
    3.7150347232818604,
    3.7388784885406494,
    3.8649871349334717,
    3.930811643600464,
    3.708890676498413,
    3.8012123107910156,
    3.754056453704834,
    3.8309576511383057,
    4.214369297027588,
    4.186760425567627,
    3.6483190059661865,
    3.8587446212768555,
    4.2142157554626465,
    3.9082045555114746,
    3.778898239135742,
    3.6023924350738525,
    3.3481454849243164,
    3.7579898834228516,
    3.7174477577209473,
    3.8303329944610596,
    3.936196804046631,
    3.9810025691986084,
    4.027472972869873,
    4.009389400482178,
    3.9523913860321045,
    4.129244327545166,
    4.187505722045898,
    3.8889966011047363,
    3.4635722637176514,
    2.8581907749176025,
    2.7897276878356934,
    3.396634340286255,
    3.717261791229248,
    3.4794809818267822,
    3.333373546600342,
    3.6585798263549805,
    3.7575836181640625,
    3.7354636192321777,
    3.8249659538269043,
    3.582343339920044,
    3.4660263061523438,
    3.582735300064087,
    3.236607551574707,
    3.3094630241394043,
    3.423997402191162,
    3.2771124839782715,
    3.3919830322265625,
    3.2653157711029053,
    3.480126142501831,
    3.6719744205474854,
    3.6220879554748535,
    3.4059720039367676,
    3.3186731338500977,
    3.0061447620391846,
    3.057325601577759,
    3.2983627319335938,
    3.1827285289764404,
    3.433152437210083,
    3.4639315605163574,
    3.3147966861724854,
    3.5707011222839355,
    3.921234369277954,
    3.783633232116699,
    3.803406000137329,
    3.7384374141693115,
    3.8853096961975098,
    3.587296962738037,
    3.2910170555114746,
    3.378096342086792,
    3.7405214309692383,
    3.5291714668273926,
    2.9921510219573975,
    2.953099012374878,
    3.1459014415740967,
    3.3121232986450195,
    3.310682535171509,
    3.5312557220458984,
    3.7255210876464844,
    3.4226229190826416,
    3.1220004558563232,
    3.4206485748291016,
    3.7013180255889893,
    3.7421348094940186,
    3.633448362350464,
    3.539346218109131,
    3.426145076751709,
    3.351851224899292,
    3.7002384662628174,
    3.1663827896118164,
    3.020171642303467,
    3.3375253677368164,
    3.8000195026397705,
    3.7664411067962646,
    3.6488490104675293,
    3.5003371238708496,
    3.628784656524658,
    3.788309335708618,
    3.5668487548828125,
    3.454373359680176,
    3.7106375694274902,
    3.164494037628174,
    2.8453686237335205,
    3.027585744857788,
    3.0598604679107666,
    3.200265645980835,
    3.0731754302978516,
    3.1243467330932617,
    3.1170766353607178,
    3.0568759441375732,
    3.0790462493896484,
    3.298215627670288,
    3.309927225112915,
    3.0253288745880127,
    3.0631916522979736,
    3.0799317359924316,
    3.2604212760925293,
    3.257782459259033,
    3.502215623855591,
    3.50850510597229,
    3.5015246868133545,
    3.4735515117645264,
    3.455223798751831,
    3.4664456844329834,
    3.504533052444458,
    3.4352235794067383,
    3.5507051944732666,
    3.481029987335205,
    3.5333406925201416,
    3.72918963432312,
    3.6256814002990723,
    3.509676218032837,
    3.3932149410247803,
    3.336820363998413,
    3.338944911956787,
    3.3795342445373535,
    3.4698290824890137,
    3.5401217937469482,
    3.4780921936035156,
    3.211829662322998,
    3.596522808074951,
    3.8152854442596436,
    3.5699615478515625,
    3.2560317516326904,
    3.2831790447235107,
    3.439537286758423,
    3.304542303085327,
    3.2152864933013916,
    3.268097400665283,
    3.531726837158203,
    3.4750282764434814,
    3.1372692584991455,
    3.2418131828308105,
    3.4130685329437256,
    3.415632486343384,
    3.5311005115509033,
    3.5988214015960693,
    3.4268648624420166,
    3.4436190128326416,
    3.5835535526275635,
    3.359013795852661,
    3.2411227226257324,
    3.277620792388916,
    3.242119312286377,
    3.126239061355591,
    3.3648126125335693,
    3.5309503078460693,
    3.5225601196289062,
    3.506880283355713,
    3.600640296936035,
    4.061277389526367,
    4.137463569641113,
    4.282196521759033,
    4.0138349533081055,
    3.6152703762054443,
    3.2911510467529297,
    3.169965982437134,
    3.441593647003174,
    3.2833902835845947,
    3.1557796001434326,
    3.2683870792388916,
    3.3354902267456055,
    3.3558897972106934,
    3.4219655990600586,
    3.2514398097991943,
    3.4272851943969727,
    3.5240554809570312,
    3.491358995437622,
    3.379873037338257,
    3.4743857383728027,
    3.372779607772827,
    2.957615613937378,
    3.3547558784484863,
    3.626587152481079,
    3.0561177730560303,
    2.81645131111145,
    2.7715399265289307,
    3.0187253952026367,
    3.3353946208953857,
    3.2614316940307617,
    3.2146074771881104,
    3.301210403442383,
    3.327749729156494,
    3.5033113956451416,
    3.636603593826294,
    3.1682682037353516,
    2.8482401371002197,
    2.6260693073272705,
    2.779970407485962,
    2.9227230548858643,
    2.970889091491699,
    2.942375421524048,
    2.8921244144439697,
    3.1734554767608643,
    3.2701785564422607,
    3.3699581623077393,
    3.3603482246398926,
    3.421802282333374,
    3.225888252258301,
    3.4286177158355713,
    3.2526938915252686,
    3.2218120098114014,
    3.5327062606811523,
    3.3490025997161865,
    3.371821641921997,
    3.4971468448638916,
    3.590184450149536,
    3.482062339782715,
    3.63284969329834,
    3.812854766845703,
    3.762012243270874,
    3.4510011672973633,
    3.5218706130981445,
    3.5818581581115723,
    3.48447585105896,
    3.5728964805603027,
    3.663052558898926,
    3.4961588382720947,
    3.454979181289673,
    3.452836513519287,
    3.664020299911499,
    3.461641550064087,
    3.391869068145752,
    3.2990217208862305,
    3.049722909927368,
    3.467332124710083,
    3.43310546875,
    3.3718221187591553,
    3.036255359649658,
    3.038309335708618,
    3.077869176864624,
    3.1109471321105957,
    3.0948331356048584,
    3.155177116394043,
    3.1754720211029053,
    3.408430814743042,
    3.2280657291412354,
    3.1041693687438965,
    3.204693078994751,
    3.2747881412506104,
    3.1843745708465576,
    3.117690324783325,
    3.1499862670898438,
    3.1960902214050293,
    3.1741855144500732,
    3.3237905502319336,
    3.289358139038086,
    3.102214813232422,
    3.1272099018096924,
    2.958198308944702,
    3.2001211643218994,
    3.2356369495391846,
    3.156550884246826,
    3.3324108123779297,
    3.318734645843506,
    3.02871036529541,
    3.1159801483154297,
    3.1506919860839844,
    3.3062591552734375,
    3.3172004222869873,
    3.377180576324463,
    3.531093120574951,
    3.41542387008667,
    3.1374526023864746,
    3.0176310539245605,
    3.1919214725494385,
    3.284421682357788,
    3.189755916595459,
    2.9464032649993896,
    3.3277392387390137,
    3.494067430496216,
    3.4351425170898438,
    3.0322492122650146,
    2.7128045558929443,
    3.1130778789520264,
    3.2124183177948,
    3.474987506866455,
    3.7851502895355225,
    3.732057809829712,
    3.411290168762207,
    3.4868152141571045,
    3.6408610343933105,
    3.652411699295044,
    3.534986972808838,
