{
  "name": "hat_llm_fix",
  "seed": 42,
  "n_states": 256,
  "sigma_c2c": 0.01,
  "sigma_d2d": 0.0,
  "analog_layers": [
    0,
    1,
    2,
    3,
    4,
    5,
    6,
    7,
    8,
    9,
    10,
    11,
    12,
    13,
    14,
    15,
    16,
    17,
    18,
    19,
    20,
    21,
    22,
    23
  ],
  "lr": 1e-05,
  "max_steps": 100,
  "ppl_before": 983.6489616399084,
  "ppl_after": 15.640776683883084,
  "losses": [
    7.355225086212158,
    6.9595746994018555,
    6.676802158355713,
    7.075301647186279,
    6.315918922424316,
    6.28069543838501,
    6.1611456871032715,
    6.184752941131592,
    5.678574562072754,
    5.83396577835083,
    6.038657188415527,
    5.591887950897217,
    5.741621494293213,
    5.862843036651611,
    5.70219087600708,
    5.672829627990723,
    5.463810443878174,
    6.098196506500244,
    5.62030029296875,
    5.649949073791504,
    5.322813034057617,
    5.536154270172119,
    5.307377815246582,
    5.961419105529785,
    5.773672103881836,
    5.542133331298828,
    5.641609191894531,
    5.730890274047852,
    5.3979949951171875,
    5.679351329803467,
    5.865303039550781,
    5.333159923553467,
    5.190048694610596,
    5.152238845825195,
    4.653956890106201,
    5.204388618469238,
    5.328155517578125,
    5.35658597946167,
    5.514289855957031,
    5.440418243408203,
    5.40642786026001,
    5.285239219665527,
    5.33678674697876,
    5.559965133666992,
    5.489311695098877,
    5.3864264488220215,
    4.831454753875732,
    4.396113395690918,
    4.321709156036377,
    4.647874355316162,
    4.836177349090576,
    4.498804092407227,
    4.360093593597412,
    4.9180216789245605,
    5.615893840789795,
    5.535017967224121,
    5.323836803436279,
    5.2134246826171875,
    5.268734931945801,
    5.4946675300598145,
    5.012679100036621,
    4.803843021392822,
    4.950173377990723,
    4.731789588928223,
    4.956960678100586,
    4.727447986602783,
    4.759792804718018,
    5.205161094665527,
    4.655474662780762,
    4.691379070281982,
    4.401782035827637,
    4.2122063636779785,
    3.8934011459350586,
    4.4692487716674805,
    4.445274353027344,
    4.194422245025635,
    4.3032708168029785,
    4.170794486999512,
    4.381856441497803,
    4.28135347366333,
    4.088155269622803,
    3.980570077896118,
    4.13116979598999,
    4.198043346405029,
    3.7220914363861084,
    3.600800037384033,
    3.865068197250366,
    4.128898620605469,
    3.7786705493927,
    3.5667364597320557,
    2.95274019241333,
    3.335409164428711,
    3.1246023178100586,
    3.4181060791015625,
    3.5009772777557373,
    3.4300434589385986,
    3.0142738819122314,
    2.901049852371216,
    2.8511509895324707,
    3.3832449913024902
  ]
}