{
  "full_grid": {
    "total_variance": 907.6416444918116,
    "S_d2d": 0.018290576985304376,
    "S_adc": 0.9757860503806441,
    "S_interaction": 0.005923372634051516,
    "interpretation": "S_d2d + S_adc + S_interaction = 1.0"
  },
  "operational_region": {
    "filter": "D2D <= 15%, ADC >= 6-bit",
    "total_variance": 6.05161502333332,
    "S_d2d": 0.9217694607404294,
    "S_adc": 0.04060646898890714,
    "S_interaction": 0.03762407027066343
  },
  "conditional_means": {
    "d2d_values": [
      1.0,
      3.0,
      5.0,
      8.0,
      10.0,
      15.0,
      20.0
    ],
    "mean_acc_by_d2d": [
      66.103,
      66.863,
      65.71,
      64.95877777777778,
      64.69433333333333,
      61.41311111111112,
      54.260666666666665
    ],
    "adc_values": [
      2,
      3,
      4,
      5,
      6,
      7,
      8,
      10,
      12
    ],
    "mean_acc_by_adc": [
      10.66157142857143,
      14.730285714285715,
      44.76571428571428,
      76.45585714285714,
      83.64642857142856,
      85.202,
      84.36614285714288,
      85.27971428571429,
      85.75314285714286
    ]
  }
}