{
  "V4_Standard": {
    "mean": 10.0,
    "std": 0.0,
    "instances": [
      10.0,
      10.0,
      10.0,
      10.0,
      10.0,
      10.0,
      10.0,
      10.0,
      10.0,
      10.0
    ]
  },
  "V4_Ensemble": {
    "mean": 86.36500000000001,
    "std": 1.5350085993244453,
    "instances": [
      87.282,
      88.612,
      87.358,
      84.066,
      85.554,
      85.182,
      86.914,
      87.768,
      87.104,
      83.81
    ]
  }
}