{
  "name": "hat_c2c001_500_ctx512",
  "seed": 42,
  "n_states": 256,
  "sigma_c2c": 0.01,
  "sigma_d2d": 0.0,
  "analog_layers": [
    0,
    1,
    2,
    3,
    4,
    5,
    6,
    7,
    8,
    9,
    10,
    11,
    12,
    13,
    14,
    15,
    16,
    17,
    18,
    19,
    20,
    21,
    22,
    23
  ],
  "lr": 1e-05,
  "max_steps": 500,
  "ppl_before": 42.13317799640138,
  "ppl_after": 19.970441555100805,
  "losses": [
    3.70168137550354,
    3.680927276611328,
    4.00924015045166,
    4.374517440795898,
    3.8279836177825928,
    3.9791831970214844,
    3.7722198963165283,
    3.353994369506836,
    3.434802532196045,
    3.577820062637329,
    3.595912456512451,
    3.292616128921509,
    3.5079567432403564,
    3.865018844604492,
    3.607905626296997,
    3.5865702629089355,
    3.454585313796997,
    3.196420907974243,
    3.2873799800872803,
    3.2016537189483643,
    3.4536945819854736,
    3.4938223361968994,
    3.176198959350586,
    3.4003241062164307,
    3.3632490634918213,
    3.417187452316284,
    3.852470636367798,
    3.6896259784698486,
    3.2111592292785645,
    3.4294235706329346,
    3.7138726711273193,
    3.4318742752075195,
    3.202368974685669,
    3.201259136199951,
    2.9849157333374023,
    3.243393898010254,
    3.2841596603393555,
    3.4877452850341797,
    3.421278238296509,
    3.5123276710510254,
    3.644242286682129,
    3.4766290187835693,
    3.5208325386047363,
    3.630535840988159,
    3.6277129650115967,
    3.4814045429229736,
    3.035815954208374,
    2.506868839263916,
    2.406447649002075,
    2.925711154937744,
    3.182401180267334,
    3.0966012477874756,
    2.880986213684082,
    3.2024545669555664,
    3.1967883110046387,
    3.146606683731079,
    3.3356707096099854,
    3.2342605590820312,
    2.973719358444214,
    2.9805891513824463,
    2.8726627826690674,
    2.8841817378997803,
    2.8877015113830566,
    2.884913206100464,
    2.773404598236084,
    2.9203591346740723,
    3.106548309326172,
    3.300809621810913,
    3.239924669265747,
    3.0314111709594727,
    2.8552427291870117,
    2.643516778945923,
    2.6559910774230957,
    2.922764539718628,
    2.9434523582458496,
    2.9975204467773438,
    2.763648271560669,
    2.6782383918762207,
    3.13512921333313,
    3.5157599449157715,
    3.442742347717285,
    3.439826488494873,
    3.5442676544189453,
    3.5954697132110596,
    3.2649519443511963,
    2.967961311340332,
    3.150683641433716,
    3.365222692489624,
    3.1050899028778076,
    2.6695337295532227,
    2.5211689472198486,
    2.8082029819488525,
    3.0022382736206055,
    2.969473123550415,
    3.196608781814575,
    3.4250497817993164,
    3.021770715713501,
    2.826347827911377,
    3.034747838973999,
    3.3519248962402344,
    3.3858587741851807,
    3.304816961288452,
    3.179957389831543,
    3.04649019241333,
    3.0331549644470215,
    3.3067610263824463,
    2.7146127223968506,
    2.577779531478882,
    2.948586940765381,
    3.1995551586151123,
    3.350196123123169,
    3.214198589324951,
    3.1833536624908447,
    3.232717275619507,
    3.3665828704833984,
    3.124854326248169,
    3.0895462036132812,
    3.3375422954559326,
    2.780733346939087,
    2.555180072784424,
    2.7461352348327637,
    2.704021692276001,
    2.813110589981079,
    2.750795841217041,
    2.764939069747925,
    2.8699393272399902,
    2.7352700233459473,
    2.784268617630005,
    3.043914318084717,
    2.981297731399536,
    2.611518383026123,
    2.6965510845184326,
    2.7250266075134277,
    2.9455292224884033,
    2.884387254714966,
    3.001953363418579,
    3.2602503299713135,
    3.238811731338501,
    3.153867244720459,
    3.1352081298828125,
    3.1775355339050293,
    3.235159158706665,
    3.2351653575897217,
    3.366687774658203,
    3.1944007873535156,
    3.373117685317993,
    3.505272626876831,
    3.3421385288238525,
    3.2723448276519775,
    3.1801626682281494,
    3.0847034454345703,
    3.1258811950683594,
    3.052316665649414,
    3.193594217300415,
    3.333096504211426,
    3.184408187866211,
    2.9175684452056885,
    3.2474493980407715,
    3.503061294555664,
    3.23177433013916,
    2.9325499534606934,
    3.054152727127075,
    3.2410576343536377,
    3.1190810203552246,
    2.993617534637451,
    3.025660514831543,
    3.2885143756866455,
    3.1998164653778076,
    2.9346506595611572,
    3.131166934967041,
    3.2205517292022705,
    3.2746105194091797,
    3.2861111164093018,
    3.457298517227173,
    3.2196438312530518,
    3.187702178955078,
    3.301852226257324,
    3.1633527278900146,
    3.029123067855835,
    3.0160739421844482,
    2.9503672122955322,
    2.9080922603607178,
    3.111558198928833,
    3.317241907119751,
    3.229440689086914,
    3.185246229171753,
    3.3303942680358887,
    3.733968496322632,
    3.736825704574585,
    3.8521175384521484,
    3.6023542881011963,
    3.4310426712036133,
    2.9864742755889893,
    2.8511805534362793,
    3.1069447994232178,
    3.0115435123443604,
    2.8203468322753906,
    2.9449462890625,
    3.0484657287597656,
    3.117737054824829,
    3.173170566558838,
    3.016167163848877,
    3.1317362785339355,
    3.157679557800293,
    3.2786505222320557,
    3.1531736850738525,
    3.1548585891723633,
    3.1517586708068848,
    2.7096219062805176,
    3.117394208908081,
    3.399411678314209,
    2.887072801589966,
    2.705352306365967,
    2.595212697982788,
    2.8043875694274902,
    3.0165390968322754,
    2.964165210723877,
    2.998678684234619,
    3.1503961086273193,
    3.1449527740478516,
    3.267991781234741,
    3.324927568435669,
    2.8518006801605225,
    2.509385824203491,
    2.371530771255493,
    2.500473976135254,
    2.643375873565674,
    2.6385927200317383,
    2.5380184650421143,
    2.659808874130249,
    2.8918538093566895,
    3.095689058303833,
    2.98187518119812,
    3.0702927112579346,
    3.226630210876465,
    2.935368776321411,
    3.279472827911377,
    2.994194269180298,
    2.97499942779541,
    3.2704455852508545,
    3.063145399093628,
    3.1504933834075928,
    3.264864683151245,
    3.3809781074523926,
    3.359079599380493,
    3.3955299854278564,
    3.579009532928467,
    3.5822317600250244,
    3.2242889404296875,
    3.3737895488739014,
    3.3427579402923584,
    3.336366653442383,
    3.351999521255493,
    3.3825342655181885,
    3.2204363346099854,
    3.2275161743164062,
    3.1959450244903564,
    3.4568583965301514,
    3.242997884750366,
    3.1755919456481934,
    3.048563003540039,
    2.8899900913238525,
    3.238154888153076,
    3.1037261486053467,
    3.1606345176696777,
    2.880620002746582,
    2.8339831829071045,
    2.853947162628174,
    2.7922232151031494,
    2.873018741607666,
    2.9315109252929688,
    2.8850302696228027,
    3.1157023906707764,
    2.924382448196411,
    2.8269193172454834,
    2.91776967048645,
    2.9516799449920654,
    3.010834217071533,
    2.9088187217712402,
    2.9785327911376953,
    3.0178511142730713,
    2.9447860717773438,
    3.0401864051818848,
    3.0577056407928467,
    2.846634864807129,
    2.9194300174713135,
    2.722388505935669,
    2.9447948932647705,
    3.016296863555908,
    2.9649412631988525,
    3.1712653636932373,
    3.1321816444396973,
    2.823868989944458,
    2.9817955493927,
    3.0206499099731445,
    3.1082804203033447,
    3.05012845993042,
    3.1863253116607666,
    3.3261029720306396,
    3.2298202514648438,
    2.953869104385376,
    2.8468143939971924,
    3.0191762447357178,
    3.1331207752227783,
    3.0060243606567383,
    2.872056007385254,
    3.112929344177246,
    3.282808780670166,
    3.2081472873687744,
    2.790004014968872,
    2.4640953540802,
    2.7881922721862793,
    2.9126479625701904,
    3.230868339538574,
    3.5398967266082764,
    3.572114944458008,
    3.151278018951416,
    3.311404228210449,
    3.414497137069702,
    3.3744730949401855,
    3.3197970390319824,
    3.0692052841186523,
