{
  "name": "hat_d2d0025_1024",
  "seed": 42,
  "n_states": 256,
  "sigma_c2c": 0.0,
  "sigma_d2d": 0.025,
  "analog_layers": [
    0,
    1,
    2,
    3,
    4,
    5,
    6,
    7,
    8,
    9,
    10,
    11,
    12,
    13,
    14,
    15,
    16,
    17,
    18,
    19,
    20,
    21,
    22,
    23
  ],
  "lr": 1e-05,
  "max_steps": 200,
  "ppl_before": 3001.7387233797153,
  "ppl_after": 135.96233231118592,
  "losses": [
    8.434884071350098,
    8.053409576416016,
    7.9077348709106445,
    8.21232795715332,
    6.9349164962768555,
    7.066082000732422,
    7.404943943023682,
    7.35037899017334,
    7.17184591293335,
    6.530877590179443,
    6.398710250854492,
    6.860109329223633,
    6.763836860656738,
    6.6145453453063965,
    6.862619876861572,
    6.933920383453369,
    6.1284871101379395,
    6.464818477630615,
    6.81465482711792,
    6.583991527557373,
    6.479992389678955,
    6.789121150970459,
    6.594391822814941,
    6.276270866394043,
    6.5476908683776855,
    6.07007360458374,
    6.704078197479248,
    6.572222709655762,
    6.879354953765869,
    6.842217445373535,
    6.483800888061523,
    6.346943378448486,
    6.11562442779541,
    6.208939552307129,
    6.14088249206543,
    6.025973796844482,
    6.020230770111084,
    5.9588189125061035,
    6.517879009246826,
    6.1626458168029785,
    6.090740203857422,
    6.2780232429504395,
    6.243113994598389,
    6.194366931915283,
    6.107442855834961,
    6.080809116363525,
    6.060850620269775,
    6.358450889587402,
    6.0155463218688965,
    6.152126312255859,
    6.120174407958984,
    6.2261481285095215,
    6.263382911682129,
    6.011830806732178,
    6.406123161315918,
    6.450368404388428,
    6.476083755493164,
    6.271341323852539,
    6.508224010467529,
    6.045568466186523,
    5.6479997634887695,
    5.643293380737305,
    5.585365295410156,
    5.754154682159424,
    6.065934181213379,
    5.957296371459961,
    6.093162536621094,
    6.179402828216553,
    5.791437149047852,
    5.8235368728637695,
    5.8687968254089355,
    5.8034443855285645,
    5.82932710647583,
    5.853780746459961,
    5.57278299331665,
    5.548834323883057,
    5.573685169219971,
    5.41428279876709,
    5.447306156158447,
    5.662424087524414,
    5.5011749267578125,
    5.518006801605225,
    5.526047229766846,
    5.379546642303467,
    5.07807731628418,
    5.391135215759277,
    5.303769111633301,
    5.557253360748291,
    5.471199989318848,
    5.494543552398682,
    5.840489387512207,
    5.897636890411377,
    5.95244836807251,
    6.1426849365234375,
    6.286153793334961,
    6.15748405456543,
    5.712187767028809,
    5.68634557723999,
    5.5073561668396,
    5.476383686065674,
    5.580144882202148,
    5.6404242515563965,
    5.832916259765625,
    5.816040515899658,
    5.538605213165283,
    5.4613189697265625,
    5.3166117668151855,
    5.400320053100586,
    5.278287410736084,
    5.5264363288879395,
    5.9241042137146,
    5.499276161193848,
    5.302134037017822,
    5.29491662979126,
    5.279996395111084,
    5.94598913192749,
    6.1724443435668945,
    5.931729316711426,
    5.7851481437683105,
    5.721817493438721,
    5.336875915527344,
    5.4404072761535645,
    5.8078508377075195,
    5.794259548187256,
    5.481856822967529,
    5.462128162384033,
    5.4516282081604,
    5.157107830047607,
    5.277556896209717,
    5.520576000213623,
    5.57089900970459,
    5.390815258026123,
    5.103086948394775,
    5.084444046020508,
    5.594757556915283,
    5.969057083129883,
    5.400210380554199,
    5.304755687713623,
    5.422110557556152,
    5.177938461303711,
    5.120626449584961,
    5.326641082763672,
    5.254398345947266,
    5.391568183898926,
    5.2857255935668945,
    5.231316089630127,
    5.253884792327881,
    5.256255149841309,
    5.291593551635742,
    5.313427925109863,
    5.003589630126953,
    5.045291900634766,
    5.190853595733643,
    5.429742813110352,
    5.434564590454102,
    4.9936041831970215,
    5.492454528808594,
    5.573503017425537,
    5.5515456199646,
    5.789830207824707,
    5.60300350189209,
    5.3191118240356445,
    5.61941385269165,
    5.576932907104492,
    5.3910441398620605,
    5.384712219238281,
    5.389904022216797,
    4.807872295379639,
    4.9694695472717285,
    5.138514041900635,
    5.2099809646606445,
    5.252410888671875,
    5.255853652954102,
    5.398452281951904,
    5.051624298095703,
    4.973104000091553,
    4.897523880004883,
    4.7306809425354,
    4.834560394287109,
    5.014980792999268,
    5.291667938232422,
    5.114013195037842,
    4.934027671813965,
    5.150518894195557,
    4.995969772338867,
    5.009905815124512,
    4.923285484313965,
    4.722761631011963,
    4.815343856811523,
    4.797249794006348,
    4.667222499847412,
    4.714781284332275,
    4.789155006408691,
    4.914397716522217,
    5.115586757659912,
    4.918283462524414,
    5.065877437591553,
    5.100972652435303,
    5.146693229675293,
    5.129637718200684
  ]
}