{
  "name": "hat_d2d000_500_ctx512",
  "seed": 42,
  "n_states": 256,
  "sigma_c2c": 0.0,
  "sigma_d2d": 0.0,
  "analog_layers": [
    0,
    1,
    2,
    3,
    4,
    5,
    6,
    7,
    8,
    9,
    10,
    11,
    12,
    13,
    14,
    15,
    16,
    17,
    18,
    19,
    20,
    21,
    22,
    23
  ],
  "lr": 1e-05,
  "max_steps": 500,
  "ppl_before": 23.8625807989686,
  "ppl_after": 18.280031929712205,
  "losses": [
    3.1229074001312256,
    3.3921401500701904,
    3.566516637802124,
    3.7234978675842285,
    3.403787612915039,
    3.458609104156494,
    3.374577760696411,
    2.9817490577697754,
    3.0161828994750977,
    3.202749013900757,
    3.215273141860962,
    2.906191825866699,
    3.245875120162964,
    3.5059969425201416,
    3.223381280899048,
    3.2351386547088623,
    3.0955796241760254,
    2.841226577758789,
    2.8313021659851074,
    2.9456028938293457,
    3.176140308380127,
    3.219809055328369,
    2.9706029891967773,
    3.229383707046509,
    3.1082887649536133,
    3.1247596740722656,
    3.487152338027954,
    3.4241533279418945,
    2.951864004135132,
    3.220499277114868,
    3.449838876724243,
    3.2624752521514893,
    3.0129871368408203,
    2.923685073852539,
    2.7996819019317627,
    3.016127824783325,
    3.0682942867279053,
    3.2049992084503174,
    3.2167904376983643,
    3.2938311100006104,
    3.4542226791381836,
    3.2727928161621094,
    3.288973569869995,
    3.4478137493133545,
    3.4337170124053955,
    3.298499584197998,
    2.820730686187744,
    2.2834300994873047,
    2.19341778755188,
    2.732051372528076,
    2.9775102138519287,
    2.80403208732605,
    2.639101028442383,
    2.9887051582336426,
    2.967578172683716,
    2.9683051109313965,
    3.129878044128418,
    2.976849317550659,
    2.6860930919647217,
    2.70088791847229,
    2.669255018234253,
    2.663238048553467,
    2.6136960983276367,
    2.611891984939575,
    2.5076897144317627,
    2.5985565185546875,
    2.8239736557006836,
    3.1073529720306396,
    2.9408583641052246,
    2.8414103984832764,
    2.6866984367370605,
    2.4332549571990967,
    2.486802339553833,
    2.751661539077759,
    2.703721523284912,
    2.739914655685425,
    2.5554616451263428,
    2.5077242851257324,
    2.989133596420288,
    3.438023567199707,
    3.293335199356079,
    3.3032569885253906,
    3.3534066677093506,
    3.4588847160339355,
    3.081024646759033,
    2.778162956237793,
    2.9351999759674072,
    3.1940624713897705,
    2.936711311340332,
    2.5481319427490234,
    2.335829973220825,
    2.6583433151245117,
    2.803131103515625,
    2.826234817504883,
    3.0862021446228027,
    3.244737148284912,
    2.8691306114196777,
    2.623260259628296,
    2.8680078983306885,
    3.2211153507232666,
    3.1658036708831787,
    3.0753321647644043,
    2.9643173217773438,
    2.8611440658569336,
    2.895845413208008,
    3.1107964515686035,
    2.5189690589904785,
    2.4300053119659424,
    2.7265172004699707,
    2.9793365001678467,
    3.0436222553253174,
    2.9565882682800293,
    2.936478614807129,
    3.1741952896118164,
    3.1878855228424072,
    2.9510698318481445,
    2.9333815574645996,
    3.119401454925537,
    2.6827361583709717,
    2.3920369148254395,
    2.6001791954040527,
    2.6166892051696777,
    2.6792023181915283,
    2.601132392883301,
    2.579195737838745,
    2.7145392894744873,
    2.643341541290283,
    2.669722557067871,
    2.92277193069458,
    2.887234926223755,
    2.484110116958618,
    2.514538526535034,
    2.6300387382507324,
    2.835998058319092,
    2.7685623168945312,
    2.886183500289917,
    3.1211845874786377,
    3.073577642440796,
    3.0775628089904785,
    3.0788352489471436,
    3.0552432537078857,
    3.0972704887390137,
    3.101055860519409,
    3.1590416431427,
    3.0471622943878174,
    3.270507574081421,
    3.411738634109497,
    3.2324352264404297,
    3.169447183609009,
    3.0640430450439453,
    2.9656333923339844,
    2.9869022369384766,
    2.9027066230773926,
    3.0525894165039062,
    3.2097175121307373,
    3.1179590225219727,
    2.8227388858795166,
    3.1326019763946533,
    3.2909321784973145,
    3.0344855785369873,
    2.8124277591705322,
    2.892411470413208,
    3.1398940086364746,
    2.9987897872924805,
    2.8959872722625732,
    2.933372974395752,
    3.1488358974456787,
    3.080247640609741,
    2.841966390609741,
    3.006904125213623,
    3.090264081954956,
    3.115790367126465,
    3.1305267810821533,
    3.309574604034424,
    3.0993316173553467,
    3.020498752593994,
    3.203289031982422,
    3.0431971549987793,
    2.8525314331054688,
    2.796064853668213,
    2.7928550243377686,
    2.771082878112793,
    2.98433518409729,
    3.160963296890259,
    3.1393179893493652,
    3.1335372924804688,
    3.2414803504943848,
    3.547253131866455,
    3.5841004848480225,
    3.7166943550109863,
    3.5028505325317383,
    3.268357753753662,
    2.870255470275879,
    2.8101911544799805,
    3.0041754245758057,
    2.9102940559387207,
    2.6842761039733887,
    2.8636622428894043,
    2.917731285095215,
    3.0133001804351807,
    3.078537940979004,
    2.951545238494873,
    3.0833635330200195,
    3.0553460121154785,
    3.115727663040161,
    2.982107162475586,
    3.0462329387664795,
    3.0292532444000244,
    2.58904767036438,
    3.016963243484497,
    3.314206600189209,
    2.8224422931671143,
    2.610076665878296,
    2.49769926071167,
    2.663933277130127,
    2.985327959060669,
    2.850384473800659,
    2.906775712966919,
    3.064776659011841,
    3.048562526702881,
    3.204726219177246,
    3.2125067710876465,
    2.7297520637512207,
    2.389488697052002,
    2.2658488750457764,
    2.3619089126586914,
    2.546269416809082,
    2.5869805812835693,
    2.496249198913574,
    2.5720267295837402,
    2.802468776702881,
    2.9377872943878174,
    2.85305118560791,
    2.9030721187591553,
    3.092027187347412,
    2.8518776893615723,
    3.1455769538879395,
    2.863788604736328,
    2.877617835998535,
    3.1773247718811035,
    2.9719552993774414,
    3.0251095294952393,
    3.1662769317626953,
    3.2739341259002686,
    3.1916983127593994,
    3.269939422607422,
    3.4927663803100586,
    3.5360774993896484,
    3.178607225418091,
    3.2565009593963623,
    3.2821455001831055,
    3.2460978031158447,
    3.2851686477661133,
    3.320779800415039,
    3.1758413314819336,
    3.138747453689575,
    3.1428375244140625,
    3.354078531265259,
    3.1810131072998047,
    3.072885274887085,
    2.953265905380249,
    2.694404363632202,
    3.1054294109344482,
    3.001720428466797,
    2.999741554260254,
    2.7462964057922363,
    2.695431709289551,
    2.692323923110962,
    2.689213275909424,
    2.78108811378479,
    2.8475711345672607,
    2.797750949859619,
    2.974792242050171,
    2.797931432723999,
    2.6849372386932373,
    2.7429521083831787,
    2.811537265777588,
    2.8757145404815674,
    2.822356939315796,
    2.926841974258423,
    2.887234687805176,
    2.8573405742645264,
    2.9351444244384766,
    2.91414475440979,
    2.789808511734009,
    2.822889804840088,
    2.6630263328552246,
    2.8896470069885254,
    2.8540186882019043,
    2.852754831314087,
    3.023322820663452,
    2.9478979110717773,
    2.7295358180999756,
    2.7479441165924072,
    2.863412857055664,
    2.9661827087402344,
    2.9799396991729736,
    3.085719347000122,
    3.2448203563690186,
    3.1599600315093994,
    2.8633437156677246,
    2.7671713829040527,
    2.889955759048462,
    3.018278121948242,
    2.902580976486206,
    2.789703130722046,
    3.062079429626465,
    3.1588473320007324,
    3.104191303253174,
    2.673774003982544,
    2.3802099227905273,
    2.702617883682251,
    2.780479669570923,
    3.084583282470703,
    3.424103021621704,
    3.4067602157592773,
    3.0795176029205322,
    3.183412790298462,
    3.3387694358825684,
    3.295436143875122,
    3.132838726043701,
    2.9069578647613525,
