{
  "name": "hat_d2d0035_200_ctx1024",
  "seed": 42,
  "n_states": 256,
  "sigma_c2c": 0.0,
  "sigma_d2d": 0.035,
  "analog_layers": [
    0,
    1,
    2,
    3,
    4,
    5,
    6,
    7,
    8,
    9,
    10,
    11,
    12,
    13,
    14,
    15,
    16,
    17,
    18,
    19,
    20,
    21,
    22,
    23
  ],
  "lr": 1e-05,
  "max_steps": 200,
  "ppl_before": 284.3576434779022,
  "ppl_after": 30.16469183274268,
  "losses": [
    5.960735321044922,
    5.7412004470825195,
    5.855483055114746,
    5.4358744621276855,
    4.944082260131836,
    4.963296890258789,
    5.243696212768555,
    5.330260753631592,
    4.857560634613037,
    4.485299110412598,
    4.4903974533081055,
    4.630987167358398,
    4.643130302429199,
    4.6769914627075195,
    4.491690635681152,
    4.754147052764893,
    4.189904689788818,
    4.3363261222839355,
    4.5055155754089355,
    4.59286642074585,
    4.515588760375977,
    4.46046257019043,
    4.417895793914795,
    3.800654172897339,
    3.7232561111450195,
    3.855926513671875,
    4.0811638832092285,
    4.371630668640137,
    4.158771514892578,
    4.030337333679199,
    3.913800001144409,
    3.9563729763031006,
    4.003718852996826,
    4.134594917297363,
    4.046258926391602,
    3.7676963806152344,
    3.581946849822998,
    3.7456557750701904,
    4.102275371551514,
    4.125932216644287,
    4.076800346374512,
    4.125105381011963,
    3.9096992015838623,
    3.967606544494629,
    3.5794527530670166,
    3.44232177734375,
    3.8164374828338623,
    3.8986003398895264,
    3.785489559173584,
    3.9511489868164062,
    4.063107013702393,
    3.79300856590271,
    3.858525514602661,
    3.649703025817871,
    3.9695422649383545,
    4.16704797744751,
    4.245469093322754,
    4.2493181228637695,
    3.7970261573791504,
    3.6472549438476562,
    3.3858892917633057,
    3.4540164470672607,
    3.471482038497925,
    3.6863505840301514,
    3.617163896560669,
    3.4240520000457764,
    3.7123167514801025,
    3.9472506046295166,
    3.786809206008911,
    3.8328840732574463,
    3.9518606662750244,
    3.9799957275390625,
    4.026764869689941,
    4.007747173309326,
    3.691091537475586,
    3.661771059036255,
    3.823810577392578,
    3.8291332721710205,
    3.8929271697998047,
    3.928459405899048,
    3.6413731575012207,
    3.729921817779541,
    3.750171661376953,
    3.6593105792999268,
    3.5499789714813232,
    3.783398151397705,
    3.7576589584350586,
    3.823690891265869,
    3.7526626586914062,
    3.633199691772461,
    3.66439151763916,
    3.7519545555114746,
    3.860100507736206,
    4.145074844360352,
    4.338296890258789,
    4.070494174957275,
    3.724486827850342,
    3.5662169456481934,
    3.5073606967926025,
    3.619752883911133,
    3.776104688644409,
    3.6953508853912354,
    3.8228516578674316,
    3.4755754470825195,
    3.606753349304199,
    3.599322557449341,
    3.2132632732391357,
    3.4789206981658936,
    3.5837953090667725,
    3.8118112087249756,
    3.761683464050293,
    3.32014799118042,
    3.1116783618927,
    3.262141466140747,
    3.3453776836395264,
    3.6108598709106445,
    3.7410433292388916,
    3.838595151901245,
    3.6795833110809326,
    3.624523878097534,
    3.6187264919281006,
    3.7684569358825684,
    3.9044463634490967,
    3.894322395324707,
    3.8516783714294434,
    3.7425265312194824,
    3.827242374420166,
    3.742929220199585,
    3.6907904148101807,
    3.77063250541687,
    3.824444532394409,
    3.6865434646606445,
    3.3926384449005127,
    3.2605667114257812,
    3.4853358268737793,
    3.627903461456299,
    3.507469654083252,
    3.5161995887756348,
    3.488057851791382,
    3.474921464920044,
    3.564021587371826,
    3.5978164672851562,
    3.412182331085205,
    3.3292157649993896,
    3.4339516162872314,
    3.4683988094329834,
    3.4882946014404297,
    3.628243923187256,
    3.6814169883728027,
    3.6992945671081543,
    3.4129297733306885,
    3.423318862915039,
    3.6221842765808105,
    3.681040048599243,
    3.4180855751037598,
    3.2744317054748535,
    3.7365195751190186,
    3.8538239002227783,
    3.790513277053833,
    3.915851354598999,
    3.7991578578948975,
    3.6361379623413086,
    3.8336753845214844,
    3.478742837905884,
    3.2543251514434814,
    3.4018795490264893,
    3.437958002090454,
    3.0719923973083496,
    3.207225799560547,
    3.356724739074707,
    3.371657371520996,
    3.458404541015625,
    3.6391890048980713,
    3.7075583934783936,
    3.407166004180908,
    3.227701187133789,
    3.1821794509887695,
    2.9006905555725098,
    2.7568681240081787,
    3.2540016174316406,
    3.4621806144714355,
    3.395047426223755,
    3.4360923767089844,
    3.6315009593963623,
    3.68898606300354,
    3.5136992931365967,
    3.5517189502716064,
    3.717679500579834,
    3.7243268489837646,
    3.7361090183258057,
    3.5161244869232178,
    3.6437647342681885,
    3.692542314529419,
    3.5683536529541016,
    3.360783338546753,
    3.2283670902252197,
    3.3423829078674316,
    3.528366804122925,
    3.46974515914917,
    3.4106059074401855
  ]
}