{
  "name": "hat_d2d002_all",
  "seed": 42,
  "n_states": 256,
  "sigma_c2c": 0.0,
  "sigma_d2d": 0.02,
  "analog_layers": [
    0,
    1,
    2,
    3,
    4,
    5,
    6,
    7,
    8,
    9,
    10,
    11,
    12,
    13,
    14,
    15,
    16,
    17,
    18,
    19,
    20,
    21,
    22,
    23
  ],
  "lr": 1e-05,
  "max_steps": 200,
  "ppl_before": 1459.0505200016034,
  "ppl_after": 1.6189006957499041,
  "losses": [
    7.892119884490967,
    7.274013519287109,
    6.745437145233154,
    7.468847274780273,
    6.873082160949707,
    6.71264123916626,
    6.727107048034668,
    6.6903252601623535,
    6.225978851318359,
    6.301668643951416,
    6.6374969482421875,
    6.252492904663086,
    6.171884059906006,
    6.296199798583984,
    6.168488025665283,
    6.183480739593506,
    6.05741024017334,
    6.574569225311279,
    5.880746364593506,
    5.908439636230469,
    5.809962749481201,
    5.773771286010742,
    5.510187149047852,
    6.364914894104004,
    6.186167240142822,
    6.000196933746338,
    5.9778642654418945,
    6.038489818572998,
    5.8842010498046875,
    6.033620834350586,
    6.105867385864258,
    5.6843671798706055,
    5.6218438148498535,
    5.479238510131836,
    5.1868205070495605,
    5.565910816192627,
    5.733580589294434,
    5.734689712524414,
    5.7985639572143555,
    5.886627197265625,
    5.521758556365967,
    5.603678226470947,
    5.8729047775268555,
    5.8884968757629395,
    5.9803242683410645,
    5.749667644500732,
    5.271044731140137,
    4.803659915924072,
    4.770547866821289,
    5.137193202972412,
    5.505788803100586,
    4.869625091552734,
    5.072505950927734,
    5.511138916015625,
    6.230584144592285,
    6.02805757522583,
    5.6986613273620605,
    6.009550094604492,
    5.898462295532227,
    6.064184188842773,
    5.466416835784912,
    5.242551326751709,
    5.471996784210205,
    5.256809234619141,
    5.318045139312744,
    5.397557258605957,
    5.307194709777832,
    5.519693851470947,
    5.359180927276611,
    5.291266918182373,
    5.127787113189697,
    4.975971221923828,
    4.548492908477783,
    4.9405903816223145,
    4.981328964233398,
    5.241747856140137,
    5.16222620010376,
    5.35573148727417,
    5.375982284545898,
    5.224876880645752,
    5.113679885864258,
    5.129652976989746,
    5.175439834594727,
    5.397278785705566,
    5.264948844909668,
    5.04148530960083,
    5.137849807739258,
    5.386671543121338,
    5.014251232147217,
    4.755199909210205,
    4.484283447265625,
    4.8656768798828125,
    4.566958427429199,
    4.794717788696289,
    5.15030574798584,
    4.981451988220215,
    4.734641075134277,
    4.585490703582764,
    4.715071678161621,
    4.9820237159729,
    4.858503341674805,
    4.825952529907227,
    4.8372578620910645,
    4.671087741851807,
    4.328140735626221,
    4.812562942504883,
    4.7344536781311035,
    4.221462249755859,
    4.587118148803711,
    4.848797798156738,
    4.978651523590088,
    4.998750686645508,
    4.6103644371032715,
    4.579580783843994,
    4.575889587402344,
    4.469559669494629,
    4.143486499786377,
    4.269472122192383,
    3.9022281169891357,
    3.955354928970337,
    3.392595052719116,
    3.4256157875061035,
    3.6079788208007812,
    3.7712771892547607,
    3.4068567752838135,
    3.2199480533599854,
    3.3195271492004395,
    3.205420970916748,
    3.494030237197876,
    3.3882203102111816,
    3.4324803352355957,
    3.27778959274292,
    3.0825164318084717,
    2.8580751419067383,
    3.1165237426757812,
    3.3847756385803223,
    2.8300399780273438,
    3.1219422817230225,
    3.0932960510253906,
    3.0337421894073486,
    2.974837303161621,
    2.7614784240722656,
    2.5134570598602295,
    2.5776283740997314,
    2.4442710876464844,
    2.468268632888794,
    2.5409798622131348,
    2.53910756111145,
    2.3325986862182617,
    2.1807363033294678,
    1.7931574583053589,
    2.0320897102355957,
    2.247459888458252,
    1.9630571603775024,
    1.9884510040283203,
    2.040703535079956,
    1.7339295148849487,
    1.501924991607666,
    1.7454485893249512,
    1.8352938890457153,
    1.591125249862671,
    1.6461334228515625,
    1.9064769744873047,
    1.4787784814834595,
    1.4416062831878662,
    1.235061764717102,
    1.4598698616027832,
    1.3455172777175903,
    1.1248818635940552,
    1.0803622007369995,
    1.2717289924621582,
    1.182867407798767,
    0.9710416793823242,
    1.2745966911315918,
    1.0900095701217651,
    1.2184467315673828,
    0.9434928297996521,
    0.9718577265739441,
    0.8634140491485596,
    0.8820889592170715,
    0.9201138019561768,
    0.8949018716812134,
    0.8694176077842712,
    1.1237504482269287,
    0.7357834577560425,
    0.7481087446212769,
    0.9435451626777649,
    1.0713531970977783,
    0.7163563370704651,
    0.838911771774292,
    0.7099747657775879,
    0.8455758690834045,
    0.7586777210235596,
    0.5854056477546692,
    0.5960313081741333,
    0.640845775604248,
    0.46351733803749084,
    0.35568973422050476,
    0.6152766346931458,
    0.46818017959594727
  ]
}