{
  "name": "hat_d2d0025_500_ctx512",
  "seed": 42,
  "n_states": 256,
  "sigma_c2c": 0.0,
  "sigma_d2d": 0.025,
  "analog_layers": [
    0,
    1,
    2,
    3,
    4,
    5,
    6,
    7,
    8,
    9,
    10,
    11,
    12,
    13,
    14,
    15,
    16,
    17,
    18,
    19,
    20,
    21,
    22,
    23
  ],
  "lr": 1e-05,
  "max_steps": 500,
  "ppl_before": 140.07387611347534,
  "ppl_after": 24.76620793169598,
  "losses": [
    5.2152018547058105,
    4.880935192108154,
    4.913998603820801,
    5.255205154418945,
    4.622130870819092,
    4.699001789093018,
    4.4907755851745605,
    3.8870725631713867,
    3.932190179824829,
    4.17825984954834,
    4.4119791984558105,
    3.90621018409729,
    4.281361103057861,
    4.437164306640625,
    4.227151393890381,
    4.121377468109131,
    4.159250259399414,
    4.0291900634765625,
    3.7365620136260986,
    3.7872366905212402,
    4.042593955993652,
    3.969257354736328,
    3.730638027191162,
    3.8229005336761475,
    3.8333330154418945,
    3.9405312538146973,
    4.302024841308594,
    4.214898109436035,
    3.7865493297576904,
    4.160689830780029,
    4.272042274475098,
    3.9483563899993896,
    3.761279582977295,
    3.6629250049591064,
    3.4136624336242676,
    3.751852035522461,
    3.8261466026306152,
    3.895843267440796,
    3.9704484939575195,
    3.9805033206939697,
    4.101022243499756,
    4.058968544006348,
    4.042754650115967,
    4.1296067237854,
    4.294985771179199,
    3.9914932250976562,
    3.678079128265381,
    3.053412675857544,
    2.9099576473236084,
    3.3822786808013916,
    3.7904677391052246,
    3.4126648902893066,
    3.4107139110565186,
    3.730180263519287,
    3.7962894439697266,
    3.8579492568969727,
    3.811711311340332,
    3.6853435039520264,
    3.5273382663726807,
    3.6563825607299805,
    3.347961902618408,
    3.300800085067749,
    3.568697690963745,
    3.3860507011413574,
    3.468078136444092,
    3.35866379737854,
    3.5620579719543457,
    3.8222689628601074,
    3.723986864089966,
    3.5050642490386963,
    3.417731523513794,
    3.102614402770996,
    3.092374563217163,
    3.378995895385742,
    3.2992804050445557,
    3.511275291442871,
    3.3978137969970703,
    3.4291915893554688,
    3.596527576446533,
    3.8561642169952393,
    3.7784078121185303,
    3.776440143585205,
    3.798677444458008,
    3.997288703918457,
    3.699786424636841,
    3.3075270652770996,
    3.469015598297119,
    3.8773717880249023,
    3.6002578735351562,
    3.0146961212158203,
    2.9162611961364746,
    3.16843843460083,
    3.30686092376709,
    3.358166217803955,
    3.6451141834259033,
    3.7782459259033203,
    3.4258275032043457,
    3.1177053451538086,
    3.405773401260376,
    3.704235792160034,
    3.798729658126831,
    3.6859025955200195,
    3.6226677894592285,
    3.4762661457061768,
    3.456859827041626,
    3.753326892852783,
    3.230156183242798,
    3.0484187602996826,
    3.3454699516296387,
    3.7915995121002197,
    3.9340925216674805,
    3.7187345027923584,
    3.5678915977478027,
    3.7803399562835693,
    3.9175312519073486,
    3.6431474685668945,
    3.513564348220825,
    3.7198314666748047,
    3.254377603530884,
    2.9609220027923584,
    3.036724090576172,
    3.054307460784912,
    3.1922566890716553,
    3.1152400970458984,
    3.162233829498291,
    3.1784286499023438,
    3.0623886585235596,
    3.1212778091430664,
    3.3038504123687744,
    3.360171318054199,
    3.156529664993286,
    3.1166863441467285,
    3.132399082183838,
    3.2929646968841553,
    3.3156015872955322,
    3.5436315536499023,
    3.5449459552764893,
    3.5558204650878906,
    3.4908266067504883,
    3.4419970512390137,
    3.5176234245300293,
    3.6248550415039062,
    3.524202585220337,
    3.5139100551605225,
    3.4924376010894775,
    3.611947774887085,
    3.766059160232544,
    3.656745195388794,
    3.5378777980804443,
    3.407381057739258,
    3.3722643852233887,
    3.345036029815674,
    3.3588883876800537,
    3.4356796741485596,
    3.5724730491638184,
    3.525493860244751,
    3.2072651386260986,
    3.5750739574432373,
    3.826158046722412,
    3.6430678367614746,
    3.3030617237091064,
    3.3091440200805664,
    3.4932572841644287,
    3.3320975303649902,
    3.216557502746582,
    3.282944440841675,
    3.5179994106292725,
    3.4637863636016846,
    3.1407344341278076,
    3.3021795749664307,
    3.4057068824768066,
    3.4274449348449707,
    3.550438642501831,
    3.67240571975708,
    3.461735248565674,
    3.4633877277374268,
    3.5991179943084717,
    3.4025819301605225,
    3.3108654022216797,
    3.3206074237823486,
    3.294459819793701,
    3.138211965560913,
    3.485795497894287,
    3.528318405151367,
    3.5425119400024414,
    3.5210304260253906,
    3.669755458831787,
    4.0117716789245605,
    4.1199259757995605,
    4.2870025634765625,
    4.023770809173584,
    3.733151435852051,
    3.379211902618408,
    3.1691157817840576,
    3.464157819747925,
    3.339254856109619,
    3.2108418941497803,
    3.2404098510742188,
    3.352281093597412,
    3.372288465499878,
    3.4721410274505615,
    3.2931482791900635,
    3.4367897510528564,
    3.5321874618530273,
    3.5228660106658936,
    3.3932485580444336,
    3.4850194454193115,
    3.402628183364868,
    2.9389541149139404,
    3.3883516788482666,
    3.668907642364502,
    3.1006791591644287,
    2.865419864654541,
    2.761296510696411,
    3.0238354206085205,
    3.372861385345459,
    3.3021047115325928,
    3.226661443710327,
    3.369805335998535,
    3.3956410884857178,
    3.581247329711914,
    3.699373483657837,
    3.1768410205841064,
    2.8990912437438965,
    2.6655542850494385,
    2.8346073627471924,
    2.9451076984405518,
    3.0732192993164062,
    3.027924060821533,
    2.9990010261535645,
    3.1914570331573486,
    3.317397117614746,
    3.4169695377349854,
    3.463942050933838,
    3.534527063369751,
    3.2545478343963623,
    3.5544915199279785,
    3.2963690757751465,
    3.2813735008239746,
    3.4953742027282715,
    3.3471152782440186,
    3.3552114963531494,
    3.5079708099365234,
    3.5624876022338867,
    3.514694929122925,
    3.6549415588378906,
    3.8487894535064697,
    3.803943395614624,
    3.4964566230773926,
    3.5302906036376953,
    3.5504071712493896,
    3.5053772926330566,
    3.6272172927856445,
    3.701031446456909,
    3.553342580795288,
    3.4770307540893555,
    3.4841442108154297,
    3.6678595542907715,
    3.4437100887298584,
    3.4621047973632812,
    3.3284106254577637,
    3.106621026992798,
    3.5522313117980957,
    3.4023520946502686,
    3.4271953105926514,
    3.12692928314209,
    3.0224766731262207,
    3.1423912048339844,
    3.0641071796417236,
    3.1445672512054443,
    3.2354629039764404,
    3.1716384887695312,
    3.4974894523620605,
    3.231072187423706,
    3.141206979751587,
    3.2248787879943848,
    3.3319091796875,
    3.1827425956726074,
    3.1356446743011475,
    3.1662609577178955,
    3.293534994125366,
    3.1874516010284424,
    3.3353962898254395,
    3.308009624481201,
    3.1528844833374023,
    3.1497316360473633,
    3.023284673690796,
    3.261326789855957,
    3.2883152961730957,
    3.2181878089904785,
    3.4160826206207275,
    3.363326072692871,
    3.036625862121582,
    3.201707124710083,
    3.2259349822998047,
    3.322235107421875,
    3.3817312717437744,
    3.369981050491333,
    3.589427947998047,
    3.421170473098755,
    3.21325945854187,
    3.060919761657715,
    3.1723363399505615,
    3.259056329727173,
    3.210216760635376,
    3.039095878601074,
    3.341902256011963,
    3.5659778118133545,
    3.490180492401123,
    3.0741939544677734,
    2.7464122772216797,
    3.1777632236480713,
    3.277527093887329,
    3.50561261177063,
    3.7698090076446533,
    3.780704975128174,
    3.4754812717437744,
    3.615097761154175,
    3.697582960128784,
    3.6234302520751953,
    3.6079001426696777,
