{
  "name": "hat_combined002_s123",
  "seed": 123,
  "n_states": 256,
  "sigma_c2c": 0.01,
  "sigma_d2d": 0.02,
  "analog_layers": [
    0,
    1,
    2,
    3,
    4,
    5,
    6,
    7,
    8,
    9,
    10,
    11,
    12,
    13,
    14,
    15,
    16,
    17,
    18,
    19,
    20,
    21,
    22,
    23
  ],
  "lr": 1e-05,
  "max_steps": 200,
  "ppl_before": 1629.7373474246888,
  "ppl_after": 1.6520615602475657,
  "losses": [
    7.650101661682129,
    7.5050129890441895,
    7.010228157043457,
    7.447563648223877,
    6.748525142669678,
    6.757044792175293,
    6.685184478759766,
    6.343522548675537,
    5.903067588806152,
    6.097752094268799,
    6.2829461097717285,
    5.959775924682617,
    6.190092086791992,
    6.166199684143066,
    6.1158881187438965,
    6.041396141052246,
    5.799577236175537,
    6.58799934387207,
    5.876956939697266,
    5.936158180236816,
    5.740560054779053,
    5.746870517730713,
    5.526946544647217,
    6.23635196685791,
    6.176854133605957,
    5.901558876037598,
    6.048166275024414,
    6.06779670715332,
    5.761509418487549,
    6.096913814544678,
    6.154104709625244,
    5.640187740325928,
    5.610572338104248,
    5.404119968414307,
    4.954043865203857,
    5.739711761474609,
    5.820326805114746,
    5.625822067260742,
    5.75191068649292,
    5.80762243270874,
    5.769391059875488,
    5.70943021774292,
    5.761124134063721,
    5.8003339767456055,
    5.934372425079346,
    5.818368911743164,
    5.844038486480713,
    5.258872985839844,
    4.913486957550049,
    5.143290042877197,
    5.567831993103027,
    4.923699378967285,
    4.855135917663574,
    5.522397518157959,
    6.1124749183654785,
    6.009548187255859,
    5.655437469482422,
    5.731050968170166,
    5.794319152832031,
    6.053277492523193,
    5.477426528930664,
    5.2477827072143555,
    5.3992109298706055,
    5.3365302085876465,
    5.451905250549316,
    5.298400402069092,
    5.2657928466796875,
    5.462290287017822,
    5.220130443572998,
    5.246199607849121,
    5.010749340057373,
    4.930915832519531,
    4.584722518920898,
    4.792319297790527,
    4.95587682723999,
    4.929005146026611,
    5.059293270111084,
    5.178196907043457,
    5.245120048522949,
    5.151890754699707,
    5.129379749298096,
    5.2227253913879395,
    5.273272514343262,
    5.327671051025391,
    5.123415470123291,
    5.047739028930664,
    5.110569477081299,
    5.355648994445801,
    5.048308849334717,
    4.832096099853516,
    4.375343322753906,
    4.587536334991455,
    4.497565746307373,
    4.743067264556885,
    5.025623321533203,
    5.047067165374756,
    4.629787445068359,
    4.4710822105407715,
    4.5329718589782715,
    4.92956018447876,
    4.908525466918945,
    4.757116794586182,
    4.596072196960449,
    4.596076488494873,
    4.300780296325684,
    4.7674241065979,
    4.67607307434082,
    4.358986854553223,
    4.264711380004883,
    4.705587387084961,
    4.844935894012451,
    4.780538082122803,
    4.300757884979248,
    4.562813758850098,
    4.62502384185791,
    4.291243076324463,
    3.8790605068206787,
    4.172025203704834,
    3.8693771362304688,
    4.103158950805664,
    3.3487632274627686,
    3.3401496410369873,
    3.529116630554199,
    3.6310131549835205,
    3.1747007369995117,
    3.2315750122070312,
    3.094935894012451,
    3.1853232383728027,
    3.101895809173584,
    3.5499191284179688,
    3.3694026470184326,
    2.963420867919922,
    2.8643839359283447,
    2.768677234649658,
    3.0450122356414795,
    3.412426710128784,
    2.6685776710510254,
    3.2544054985046387,
    3.078564167022705,
    3.0804591178894043,
    2.859825372695923,
    2.631556749343872,
    2.6670212745666504,
    2.4611968994140625,
    2.4163901805877686,
    2.4418485164642334,
    2.6344945430755615,
    2.507232189178467,
    2.194178342819214,
    2.1372313499450684,
    1.6992923021316528,
    1.9415184259414673,
    2.1255624294281006,
    1.7765439748764038,
    2.1673498153686523,
    1.8165315389633179,
    1.6304326057434082,
    1.3547817468643188,
    1.6922346353530884,
    1.6998399496078491,
    1.3949000835418701,
    1.4777536392211914,
    1.885006308555603,
    1.491013765335083,
    1.5406317710876465,
    1.2784689664840698,
    1.2430224418640137,
    1.4135233163833618,
    1.147751808166504,
    1.0481181144714355,
    1.2481145858764648,
    1.177666187286377,
    0.968159019947052,
    1.1067639589309692,
    1.001968502998352,
    0.8843448162078857,
    1.0039616823196411,
    0.8894165754318237,
    1.0398452281951904,
    0.8220695853233337,
    0.9587762355804443,
    0.9522337317466736,
    1.1206916570663452,
    1.2109403610229492,
    0.7631315588951111,
    0.8070030808448792,
    0.978126585483551,
    0.8553672432899475,
    0.780739426612854,
    0.8486473560333252,
    0.7687874436378479,
    0.8402954936027527,
    0.6756167411804199,
    0.6076839566230774,
    0.6462082862854004,
    0.64424729347229,
    0.5637542605400085,
    0.3759607672691345,
    0.5069490075111389,
    0.4528733789920807
  ]
}