{
  "name": "hat_d2d004_500_ctx512",
  "seed": 123,
  "n_states": 256,
  "sigma_c2c": 0.0,
  "sigma_d2d": 0.04,
  "analog_layers": [
    0,
    1,
    2,
    3,
    4,
    5,
    6,
    7,
    8,
    9,
    10,
    11,
    12,
    13,
    14,
    15,
    16,
    17,
    18,
    19,
    20,
    21,
    22,
    23
  ],
  "lr": 1e-05,
  "max_steps": 500,
  "ppl_before": 569.6812427823771,
  "ppl_after": 32.309583158898405,
  "losses": [
    6.75011682510376,
    6.044099807739258,
    6.190927505493164,
    6.584285736083984,
    5.525109767913818,
    5.502720832824707,
    5.504390239715576,
    4.8926310539245605,
    4.844827651977539,
    5.25895357131958,
    5.31237268447876,
    4.78461217880249,
    4.977958679199219,
    5.163015842437744,
    4.931665420532227,
    4.84648323059082,
    5.007758140563965,
    4.940196990966797,
    4.6070637702941895,
    4.488407611846924,
    4.663082122802734,
    4.5810160636901855,
    4.518029689788818,
    4.717617034912109,
    4.729120254516602,
    4.73696231842041,
    4.958672523498535,
    4.978054523468018,
    4.476529598236084,
    4.827638626098633,
    5.006500720977783,
    4.534204006195068,
    4.461426258087158,
    4.242061614990234,
    4.006741523742676,
    4.446231842041016,
    4.5783209800720215,
    4.541934013366699,
    4.552742958068848,
    4.792405128479004,
    4.671405792236328,
    4.646876335144043,
    4.744568824768066,
    4.632552623748779,
    4.777965545654297,
    4.509967803955078,
    4.257394790649414,
    3.6705617904663086,
    3.6040964126586914,
    4.038393020629883,
    4.311347007751465,
    4.038259983062744,
    3.8771378993988037,
    4.281435012817383,
    4.6232452392578125,
    4.77763032913208,
    4.4577178955078125,
    4.3110480308532715,
    4.359679222106934,
    4.236861228942871,
    4.032276630401611,
    4.12420654296875,
    4.26409912109375,
    4.108006477355957,
    4.006830215454102,
    4.192353248596191,
    4.270421028137207,
    4.283081531524658,
    4.2858076095581055,
    4.1528472900390625,
    3.9749646186828613,
    3.5380096435546875,
    3.649078845977783,
    3.8059964179992676,
    3.8002045154571533,
    4.175235271453857,
    3.968465805053711,
    3.9511241912841797,
    4.227940082550049,
    4.355515003204346,
    4.1648688316345215,
    4.355442523956299,
    4.4062724113464355,
    4.366696834564209,
    4.071542263031006,
    3.7160120010375977,
    4.063101768493652,
    4.3413801193237305,
    4.045509338378906,
    3.52701473236084,
    3.4560182094573975,
    3.5928099155426025,
    3.8625941276550293,
    3.8024747371673584,
    4.172807693481445,
    4.196418762207031,
    3.844916820526123,
    3.6143927574157715,
    3.8111014366149902,
    4.167771816253662,
    4.116908073425293,
    4.151818752288818,
    4.097952842712402,
    3.860576868057251,
    3.84662127494812,
    4.150844097137451,
    3.7649497985839844,
    3.66503643989563,
    3.900078535079956,
    4.437760829925537,
    4.531805992126465,
    4.210573196411133,
    4.0936431884765625,
    4.255265712738037,
    4.504639148712158,
    4.305042743682861,
    4.04897928237915,
    4.301046371459961,
    3.7881720066070557,
    3.4788405895233154,
    3.5338528156280518,
    3.5347840785980225,
    3.788918972015381,
    3.556480884552002,
    3.745349645614624,
    3.795837879180908,
    3.5483555793762207,
    3.7331719398498535,
    3.955366373062134,
    3.9242169857025146,
    3.7806127071380615,
    3.6898765563964844,
    3.740194320678711,
    3.8555424213409424,
    4.021273136138916,
    3.789231300354004,
    3.959934949874878,
    3.9126365184783936,
    3.8467299938201904,
    3.835195779800415,
    3.8857481479644775,
    3.951230525970459,
    3.9665725231170654,
    3.9934158325195312,
    3.9421448707580566,
    4.002930164337158,
    4.206752300262451,
    4.004003047943115,
    3.911351442337036,
    3.6741130352020264,
    3.636221170425415,
    3.7822694778442383,
    3.675017833709717,
    3.8647682666778564,
    3.9958655834198,
    3.8911614418029785,
    3.553241729736328,
    3.9762306213378906,
    4.121755599975586,
    4.061341285705566,
    3.6882009506225586,
    3.630094289779663,
    3.834118604660034,
    3.6629111766815186,
    3.5492870807647705,
    3.6751163005828857,
    3.878793239593506,
    3.814127206802368,
    3.421989679336548,
    3.6671478748321533,
    3.77374005317688,
    3.7635114192962646,
    3.913270950317383,
    3.950725555419922,
    3.635772228240967,
    3.7611589431762695,
    3.9938883781433105,
    3.729656219482422,
    3.539501190185547,
    3.7130746841430664,
    3.7948453426361084,
    3.69364857673645,
    3.86933970451355,
    3.9565038681030273,
    3.957725763320923,
    3.890012264251709,
    4.145253658294678,
    4.316366195678711,
    4.470297336578369,
    4.62425422668457,
    4.449543476104736,
    3.9624407291412354,
    3.7924795150756836,
    3.6219496726989746,
    3.800013542175293,
    3.7483363151550293,
    3.548281669616699,
    3.7216713428497314,
    3.738325595855713,
    3.8276138305664062,
    3.741579532623291,
    3.678664207458496,
    3.8065762519836426,
    3.8691086769104004,
    3.8774473667144775,
    3.833519697189331,
    3.7668256759643555,
    3.666022300720215,
    3.291590929031372,
    3.7715914249420166,
    4.033455848693848,
    3.3373970985412598,
    3.319774866104126,
    3.224600076675415,
    3.341717004776001,
    3.6597797870635986,
    3.577409029006958,
    3.559396982192993,
    3.7338712215423584,
    3.750521659851074,
    3.8035507202148438,
    4.0318827629089355,
    3.6434412002563477,
    3.2129063606262207,
    3.0979714393615723,
    3.3398830890655518,
    3.474604606628418,
    3.4370737075805664,
    3.3287179470062256,
    3.3093388080596924,
    3.538273572921753,
    3.8038229942321777,
    3.6827914714813232,
    3.931194305419922,
    4.0410566329956055,
    3.667200803756714,
    3.7932510375976562,
    3.6976001262664795,
    3.6329362392425537,
    3.83428692817688,
    3.6429011821746826,
    3.6731655597686768,
    3.8645339012145996,
    3.913372039794922,
    3.8816287517547607,
    3.8921170234680176,
    4.095693588256836,
    4.159535884857178,
    3.7660274505615234,
    3.8711488246917725,
    3.862769603729248,
    3.8202970027923584,
    4.036820888519287,
    4.048858642578125,
    3.864424705505371,
    3.8061983585357666,
    3.735534191131592,
    3.9204118251800537,
    3.7352917194366455,
    3.756551742553711,
    3.7813870906829834,
    3.527360677719116,
    3.980940103530884,
    3.802150011062622,
    3.7487244606018066,
    3.550924301147461,
    3.5279154777526855,
    3.5396103858947754,
    3.4803812503814697,
    3.4833765029907227,
    3.6309738159179688,
    3.6238365173339844,
    3.8769443035125732,
    3.654954433441162,
    3.5722086429595947,
    3.6840012073516846,
    3.695035219192505,
    3.696537494659424,
    3.5737574100494385,
    3.5380847454071045,
    3.6137757301330566,
    3.495918035507202,
    3.6793694496154785,
    3.725942373275757,
    3.589160680770874,
    3.4684600830078125,
    3.3983185291290283,
    3.7014031410217285,
    3.6022965908050537,
    3.4970862865448,
    3.8286197185516357,
    3.607128620147705,
    3.3808884620666504,
    3.5404486656188965,
    3.642285108566284,
    3.522848129272461,
    3.5582120418548584,
    3.7827396392822266,
    3.78678035736084,
    3.743212938308716,
    3.5406265258789062,
    3.3288462162017822,
    3.398597002029419,
    3.643800735473633,
    3.5836527347564697,
    3.3798885345458984,
    3.582928419113159,
    3.9532065391540527,
    3.900254964828491,
    3.4646236896514893,
    3.0903189182281494,
    3.547309398651123,
    3.5994873046875,
    3.875647783279419,
    4.152848720550537,
    4.131492614746094,
    3.7995705604553223,
    3.8263087272644043,
    3.89851450920105,
    4.041769981384277,
    4.094298362731934,
    3.975994348526001,
    3.705127239227295,
    3.7982921600341797,
