{
  "name": "hat_c2c001_500_ctx1024",
  "seed": 42,
  "n_states": 256,
  "sigma_c2c": 0.01,
  "sigma_d2d": 0.0,
  "analog_layers": [
    0,
    1,
    2,
    3,
    4,
    5,
    6,
    7,
    8,
    9,
    10,
    11,
    12,
    13,
    14,
    15,
    16,
    17,
    18,
    19,
    20,
    21,
    22,
    23
  ],
  "lr": 1e-05,
  "max_steps": 500,
  "ppl_before": 36.05694617571201,
  "ppl_after": 17.033106662885366,
  "losses": [
    3.8204731941223145,
    4.022782325744629,
    3.9009249210357666,
    3.8354780673980713,
    3.3555960655212402,
    3.6013143062591553,
    3.637763023376465,
    3.50502347946167,
    3.331699848175049,
    3.3003523349761963,
    3.332406759262085,
    3.231412172317505,
    3.5816450119018555,
    3.5040791034698486,
    3.3326408863067627,
    3.6136837005615234,
    3.0536224842071533,
    3.213085651397705,
    3.417593240737915,
    3.5702755451202393,
    3.5580251216888428,
    3.60506534576416,
    3.325075149536133,
    2.722083806991577,
    2.807651996612549,
    3.0242698192596436,
    3.044637680053711,
    3.219069242477417,
    3.0880038738250732,
    2.921872138977051,
    2.8521299362182617,
    2.8115010261535645,
    2.927396059036255,
    3.0990891456604004,
    3.041086435317993,
    2.7847578525543213,
    2.7608532905578613,
    2.895825147628784,
    3.11397123336792,
    3.32254695892334,
    3.3502302169799805,
    3.4288880825042725,
    3.1121087074279785,
    3.035423517227173,
    2.8272886276245117,
    2.705271005630493,
    3.0893397331237793,
    3.1011838912963867,
    3.038079023361206,
    3.2602133750915527,
    3.239320755004883,
    3.1051385402679443,
    2.8937888145446777,
    2.7758874893188477,
    3.0207135677337646,
    3.2030820846557617,
    3.2637879848480225,
    3.2743334770202637,
    2.983339548110962,
    2.798649787902832,
    2.6600282192230225,
    2.74108624458313,
    2.76220440864563,
    2.9548375606536865,
    2.791604518890381,
    2.6159212589263916,
    2.8164591789245605,
    3.1042895317077637,
    3.2107479572296143,
    3.1487395763397217,
    3.1742799282073975,
    3.1881825923919678,
    3.313382387161255,
    3.357807159423828,
    3.2066168785095215,
    3.0885684490203857,
    3.181236982345581,
    3.207794427871704,
    3.203888177871704,
    3.2309978008270264,
    3.081791877746582,
    3.159163475036621,
    3.1995606422424316,
    3.161536931991577,
    3.0644900798797607,
    3.285769462585449,
    3.245203733444214,
    3.297553539276123,
    3.178626298904419,
    2.998338222503662,
    2.99300217628479,
    3.0980446338653564,
    3.2156496047973633,
    3.483938694000244,
    3.656456708908081,
    3.3323097229003906,
    3.129403591156006,
    2.9903035163879395,
    2.8813276290893555,
    3.068049907684326,
    3.192168951034546,
    3.1549041271209717,
    3.251274824142456,
    2.940544605255127,
    3.024876594543457,
    3.060617685317993,
    2.6855485439300537,
    2.872114419937134,
    3.075568437576294,
    3.252756118774414,
    3.132188320159912,
    2.543769598007202,
    2.4319908618927,
    2.5761606693267822,
    2.7335355281829834,
    2.927753210067749,
    2.957545518875122,
    3.1166749000549316,
    2.996591329574585,
    3.032892942428589,
    3.0983872413635254,
    3.2139909267425537,
    3.4227051734924316,
    3.373213768005371,
    3.3325438499450684,
    3.28690242767334,
    3.2892603874206543,
    3.2518434524536133,
    3.2100870609283447,
    3.1644680500030518,
    3.1567065715789795,
    3.092221975326538,
    2.837852954864502,
    2.7110955715179443,
    2.827629566192627,
    2.982250452041626,
    2.860412120819092,
    2.7786736488342285,
    2.9246156215667725,
    3.011065721511841,
    2.9819538593292236,
    2.976997137069702,
    2.7640695571899414,
    2.7976415157318115,
    2.948946475982666,
    2.965461015701294,
    2.914179801940918,
    3.0059404373168945,
    3.1271867752075195,
    3.151820421218872,
    2.9940788745880127,
    2.9619154930114746,
    3.036898374557495,
    3.184828042984009,
    2.842904806137085,
    2.6097068786621094,
    3.162329912185669,
    3.272932767868042,
    3.2616279125213623,
    3.2855446338653564,
    3.0559732913970947,
    3.024066925048828,
    3.202848434448242,
    2.841646432876587,
    2.579885721206665,
    2.865243434906006,
    2.9158220291137695,
    2.532515048980713,
    2.559199094772339,
    2.756800651550293,
    2.6546130180358887,
    2.823082447052002,
    3.067859649658203,
    3.147956609725952,
    2.831521511077881,
    2.5907459259033203,
    2.6447978019714355,
    2.396252155303955,
    2.324716567993164,
    2.8152008056640625,
    2.9923176765441895,
    2.8906331062316895,
    2.9718918800354004,
    3.161062479019165,
    3.195815086364746,
    2.990208625793457,
    3.127627372741699,
    3.314646005630493,
    3.3115081787109375,
    3.2961301803588867,
    3.1394803524017334,
    3.196808099746704,
    3.240565538406372,
    3.1853690147399902,
    2.877232789993286,
    2.6802725791931152,
    2.8082380294799805,
    3.065380811691284,
    2.9423561096191406,
    2.857116222381592,
    2.7947301864624023,
    2.8803858757019043,
    2.9613595008850098,
    3.056852102279663,
    3.157219648361206,
    3.027977466583252,
    2.7819039821624756,
    2.714111328125,
    2.799518346786499,
    2.923664093017578,
    2.8504762649536133,
    2.7652792930603027,
    2.8935773372650146,
    3.067967653274536,
    3.3212063312530518,
    3.271301746368408,
    3.119288206100464,
    3.1407902240753174,
    3.216224193572998,
    3.1360599994659424,
    2.665060520172119,
    2.5654635429382324,
    2.6216275691986084,
    2.5682284832000732,
    2.3376336097717285,
    2.429334878921509,
    2.31819224357605,
    2.1749026775360107,
    2.396749973297119,
    2.5826025009155273,
    2.6523516178131104,
    2.6142404079437256,
    2.471012592315674,
    2.5096852779388428,
    2.5020527839660645,
    2.3607213497161865,
    2.420194149017334,
    2.700117826461792,
    2.7744462490081787,
    2.8328535556793213,
    2.4945950508117676,
    2.5075974464416504,
    2.7075672149658203,
    2.8298912048339844,
    2.779694080352783,
    2.6661078929901123,
    2.728635549545288,
    2.949641227722168,
    2.941990375518799,
    2.8316850662231445,
    2.9580421447753906,
    3.022214651107788,
    2.9553380012512207,
    3.0608184337615967,
    3.1167047023773193,
    2.954737663269043,
    3.0526914596557617,
    3.252965211868286,
    3.1429708003997803,
    3.1648757457733154,
    2.9963998794555664,
    2.945146083831787,
    3.186152219772339,
    3.2431137561798096,
    3.2456963062286377,
    2.7773172855377197,
    2.757744550704956,
    2.780028820037842,
    2.312148094177246,
    2.296583890914917,
    2.664607048034668,
    2.653240442276001,
    2.7382524013519287,
    3.077225685119629,
    3.0506277084350586,
    2.9525694847106934,
    2.9135208129882812,
    2.7603821754455566,
    2.942563772201538,
    2.868943691253662,
    2.7763943672180176,
    2.8906683921813965,
    2.8578526973724365,
    2.938453197479248,
    2.852872133255005,
    2.780092716217041,
    3.033785343170166,
    2.9801106452941895,
    3.055039882659912,
    3.0601491928100586,
    2.978515148162842,
    3.0629560947418213,
    2.9680542945861816,
    3.064023017883301,
    3.0759541988372803,
    2.9489634037017822,
    3.0156984329223633,
    2.913530111312866,
    2.5686025619506836,
    2.4811174869537354,
    2.529153823852539,
    2.6948041915893555,
    2.8017258644104004,
    2.737903118133545,
    2.9336721897125244,
    3.1227505207061768,
    3.0551114082336426,
    2.555737257003784,
    2.5719590187072754,
    2.8896005153656006,
    3.073878288269043,
    3.0735416412353516,
    2.958004951477051,
    3.003915786743164,
    2.9540798664093018,
    2.649182081222534,
    2.7735941410064697,
    3.136465072631836,
    3.040728807449341,
    2.4156289100646973,
    2.360499143600464,
    2.6229584217071533,
