{
  "name": "hat_d2d001_all",
  "seed": 42,
  "n_states": 256,
  "sigma_c2c": 0.0,
  "sigma_d2d": 0.01,
  "analog_layers": [
    0,
    1,
    2,
    3,
    4,
    5,
    6,
    7,
    8,
    9,
    10,
    11,
    12,
    13,
    14,
    15,
    16,
    17,
    18,
    19,
    20,
    21,
    22,
    23
  ],
  "lr": 1e-05,
  "max_steps": 200,
  "ppl_before": 950.3208206399013,
  "ppl_after": 1.1839094856045373,
  "losses": [
    7.37701940536499,
    6.963738918304443,
    6.512756824493408,
    7.112888336181641,
    6.165532112121582,
    6.201754093170166,
    6.175591468811035,
    5.861346244812012,
    5.575429439544678,
    5.826088905334473,
    6.029605865478516,
    5.630040168762207,
    5.684980869293213,
    5.8540496826171875,
    5.620910167694092,
    5.697618007659912,
    5.451476097106934,
    6.04288911819458,
    5.512665748596191,
    5.6532673835754395,
    5.349534511566162,
    5.4072651863098145,
    5.192376136779785,
    5.8920416831970215,
    5.66477108001709,
    5.494869709014893,
    5.5827956199646,
    5.636709690093994,
    5.469061851501465,
    5.658122539520264,
    5.735387325286865,
    5.328147888183594,
    5.183206081390381,
    5.069721698760986,
    4.6274614334106445,
    5.146050453186035,
    5.284828186035156,
    5.264247894287109,
    5.226184844970703,
    5.382226467132568,
    5.128612995147705,
    5.195981502532959,
    5.382554054260254,
    5.5104522705078125,
    5.3824992179870605,
    5.422714710235596,
    4.852128505706787,
    4.374179363250732,
    4.19357442855835,
    4.678014755249023,
    4.871353626251221,
    4.3849334716796875,
    4.2687482833862305,
    4.774311065673828,
    5.507775783538818,
    5.385012149810791,
    5.103926658630371,
    5.182423114776611,
    5.032463073730469,
    5.296534538269043,
    4.9125494956970215,
    4.758849620819092,
    4.7246527671813965,
    4.678744316101074,
    4.776869773864746,
    4.531780242919922,
    4.547490119934082,
    4.776050567626953,
    4.478414058685303,
    4.4383039474487305,
    4.177992820739746,
    4.177896022796631,
    3.786282539367676,
    4.190121650695801,
    4.288100719451904,
    4.14771032333374,
    3.886035680770874,
    4.001150608062744,
    4.108705043792725,
    4.096383571624756,
    3.7189197540283203,
    3.622345447540283,
    3.8097591400146484,
    3.781782627105713,
    3.5052669048309326,
    3.2765111923217773,
    3.3608245849609375,
    3.649296283721924,
    3.3080239295959473,
    3.1148083209991455,
    2.7036778926849365,
    3.003368377685547,
    2.7420742511749268,
    3.0239388942718506,
    3.0677409172058105,
    3.0395076274871826,
    2.6812126636505127,
    2.6958491802215576,
    2.5875818729400635,
    2.8390393257141113,
    2.5911195278167725,
    2.4831323623657227,
    2.5967037677764893,
    2.531341075897217,
    2.124424934387207,
    2.2862906455993652,
    2.415677309036255,
    2.0663340091705322,
    1.8488328456878662,
    2.216362714767456,
    2.3682618141174316,
    2.3383822441101074,
    2.029452323913574,
    1.9157105684280396,
    2.0264132022857666,
    1.9351775646209717,
    1.583601713180542,
    1.6889950037002563,
    1.5921530723571777,
    1.481610894203186,
    1.0630093812942505,
    1.1718190908432007,
    1.1462687253952026,
    1.2179241180419922,
    0.9891374707221985,
    1.083659291267395,
    0.9704551696777344,
    1.0455265045166016,
    1.1260920763015747,
    1.0940736532211304,
    1.1396536827087402,
    0.87315833568573,
    0.726325273513794,
    0.6457313895225525,
    0.8342042565345764,
    1.034590482711792,
    0.7997710108757019,
    0.9521300196647644,
    0.8709630370140076,
    1.0230276584625244,
    0.7977294325828552,
    0.6979543566703796,
    0.6765201687812805,
    0.6760208010673523,
    0.5853942632675171,
    0.6083071231842041,
    0.6625205874443054,
    0.6081920266151428,
    0.5561857223510742,
    0.4818931818008423,
    0.4070899188518524,
    0.36423259973526,
    0.5063062906265259,
    0.3952478766441345,
    0.39490532875061035,
    0.43684837222099304,
    0.4074642062187195,
    0.2681901156902313,
    0.33075961470603943,
    0.3594598174095154,
    0.4137890934944153,
    0.30394041538238525,
    0.38936859369277954,
    0.3519820272922516,
    0.3052542209625244,
    0.2256024032831192,
    0.2207147777080536,
    0.32096460461616516,
    0.2193371057510376,
    0.240289568901062,
    0.3016308844089508,
    0.2927001118659973,
    0.2342700958251953,
    0.2748519778251648,
    0.2333950698375702,
    0.28835979104042053,
    0.2531740963459015,
    0.16409625113010406,
    0.23730938136577606,
    0.16426144540309906,
    0.26113295555114746,
    0.3034612834453583,
    0.20033936202526093,
    0.313976526260376,
    0.22812704741954803,
    0.23558667302131653,
    0.17840048670768738,
    0.22176171839237213,
    0.15953883528709412,
    0.16174182295799255,
    0.2194635570049286,
    0.24848207831382751,
    0.3421441614627838,
    0.3388044238090515,
    0.15852198004722595,
    0.16278977692127228,
    0.12850721180438995,
    0.1338466852903366,
    0.20338329672813416,
    0.1758567839860916
  ]
}