{
  "name": "hat_d2d002_c2c001_500_ctx512",
  "seed": 456,
  "n_states": 256,
  "sigma_c2c": 0.01,
  "sigma_d2d": 0.02,
  "analog_layers": [
    0,
    1,
    2,
    3,
    4,
    5,
    6,
    7,
    8,
    9,
    10,
    11,
    12,
    13,
    14,
    15,
    16,
    17,
    18,
    19,
    20,
    21,
    22,
    23
  ],
  "lr": 1e-05,
  "max_steps": 500,
  "ppl_before": 105.50640530635006,
  "ppl_after": 23.59611361421662,
  "losses": [
    4.846030235290527,
    4.591671466827393,
    4.691634178161621,
    5.099701404571533,
    4.540649890899658,
    4.593957424163818,
    4.269960880279541,
    3.859452962875366,
    3.7268741130828857,
    4.126745700836182,
    4.174285411834717,
    3.8021655082702637,
    4.05321741104126,
    4.36722469329834,
    4.236122131347656,
    4.006044864654541,
    4.005512714385986,
    3.8278164863586426,
    3.8034510612487793,
    3.716790199279785,
    3.896174669265747,
    3.8471620082855225,
    3.5679328441619873,
    3.8740286827087402,
    3.792633056640625,
    3.8330187797546387,
    4.1886091232299805,
    4.051392078399658,
    3.681835889816284,
    3.8949456214904785,
    4.0264129638671875,
    3.8522284030914307,
    3.7378928661346436,
    3.6682605743408203,
    3.2977826595306396,
    3.7520089149475098,
    3.9060213565826416,
    3.8021740913391113,
    3.9169132709503174,
    4.043639183044434,
    3.8866727352142334,
    3.87589168548584,
    3.956859588623047,
    4.106204032897949,
    4.099654674530029,
    3.8784446716308594,
    3.3882346153259277,
    2.818774461746216,
    2.733107328414917,
    3.3456461429595947,
    3.601609706878662,
    3.3382506370544434,
    3.2670719623565674,
    3.6624743938446045,
    3.7910594940185547,
    3.8217661380767822,
    3.728308916091919,
    3.7051541805267334,
    3.425821542739868,
    3.505977153778076,
    3.290847063064575,
    3.340334415435791,
    3.4457664489746094,
    3.362278699874878,
    3.2757508754730225,
    3.3878681659698486,
    3.494955539703369,
    3.704914093017578,
    3.650573968887329,
    3.401325225830078,
    3.262613534927368,
    2.998115301132202,
    2.9984688758850098,
    3.2965729236602783,
    3.2987592220306396,
    3.314373016357422,
    3.320265054702759,
    3.2766683101654053,
    3.616333484649658,
    3.8547534942626953,
    3.8409838676452637,
    3.7635037899017334,
    3.842923641204834,
    3.942089080810547,
    3.5478897094726562,
    3.2295379638671875,
    3.4387950897216797,
    3.714055299758911,
    3.3654398918151855,
    3.053584098815918,
    2.8107597827911377,
    3.058339834213257,
    3.3083739280700684,
    3.3187711238861084,
    3.5614144802093506,
    3.7126543521881104,
    3.3741118907928467,
    3.127375602722168,
    3.372676372528076,
    3.664191484451294,
    3.693117141723633,
    3.6091346740722656,
    3.47186017036438,
    3.347698211669922,
    3.3085615634918213,
    3.7203621864318848,
    3.07576584815979,
    2.9694457054138184,
    3.3272321224212646,
    3.761751174926758,
    3.819406747817993,
    3.563566207885742,
    3.559133529663086,
    3.7528438568115234,
    3.8505029678344727,
    3.59930157661438,
    3.4482438564300537,
    3.645116090774536,
    3.1646904945373535,
    2.857988119125366,
    3.008950710296631,
    3.0864148139953613,
    3.1609396934509277,
    3.050295352935791,
    3.01676607131958,
    3.194051742553711,
    2.982933759689331,
    3.0851166248321533,
    3.325162410736084,
    3.357593297958374,
    2.976133346557617,
    2.970973014831543,
    3.083536148071289,
    3.312159538269043,
    3.271440267562866,
    3.341921806335449,
    3.509509801864624,
    3.466470956802368,
    3.425586700439453,
    3.4450745582580566,
    3.4274206161499023,
    3.477466583251953,
    3.558771848678589,
    3.6173806190490723,
    3.524263620376587,
    3.619075059890747,
    3.771122455596924,
    3.579094171524048,
    3.481107473373413,
    3.436661958694458,
    3.213390588760376,
    3.3713912963867188,
    3.2848644256591797,
    3.460625410079956,
    3.6258177757263184,
    3.416194200515747,
    3.1638903617858887,
    3.409351110458374,
    3.62013840675354,
    3.524901866912842,
    3.18449068069458,
    3.2832021713256836,
    3.417666435241699,
    3.281794548034668,
    3.2008535861968994,
    3.283639669418335,
    3.482069969177246,
    3.428956985473633,
    3.1180574893951416,
    3.2723543643951416,
    3.338803768157959,
    3.4332120418548584,
    3.4955673217773438,
    3.6183907985687256,
    3.423024892807007,
    3.361448287963867,
    3.566293239593506,
    3.3678369522094727,
    3.1846272945404053,
    3.2210090160369873,
    3.258780002593994,
    3.214500665664673,
    3.3883414268493652,
    3.494558572769165,
    3.522728443145752,
    3.4816720485687256,
    3.612201690673828,
    4.011506080627441,
    4.056020736694336,
    4.212302207946777,
    3.9703116416931152,
    3.626865863800049,
    3.3053970336914062,
    3.173959732055664,
    3.374997615814209,
    3.278890609741211,
    3.0865776538848877,
    3.234372615814209,
    3.2641139030456543,
    3.3293139934539795,
    3.469165563583374,
    3.2900044918060303,
    3.3337860107421875,
    3.397972822189331,
    3.4945783615112305,
    3.3755059242248535,
    3.4450159072875977,
    3.420231819152832,
    2.954408645629883,
    3.367765188217163,
    3.614711284637451,
    3.048233985900879,
    2.8211238384246826,
    2.710418701171875,
    2.980405807495117,
    3.2691125869750977,
    3.1645474433898926,
    3.1591739654541016,
    3.2595694065093994,
    3.33092999458313,
    3.4669251441955566,
    3.6114513874053955,
    3.091701030731201,
    2.792081832885742,
    2.636683464050293,
    2.8350563049316406,
    2.8554725646972656,
    2.969886302947998,
    2.8853275775909424,
    2.9421820640563965,
    3.134127378463745,
    3.346987724304199,
    3.281614065170288,
    3.310431957244873,
    3.451218366622925,
    3.2120442390441895,
    3.4393818378448486,
    3.2064168453216553,
    3.2150814533233643,
    3.464524745941162,
    3.1980199813842773,
    3.3013012409210205,
    3.51568341255188,
    3.5766568183898926,
    3.5106687545776367,
    3.6331708431243896,
    3.8466320037841797,
    3.8262903690338135,
    3.4160385131835938,
    3.525191307067871,
    3.5550601482391357,
    3.434796094894409,
    3.578979253768921,
    3.6103484630584717,
    3.542680501937866,
    3.4037721157073975,
    3.41715931892395,
    3.6720759868621826,
    3.427255868911743,
    3.327721357345581,
    3.2616333961486816,
    3.068667411804199,
    3.4997787475585938,
    3.3331284523010254,
    3.32407808303833,
    3.1331491470336914,
    3.0162577629089355,
    3.0533595085144043,
    3.048905849456787,
    3.1082663536071777,
    3.179530620574951,
    3.2298357486724854,
    3.419032573699951,
    3.246232509613037,
    3.0692150592803955,
    3.1681418418884277,
    3.2713890075683594,
    3.2044146060943604,
    3.0726089477539062,
    3.1233315467834473,
    3.209157705307007,
    3.1790549755096436,
    3.295313596725464,
    3.3462471961975098,
    3.1841795444488525,
    3.0779998302459717,
    2.953961133956909,
    3.311157464981079,
    3.2756829261779785,
    3.168588161468506,
    3.387995958328247,
    3.251009702682495,
    3.038684844970703,
    3.2137222290039062,
    3.2671408653259277,
    3.241495132446289,
    3.2491304874420166,
    3.3935303688049316,
    3.4840574264526367,
    3.4819395542144775,
    3.139906883239746,
    3.0934815406799316,
    3.1570584774017334,
    3.261418104171753,
    3.1811301708221436,
    3.0008158683776855,
    3.4032559394836426,
    3.5222535133361816,
    3.4967567920684814,
    3.026463031768799,
    2.6922755241394043,
    3.093198537826538,
    3.143925666809082,
    3.4071850776672363,
    3.7156147956848145,
    3.724768877029419,
    3.4184505939483643,
    3.5225820541381836,
    3.7032628059387207,
    3.611022710800171,
    3.578401803970337,
    3.4849371910095215,
