{
  "name": "hat_d2d005_1024",
  "seed": 42,
  "n_states": 256,
  "sigma_c2c": 0.0,
  "sigma_d2d": 0.05,
  "analog_layers": [
    0,
    1,
    2,
    3,
    4,
    5,
    6,
    7,
    8,
    9,
    10,
    11,
    12,
    13,
    14,
    15,
    16,
    17,
    18,
    19,
    20,
    21,
    22,
    23
  ],
  "lr": 1e-05,
  "max_steps": 200,
  "ppl_before": 7334.691080889682,
  "ppl_after": 305.9950887403435,
  "losses": [
    9.650073051452637,
    8.60326099395752,
    8.58423137664795,
    8.587250709533691,
    7.624494552612305,
    7.723193645477295,
    7.951364994049072,
    8.497663497924805,
    7.837428092956543,
    7.281322002410889,
    6.973993301391602,
    7.5654144287109375,
    7.214282989501953,
    7.025201797485352,
    7.2946882247924805,
    7.410439491271973,
    6.6606645584106445,
    7.033481597900391,
    7.4067840576171875,
    7.121509552001953,
    7.007709503173828,
    7.221749782562256,
    7.0163726806640625,
    6.949611186981201,
    6.990598678588867,
    6.634706020355225,
    7.263330459594727,
    7.166431427001953,
    7.337054252624512,
    7.2914838790893555,
    6.829875469207764,
    6.789192199707031,
    6.6584930419921875,
    6.57285737991333,
    6.609166622161865,
    6.513545513153076,
    6.446051597595215,
    6.587029933929443,
    6.880186080932617,
    6.6659345626831055,
    6.6844072341918945,
    6.800629615783691,
    6.598556041717529,
    6.726466178894043,
    6.674942970275879,
    6.581180095672607,
    6.492422103881836,
    6.773402690887451,
    6.574164867401123,
    6.646934986114502,
    6.647210121154785,
    6.708507537841797,
    6.5764641761779785,
    6.709774017333984,
    7.026939392089844,
    6.975759983062744,
    6.935917854309082,
    6.798031330108643,
    6.920417785644531,
    6.355130672454834,
    6.00499963760376,
    6.099748611450195,
    6.114817142486572,
    6.351131916046143,
    6.475805759429932,
    6.349163055419922,
    6.52349328994751,
    6.508317947387695,
    6.214568614959717,
    6.30680513381958,
    6.275018692016602,
    6.273067474365234,
    6.204549312591553,
    6.329806327819824,
    6.065608978271484,
    5.879279136657715,
    5.9547553062438965,
    5.881575584411621,
    5.979624271392822,
    6.12433385848999,
    6.023978233337402,
    5.958217620849609,
    5.9354939460754395,
    5.7828369140625,
    5.518118381500244,
    5.728695392608643,
    5.74216890335083,
    5.893885135650635,
    5.822932243347168,
    5.925838947296143,
    6.273120880126953,
    6.2712883949279785,
    6.345249652862549,
    6.4627461433410645,
    6.630050182342529,
    6.68342399597168,
    6.253403186798096,
    6.417383193969727,
    6.178343772888184,
    6.046984672546387,
    6.095470428466797,
    6.349074363708496,
    6.457244396209717,
    6.455155372619629,
    6.113409519195557,
    6.034294128417969,
    6.069250106811523,
    6.0757575035095215,
    5.74045467376709,
    6.0200300216674805,
    6.389861106872559,
    6.079812526702881,
    5.919963836669922,
    5.859569549560547,
    5.82528829574585,
    6.450997352600098,
    6.625260353088379,
    6.553887367248535,
    6.2447686195373535,
    6.247872829437256,
    5.833162307739258,
    5.886374473571777,
    6.290781497955322,
    6.133622169494629,
    5.859853267669678,
    5.999689102172852,
    5.83890962600708,
    5.4794182777404785,
    5.712897300720215,
    6.070916175842285,
    6.1881256103515625,
    5.8905158042907715,
    5.583290100097656,
    5.612614631652832,
    6.385256767272949,
    6.394722938537598,
    5.995397090911865,
    5.871870040893555,
    5.939122200012207,
    5.672818660736084,
    5.618452548980713,
    5.7596516609191895,
    5.784242630004883,
    5.810794353485107,
    5.873786926269531,
    5.762983798980713,
    5.737568378448486,
    5.79107666015625,
    5.922410488128662,
    5.756295204162598,
    5.525755882263184,
    5.606137275695801,
    5.7046942710876465,
    5.889098644256592,
    6.1360182762146,
    5.5578155517578125,
    6.068126201629639,
    6.105596542358398,
    5.998542308807373,
    6.2533674240112305,
    6.085210800170898,
    5.8647942543029785,
    6.20900821685791,
    6.144444465637207,
    5.9927496910095215,
    5.950940132141113,
    5.813033580780029,
    5.396994590759277,
    5.722463607788086,
    5.796999454498291,
    5.84442663192749,
    5.932762145996094,
    5.75941801071167,
    5.885516166687012,
    5.654409408569336,
    5.545324325561523,
    5.658594131469727,
    5.380413055419922,
    5.628692150115967,
    5.870885848999023,
    5.872689247131348,
    5.764026165008545,
    5.676560878753662,
    5.766911506652832,
    5.609837532043457,
    5.707357883453369,
    5.516810417175293,
    5.548983097076416,
    5.531754016876221,
    5.535360813140869,
    5.320179462432861,
    5.360135078430176,
    5.511378765106201,
    5.666268348693848,
    6.024106502532959,
    5.697232723236084,
    5.7775163650512695,
    5.797186851501465,
    5.9305806159973145,
    5.799665451049805
  ]
}