{
  "name": "hat_d2d002_500_ctx512",
  "seed": 42,
  "n_states": 256,
  "sigma_c2c": 0.0,
  "sigma_d2d": 0.02,
  "analog_layers": [
    0,
    1,
    2,
    3,
    4,
    5,
    6,
    7,
    8,
    9,
    10,
    11,
    12,
    13,
    14,
    15,
    16,
    17,
    18,
    19,
    20,
    21,
    22,
    23
  ],
  "lr": 1e-05,
  "max_steps": 500,
  "ppl_before": 91.45705370286595,
  "ppl_after": 22.28763305514966,
  "losses": [
    4.744963645935059,
    4.522066593170166,
    4.653196334838867,
    4.898379802703857,
    4.36874532699585,
    4.353029251098633,
    4.24459981918335,
    3.6857972145080566,
    3.7471892833709717,
    3.987333297729492,
    4.107728004455566,
    3.674473285675049,
    3.961214542388916,
    4.187644004821777,
    4.070268630981445,
    3.9336109161376953,
    3.902301788330078,
    3.804196834564209,
    3.5325779914855957,
    3.624880313873291,
    3.7912583351135254,
    3.819734573364258,
    3.5701045989990234,
    3.6885838508605957,
    3.5858023166656494,
    3.7382149696350098,
    4.149508953094482,
    3.9840645790100098,
    3.563540458679199,
    3.783411741256714,
    4.134537696838379,
    3.7957706451416016,
    3.6035168170928955,
    3.5476200580596924,
    3.315096139907837,
    3.6139867305755615,
    3.6562187671661377,
    3.683793067932129,
    3.8484692573547363,
    3.8266139030456543,
    3.970311164855957,
    3.820251226425171,
    3.871462345123291,
    3.9471263885498047,
    4.136980056762695,
    3.819753408432007,
    3.386040210723877,
    2.7634196281433105,
    2.653355598449707,
    3.2551209926605225,
    3.611154317855835,
    3.292396306991577,
    3.3303298950195312,
    3.5352132320404053,
    3.604362964630127,
    3.5996060371398926,
    3.595883846282959,
    3.522312879562378,
    3.3054983615875244,
    3.4440200328826904,
    3.168949604034424,
    3.1313252449035645,
    3.3318400382995605,
    3.163774251937866,
    3.280565023422241,
    3.1927053928375244,
    3.39642596244812,
    3.675227403640747,
    3.5531253814697266,
    3.381765127182007,
    3.252673387527466,
    2.9345977306365967,
    2.9062650203704834,
    3.1682419776916504,
    3.234947681427002,
    3.379777669906616,
    3.2126736640930176,
    3.1402406692504883,
    3.421757459640503,
    3.7271511554718018,
    3.6525681018829346,
    3.673942804336548,
    3.6763978004455566,
    3.8728010654449463,
    3.514869213104248,
    3.146699905395508,
    3.3058745861053467,
    3.679945945739746,
    3.434856414794922,
    2.9030680656433105,
    2.837423324584961,
    3.080791711807251,
    3.180537462234497,
    3.2332561016082764,
    3.4631154537200928,
    3.584822416305542,
    3.3066768646240234,
    2.967573642730713,
    3.240354061126709,
    3.5903711318969727,
    3.6771109104156494,
    3.587343215942383,
    3.4580743312835693,
    3.340151071548462,
    3.2909202575683594,
    3.6333513259887695,
    3.071258783340454,
    2.840207815170288,
    3.201239824295044,
    3.5983753204345703,
    3.692284345626831,
    3.5442023277282715,
    3.428391218185425,
    3.6263978481292725,
    3.758786916732788,
    3.494211435317993,
    3.353048801422119,
    3.5671253204345703,
    3.1210312843322754,
    2.802361011505127,
    2.992584228515625,
    2.9453861713409424,
    3.0569803714752197,
    3.0085179805755615,
    3.0497066974639893,
    3.0210814476013184,
    2.96317982673645,
    3.0204124450683594,
    3.2051467895507812,
    3.228219747543335,
    2.9645707607269287,
    2.96025013923645,
    3.024183511734009,
    3.1266772747039795,
    3.109335422515869,
    3.329869270324707,
    3.480757713317871,
    3.5216147899627686,
    3.384352922439575,
    3.3592121601104736,
    3.42822265625,
    3.4885010719299316,
    3.4281165599823,
    3.445814609527588,
    3.3763973712921143,
    3.5221526622772217,
    3.652783155441284,
    3.513334035873413,
    3.486180543899536,
    3.3322744369506836,
    3.270203113555908,
    3.2865731716156006,
    3.263352870941162,
    3.3553690910339355,
    3.4603383541107178,
    3.374490261077881,
    3.1476051807403564,
    3.4620652198791504,
    3.7053263187408447,
    3.462249994277954,
    3.1692376136779785,
    3.1555798053741455,
    3.419447422027588,
    3.2338809967041016,
    3.145265817642212,
    3.1997199058532715,
    3.4573423862457275,
    3.367551565170288,
    3.0944833755493164,
    3.2329397201538086,
    3.338707208633423,
    3.365361452102661,
    3.423940658569336,
    3.555922031402588,
    3.387976884841919,
    3.3495676517486572,
    3.468083143234253,
    3.3312604427337646,
    3.2021877765655518,
    3.2191455364227295,
    3.1874337196350098,
    3.0987496376037598,
    3.352020025253296,
    3.434887170791626,
    3.504671096801758,
    3.420170307159424,
    3.611431837081909,
    3.957472801208496,
    4.000923156738281,
    4.146180629730225,
    3.8890810012817383,
    3.626866102218628,
    3.1946637630462646,
    3.1112868785858154,
    3.3225326538085938,
    3.2005836963653564,
    3.1135849952697754,
    3.1235103607177734,
    3.224215507507324,
    3.263301372528076,
    3.355660915374756,
    3.187607526779175,
    3.302645683288574,
    3.3899600505828857,
    3.405240297317505,
    3.308558940887451,
    3.3754475116729736,
    3.3156893253326416,
    2.8202311992645264,
    3.2763075828552246,
    3.5708699226379395,
    3.0186619758605957,
    2.8154611587524414,
    2.74316143989563,
    2.9210188388824463,
    3.247826337814331,
    3.2191033363342285,
    3.134824275970459,
    3.2618463039398193,
    3.296964645385742,
    3.4319608211517334,
    3.5424180030822754,
    3.013280153274536,
    2.755584716796875,
    2.5242016315460205,
    2.7354674339294434,
    2.820760726928711,
    2.9104299545288086,
    2.8186001777648926,
    2.8492724895477295,
    3.1025307178497314,
    3.2550323009490967,
    3.3072290420532227,
    3.314056158065796,
    3.442901849746704,
    3.1407690048217773,
    3.3686389923095703,
    3.194902181625366,
    3.190690279006958,
    3.3859925270080566,
    3.1998045444488525,
    3.327260732650757,
    3.436392068862915,
    3.527355909347534,
    3.4583749771118164,
    3.5777382850646973,
    3.74150013923645,
    3.750889539718628,
    3.4177403450012207,
    3.445117473602295,
    3.512782335281372,
    3.4532134532928467,
    3.5400328636169434,
    3.605358600616455,
    3.482112169265747,
    3.4177191257476807,
    3.4232497215270996,
    3.5794081687927246,
    3.401453971862793,
    3.380629539489746,
    3.271631956100464,
    3.066119909286499,
    3.4624218940734863,
    3.336468458175659,
    3.305750608444214,
    3.0535662174224854,
    3.0153543949127197,
    3.120499610900879,
    3.0698440074920654,
    3.0294175148010254,
    3.18983793258667,
    3.176223039627075,
    3.412335157394409,
    3.1129512786865234,
    3.0330090522766113,
    3.1838419437408447,
    3.2254600524902344,
    3.185335874557495,
    3.006404399871826,
    3.129345178604126,
    3.14807391166687,
    3.0501084327697754,
    3.173640727996826,
    3.195812463760376,
    3.0699844360351562,
    3.0783684253692627,
    2.9780945777893066,
    3.1905438899993896,
    3.196697473526001,
    3.1300182342529297,
    3.3413100242614746,
    3.2790300846099854,
    2.9810409545898438,
    3.065826177597046,
    3.1175498962402344,
    3.2397265434265137,
    3.240363121032715,
    3.2965164184570312,
    3.4775784015655518,
    3.380807876586914,
    3.107172966003418,
    3.005983829498291,
    3.0761172771453857,
    3.179302453994751,
    3.1521975994110107,
    2.9468142986297607,
    3.294649600982666,
    3.451101541519165,
    3.417168378829956,
    2.9598376750946045,
    2.6510462760925293,
    3.0500855445861816,
    3.1296300888061523,
    3.400313377380371,
    3.731191396713257,
    3.6685194969177246,
    3.347291946411133,
    3.4997024536132812,
    3.5769100189208984,
    3.589892625808716,
    3.431781530380249,
    3.2703094482421875,
