{
  "name": "hat_d2d002_last2_500_ctx512",
  "seed": 42,
  "n_states": 256,
  "sigma_c2c": 0.0,
  "sigma_d2d": 0.02,
  "analog_layers": [
    22,
    23
  ],
  "lr": 1e-05,
  "max_steps": 500,
  "ppl_before": 24.920167044649705,
  "ppl_after": 18.790940724743,
  "losses": [
    3.1187331676483154,
    3.3640990257263184,
    3.5817644596099854,
    3.7712337970733643,
    3.482170820236206,
    3.5347113609313965,
    3.390305757522583,
    3.066453218460083,
    3.084015130996704,
    3.317796230316162,
    3.29128098487854,
    2.9698855876922607,
    3.269840717315674,
    3.595494508743286,
    3.291306734085083,
    3.2538254261016846,
    3.184208393096924,
    2.8774166107177734,
    2.90781831741333,
    2.9994077682495117,
    3.229825496673584,
    3.2811100482940674,
    3.010441303253174,
    3.225464344024658,
    3.081864356994629,
    3.1715359687805176,
    3.557488203048706,
    3.4719078540802,
    3.0015299320220947,
    3.2763211727142334,
    3.5210890769958496,
    3.3081600666046143,
    3.0817558765411377,
    3.001352310180664,
    2.7961318492889404,
    3.0772953033447266,
    3.064008951187134,
    3.2261946201324463,
    3.2406301498413086,
    3.2848451137542725,
    3.4771101474761963,
    3.3204333782196045,
    3.337794780731201,
    3.5136523246765137,
    3.514287233352661,
    3.323021650314331,
    2.8570024967193604,
    2.2810258865356445,
    2.224229335784912,
    2.8088626861572266,
    3.0434277057647705,
    2.8309004306793213,
    2.6451194286346436,
    3.0183682441711426,
    2.9999799728393555,
    3.004011869430542,
    3.2029380798339844,
    3.0550196170806885,
    2.74147367477417,
    2.7737720012664795,
    2.7393953800201416,
    2.752903938293457,
    2.6753201484680176,
    2.671560764312744,
    2.6101088523864746,
    2.5862996578216553,
    2.8557095527648926,
    3.1824026107788086,
    3.0410006046295166,
    2.9092612266540527,
    2.7615842819213867,
    2.473970651626587,
    2.5078959465026855,
    2.8487987518310547,
    2.7996487617492676,
    2.789191484451294,
    2.6389963626861572,
    2.50780987739563,
    2.994013786315918,
    3.4498586654663086,
    3.3662030696868896,
    3.3659725189208984,
    3.422309637069702,
    3.5179946422576904,
    3.084836721420288,
    2.839273691177368,
    3.005875587463379,
    3.22074556350708,
    2.9850685596466064,
    2.5569145679473877,
    2.4049971103668213,
    2.7077174186706543,
    2.8662447929382324,
    2.852415084838867,
    3.0772228240966797,
    3.3075432777404785,
    2.898695468902588,
    2.6214284896850586,
    2.90570330619812,
    3.2543227672576904,
    3.2256078720092773,
    3.133913993835449,
    3.04899001121521,
    2.903454542160034,
    2.927751302719116,
    3.182206392288208,
    2.581212043762207,
    2.4753642082214355,
    2.7922849655151367,
    3.068171739578247,
    3.1238150596618652,
    3.053156852722168,
    3.001093626022339,
    3.1970012187957764,
    3.279085874557495,
    3.0318009853363037,
    2.9797909259796143,
    3.2081518173217773,
    2.693470001220703,
    2.414442777633667,
    2.634964942932129,
    2.643324851989746,
    2.7616162300109863,
    2.6657652854919434,
    2.6534976959228516,
    2.7685680389404297,
    2.6890158653259277,
    2.704378366470337,
    2.9412901401519775,
    2.919550657272339,
    2.4634363651275635,
    2.567323923110962,
    2.6711854934692383,
    2.848007917404175,
    2.7507104873657227,
    2.951777935028076,
    3.132124662399292,
    3.1119556427001953,
    3.0792477130889893,
    3.129396438598633,
    3.104645252227783,
    3.151581048965454,
    3.1489014625549316,
    3.2109429836273193,
    3.073233127593994,
    3.308161973953247,
    3.4069066047668457,
    3.2479522228240967,
    3.194594383239746,
    3.097459077835083,
    2.9920005798339844,
    2.993375539779663,
    2.9361579418182373,
    3.112659454345703,
    3.27131724357605,
    3.125509023666382,
    2.818314790725708,
    3.142906904220581,
    3.326080322265625,
    3.0480854511260986,
    2.86173677444458,
    2.989727735519409,
    3.177818775177002,
    3.033440113067627,
    2.953378677368164,
    2.9759361743927,
    3.1956639289855957,
    3.121318817138672,
    2.860490083694458,
    3.025782346725464,
    3.1134719848632812,
    3.153836488723755,
    3.174074649810791,
    3.326174259185791,
    3.1388304233551025,
    3.085916519165039,
    3.2622463703155518,
    3.075080633163452,
    2.9152982234954834,
    2.881124496459961,
    2.8568170070648193,
    2.8660826683044434,
    3.02618670463562,
    3.2157561779022217,
    3.2153122425079346,
    3.1903395652770996,
    3.305274724960327,
    3.617924213409424,
    3.664804220199585,
    3.792391061782837,
    3.547532081604004,
    3.2964937686920166,
    2.93630051612854,
    2.820524215698242,
    3.083138942718506,
    2.9205493927001953,
    2.687023401260376,
    2.9019739627838135,
    2.9102089405059814,
    3.0202713012695312,
    3.1537628173828125,
    2.988630771636963,
    3.1319048404693604,
    3.095276117324829,
    3.157662868499756,
    2.990671157836914,
    3.0684735774993896,
    3.042072057723999,
    2.61356782913208,
    3.04830265045166,
    3.3689653873443604,
    2.8713035583496094,
    2.6418426036834717,
    2.5291683673858643,
    2.691946268081665,
    2.987868309020996,
    2.8922345638275146,
    2.937784433364868,
    3.1132442951202393,
    3.0951123237609863,
    3.2495784759521484,
    3.3031811714172363,
    2.806673526763916,
    2.416468620300293,
    2.248199224472046,
    2.37036395072937,
    2.578272581100464,
    2.633409261703491,
    2.546233892440796,
    2.6096842288970947,
    2.8445873260498047,
    2.989971399307251,
    2.9012765884399414,
    2.98077654838562,
    3.1185128688812256,
    2.873136043548584,
    3.186302423477173,
    2.928926467895508,
    2.9463844299316406,
    3.2422845363616943,
    3.0205252170562744,
    3.073148012161255,
    3.2055823802948,
    3.3376870155334473,
    3.226125717163086,
    3.3142001628875732,
    3.5231354236602783,
    3.564892053604126,
    3.200923442840576,
    3.301832437515259,
    3.31687068939209,
    3.260162830352783,
    3.2692034244537354,
    3.318662643432617,
    3.180068016052246,
    3.192880630493164,
    3.199441909790039,
    3.3531715869903564,
    3.199873685836792,
    3.0927913188934326,
    2.987460136413574,
    2.718186855316162,
    3.1497139930725098,
    3.0119640827178955,
    3.0541298389434814,
    2.7608063220977783,
    2.7486467361450195,
    2.7169225215911865,
    2.7276573181152344,
    2.8069286346435547,
    2.8872106075286865,
    2.8244149684906006,
    3.0603978633880615,
    2.8627817630767822,
    2.7498810291290283,
    2.794710874557495,
    2.836758613586426,
    2.9273757934570312,
    2.8485825061798096,
    2.961834669113159,
    2.947087287902832,
    2.899339199066162,
    2.967801332473755,
    2.961292028427124,
    2.8120715618133545,
    2.8464224338531494,
    2.692239761352539,
    2.9480180740356445,
    2.904447317123413,
    2.882690906524658,
    3.072939157485962,
    2.97456955909729,
    2.7327752113342285,
    2.7974886894226074,
    2.922922372817993,
    3.0211284160614014,
    3.0130341053009033,
    3.11371111869812,
    3.283942699432373,
    3.145585536956787,
    2.89353084564209,
    2.8240180015563965,
    2.895925760269165,
    3.023214817047119,
    2.9351584911346436,
    2.830392360687256,
    3.086987018585205,
    3.1703402996063232,
    3.100457191467285,
    2.710299253463745,
    2.4542720317840576,
    2.7254204750061035,
    2.8006279468536377,
    3.1241085529327393,
    3.4728150367736816,
    3.485955238342285,
    3.138654947280884,
    3.1997995376586914,
    3.3793652057647705,
    3.339259624481201,
    3.1730074882507324,
    2.9660000801086426,
    2.9957175254821777,
    3.0851967334747314,
    3.062981605529785,
    3.0915327072143555,
    3.1116793155670166,
    2.8317601680755615,
    2.4013283252716064,
