{
  "name": "410m_last1_v2",
  "train_seed": 42,
  "d2d_seed": 3373,
  "n_states": 256,
  "sigma_c2c": 0.01,
  "sigma_d2d": 0.02,
  "analog_layers": [
    23
  ],
  "lr": 1e-05,
  "max_steps": 500,
  "retention_step_time": 0.0,
  "ppl_before": 23.299391239025578,
  "ppl_after": 18.816746341957163,
  "losses": [
    3.068941116333008,
    3.3032145500183105,
    3.532128095626831,
    3.7136974334716797,
    3.465569496154785,
    3.4650955200195312,
    3.3499746322631836,
    2.9836490154266357,
    3.0425915718078613,
    3.2532639503479004,
    3.2502546310424805,
    2.9251906871795654,
    3.212634801864624,
    3.512320041656494,
    3.1976256370544434,
    3.235905885696411,
    3.076702117919922,
    2.824031114578247,
    2.8690247535705566,
    2.976583242416382,
    3.212775230407715,
    3.26399564743042,
    2.9426920413970947,
    3.1874234676361084,
    3.077826499938965,
    3.1327168941497803,
    3.515629529953003,
    3.4123098850250244,
    2.9557199478149414,
    3.2411088943481445,
    3.47123384475708,
    3.2788925170898438,
    3.0391242504119873,
    2.9327664375305176,
    2.785233974456787,
    3.0338337421417236,
    3.077331304550171,
    3.238194227218628,
    3.2091917991638184,
    3.258066415786743,
    3.438246965408325,
    3.3112714290618896,
    3.2953593730926514,
    3.4584665298461914,
    3.4480440616607666,
    3.276914596557617,
    2.828129529953003,
    2.2755095958709717,
    2.1894688606262207,
    2.750391721725464,
    3.004706859588623,
    2.8169755935668945,
    2.635172128677368,
    3.017522096633911,
    2.9955689907073975,
    2.9746975898742676,
    3.1483569145202637,
    3.0171563625335693,
    2.701505661010742,
    2.7279999256134033,
    2.679185628890991,
    2.663698434829712,
    2.6642777919769287,
    2.609490394592285,
    2.5549018383026123,
    2.6189124584198,
    2.819849967956543,
    3.1359498500823975,
    2.969813585281372,
    2.838212251663208,
    2.712285280227661,
    2.4517035484313965,
    2.499939441680908,
    2.7919676303863525,
    2.750347852706909,
    2.758263111114502,
    2.548685312271118,
    2.4976699352264404,
    2.977729082107544,
    3.3915090560913086,
    3.2918550968170166,
    3.296903610229492,
    3.336250066757202,
    3.5031354427337646,
    3.085273504257202,
    2.780348539352417,
    2.9426002502441406,
    3.1977322101593018,
    2.924297332763672,
    2.5492563247680664,
    2.3451287746429443,
    2.635589599609375,
    2.8218767642974854,
    2.8338823318481445,
    3.074098587036133,
    3.241654634475708,
    2.871697425842285,
    2.5912327766418457,
    2.820052146911621,
    3.2480552196502686,
    3.182762384414673,
    3.0941457748413086,
    3.015317916870117,
    2.905689001083374,
    2.89501953125,
    3.1334455013275146,
    2.5357203483581543,
    2.4700369834899902,
    2.7617592811584473,
    3.026660919189453,
    3.1061644554138184,
    3.033953905105591,
    3.000668525695801,
    3.1840343475341797,
    3.212447166442871,
    3.0088648796081543,
    2.971689462661743,
    3.1555938720703125,
    2.6576321125030518,
    2.385359525680542,
    2.6123387813568115,
    2.636446952819824,
    2.7041983604431152,
    2.6352639198303223,
    2.641801595687866,
    2.764451026916504,
    2.6779606342315674,
    2.6722984313964844,
    2.9392049312591553,
    2.9136502742767334,
    2.465637683868408,
    2.5343034267425537,
    2.682135581970215,
    2.832557201385498,
    2.7413108348846436,
    2.888960361480713,
    3.155937433242798,
    3.087273359298706,
    3.0414912700653076,
    3.033588409423828,
    3.080253839492798,
    3.118079900741577,
    3.102902412414551,
    3.1596953868865967,
    3.0428242683410645,
    3.3220200538635254,
    3.422525644302368,
    3.2290570735931396,
    3.155172824859619,
    3.0553247928619385,
    2.9970145225524902,
    2.9776577949523926,
    2.91080904006958,
    3.069639205932617,
    3.271023750305176,
    3.113585948944092,
    2.8401668071746826,
    3.163463830947876,
    3.284736156463623,
    3.0442419052124023,
    2.8452999591827393,
    2.922454357147217,
    3.180384635925293,
    3.0142288208007812,
    2.9012868404388428,
    2.958148717880249,
    3.1493146419525146,
    3.1247243881225586,
    2.833299398422241,
    3.022026538848877,
    3.0902347564697266,
    3.116264581680298,
    3.158114433288574,
    3.308927059173584,
    3.0962555408477783,
    3.0427627563476562,
    3.2116026878356934,
    3.0509819984436035,
    2.8896355628967285,
    2.8595974445343018,
    2.838517904281616,
    2.80525541305542,
    2.997429609298706,
    3.19724178314209,
    3.215921640396118,
    3.1799585819244385,
    3.2650365829467773,
    3.5701730251312256,
    3.5729479789733887,
    3.7460529804229736,
    3.510014057159424,
    3.305281639099121,
    2.9314897060394287,
    2.7679953575134277,
    3.0111238956451416,
    2.9009759426116943,
    2.674236297607422,
    2.877892255783081,
    2.948927402496338,
    3.0338075160980225,
    3.096020221710205,
    2.9551753997802734,
    3.0845494270324707,
    3.060474395751953,
    3.1397485733032227,
    2.99495267868042,
    3.0589544773101807,
    3.063969612121582,
    2.624882936477661,
    3.023881196975708,
    3.3674850463867188,
    2.8187472820281982,
    2.6211466789245605,
    2.524677276611328,
    2.716505289077759,
    3.014915943145752,
    2.8879239559173584,
    2.899224281311035,
    3.104236364364624,
    3.0401415824890137,
    3.227508783340454,
    3.2682478427886963,
    2.7993435859680176,
    2.438687801361084,
    2.2760696411132812,
    2.4089927673339844,
    2.615312337875366,
    2.6376793384552,
    2.5598936080932617,
    2.590519428253174,
    2.8238110542297363,
    2.9615590572357178,
    2.8783464431762695,
    2.9685304164886475,
    3.1174583435058594,
    2.8728036880493164,
    3.164454936981201,
    2.8882837295532227,
    2.9166555404663086,
    3.1879160404205322,
    3.0271565914154053,
    3.041943073272705,
    3.184697389602661,
    3.301913022994995,
    3.227344036102295,
    3.3269894123077393,
    3.514763355255127,
    3.56223464012146,
    3.1849112510681152,
    3.289797306060791,
    3.311448097229004,
    3.2480032444000244,
    3.27077579498291,
    3.3136463165283203,
    3.18691349029541,
    3.137582540512085,
    3.1708850860595703,
    3.350264310836792,
    3.1908023357391357,
    3.1010351181030273,
    2.9675495624542236,
    2.716325283050537,
    3.125971794128418,
    2.9869637489318848,
    3.050856351852417,
    2.77431583404541,
    2.7339026927948,
    2.6799535751342773,
    2.7168548107147217,
    2.7537682056427,
    2.8641061782836914,
    2.799516201019287,
    3.0036587715148926,
    2.8164329528808594,
    2.689443588256836,
    2.7684741020202637,
    2.8655807971954346,
    2.8974080085754395,
    2.834474802017212,
    2.9357900619506836,
    2.9108078479766846,
    2.849116802215576,
    2.964057207107544,
    2.9306752681732178,
    2.7824790477752686,
    2.8501102924346924,
    2.723905086517334,
    2.9411873817443848,
    2.886463165283203,
    2.8734495639801025,
    3.0590405464172363,
    2.9730818271636963,
    2.740612506866455,
    2.8040902614593506,
    2.9155733585357666,
    2.987471580505371,
    3.0239737033843994,
    3.1448469161987305,
    3.237558364868164,
    3.145334482192993,
    2.893833875656128,
    2.771895170211792,
    2.9087772369384766,
    3.040774345397949,
    2.947605609893799,
    2.808027982711792,
    3.0919315814971924,
    3.174556016921997,
    3.121608018875122,
    2.702155590057373,
    2.4147210121154785,
    2.7479324340820312,
    2.7966413497924805,
    3.1210227012634277,
    3.464690923690796,
    3.4515230655670166,
    3.1152892112731934,
    3.218705654144287,
    3.350281238555908,
    3.3399136066436768,
    3.1679203510284424,
    2.9527840614318848,
    2.9374489784240723,
    3.0783817768096924,
    3.059704542160034,
    3.0996689796447754,
    3.154149055480957,
