{
  "name": "combined_sweep_d2d02_c2c02_v2",
  "train_seed": 42,
  "d2d_seed": 3373,
  "n_states": 256,
  "sigma_c2c": 0.02,
  "sigma_d2d": 0.02,
  "analog_layers": [
    0,
    1,
    2,
    3,
    4,
    5,
    6,
    7,
    8,
    9,
    10,
    11,
    12,
    13,
    14,
    15,
    16,
    17,
    18,
    19,
    20,
    21,
    22,
    23
  ],
  "lr": 1e-05,
  "max_steps": 500,
  "retention_step_time": 0.0,
  "ppl_before": 186.03338364376714,
  "ppl_after": 29.290705580087057,
  "losses": [
    5.495334625244141,
    5.2547807693481445,
    5.1767120361328125,
    5.544333457946777,
    5.159554481506348,
    4.863473892211914,
    4.81615686416626,
    4.529793739318848,
    4.3047003746032715,
    4.465122222900391,
    4.616040229797363,
    4.07935094833374,
    4.604466438293457,
    4.831966400146484,
    4.538782119750977,
    4.591098785400391,
    4.609679698944092,
    4.53721809387207,
    4.366374969482422,
    4.188364505767822,
    4.187051296234131,
    4.230617046356201,
    3.9486823081970215,
    4.290395259857178,
    4.4044880867004395,
    4.266787528991699,
    4.469077110290527,
    4.396285533905029,
    4.061224937438965,
    4.449889183044434,
    4.568689346313477,
    4.308482646942139,
    4.1135334968566895,
    3.906399965286255,
    3.789883852005005,
    4.043666839599609,
    4.219043731689453,
    4.151817798614502,
    4.313937187194824,
    4.481933116912842,
    4.314291000366211,
    4.21657657623291,
    4.351267337799072,
    4.434877872467041,
    4.481414794921875,
    4.233034133911133,
    4.047616958618164,
    3.3098232746124268,
    3.349714994430542,
    3.732245445251465,
    3.9851198196411133,
    3.6675925254821777,
    3.568685293197632,
    3.9829723834991455,
    4.083902835845947,
    4.404242038726807,
    4.125032901763916,
    4.042917251586914,
    3.9940168857574463,
    3.94820499420166,
    3.6216025352478027,
    3.701214075088501,
    3.7912869453430176,
    3.720285415649414,
    3.7215416431427,
    3.8795878887176514,
    3.6791157722473145,
    3.9826459884643555,
    4.028563976287842,
    3.8001418113708496,
    3.5979576110839844,
    3.2822673320770264,
    3.236717462539673,
    3.641663074493408,
    3.6121013164520264,
    3.6494288444519043,
    3.689706325531006,
    3.7247791290283203,
    3.920740842819214,
    4.14603328704834,
    3.98396372795105,
    4.043083667755127,
    4.096497058868408,
    4.145447254180908,
    3.885875940322876,
    3.551365852355957,
    3.7960736751556396,
    4.094168186187744,
    3.8008861541748047,
    3.308405876159668,
    3.256596565246582,
    3.4685840606689453,
    3.4827122688293457,
    3.7324717044830322,
    3.9152944087982178,
    4.104188442230225,
    3.679156541824341,
    3.4344112873077393,
    3.717078685760498,
    3.9810359477996826,
    4.007717609405518,
    3.8814616203308105,
    3.8442537784576416,
    3.6220223903656006,
    3.6706881523132324,
    4.00773286819458,
    3.6383025646209717,
    3.3777952194213867,
    3.7028143405914307,
    4.198071479797363,
    4.319792747497559,
    4.1522297859191895,
    4.168445587158203,
    4.110714435577393,
    4.272045612335205,
    4.00978946685791,
    3.794356107711792,
    4.019529342651367,
    3.4851269721984863,
    3.311178684234619,
    3.3628318309783936,
    3.3063974380493164,
    3.5162105560302734,
    3.4543702602386475,
    3.3779373168945312,
    3.493429183959961,
    3.331376314163208,
    3.4872803688049316,
    3.6147561073303223,
    3.7606375217437744,
    3.3605268001556396,
    3.344622850418091,
    3.4218456745147705,
    3.7463996410369873,
    3.6573593616485596,
    3.705949068069458,
    3.7944223880767822,
    3.8437061309814453,
    3.653022050857544,
    3.7144951820373535,
    3.7862186431884766,
    3.845045328140259,
    3.775725841522217,
    3.783963918685913,
    3.7249040603637695,
    3.7962234020233154,
    3.9450833797454834,
    3.8529419898986816,
    3.7389423847198486,
    3.5462567806243896,
    3.3568994998931885,
    3.63671875,
    3.5261335372924805,
    3.6584396362304688,
    3.8372607231140137,
    3.7201528549194336,
    3.4723870754241943,
    3.689692497253418,
    3.9743552207946777,
    3.7890467643737793,
    3.4227325916290283,
    3.467200994491577,
    3.653512477874756,
    3.530460834503174,
    3.4902305603027344,
    3.5379014015197754,
    3.7940735816955566,
    3.68668270111084,
    3.264603614807129,
    3.4458250999450684,
    3.58016037940979,
    3.527956247329712,
    3.724623680114746,
    3.8501763343811035,
    3.562206506729126,
    3.6001789569854736,
    3.8397791385650635,
    3.5141899585723877,
    3.449448585510254,
    3.592782735824585,
    3.6598660945892334,
    3.5107669830322266,
    3.690880537033081,
    3.7292990684509277,
    3.868668794631958,
    3.852654457092285,
    3.915955066680908,
    4.205562114715576,
    4.43458890914917,
    4.534066677093506,
    4.348545551300049,
    3.8493754863739014,
    3.6494483947753906,
    3.494220495223999,
    3.6524932384490967,
    3.661193609237671,
    3.3941285610198975,
    3.463080644607544,
    3.58628249168396,
    3.580045223236084,
    3.7299718856811523,
    3.542267084121704,
    3.709066390991211,
    3.7766082286834717,
    3.7507855892181396,
    3.5851094722747803,
    3.7146713733673096,
    3.608903646469116,
    3.2842066287994385,
    3.5424141883850098,
    3.7775166034698486,
    3.2696070671081543,
    3.1091606616973877,
    3.0458779335021973,
    3.213054895401001,
    3.503598213195801,
    3.3702192306518555,
    3.4570858478546143,
    3.643941640853882,
    3.5596163272857666,
    3.6636335849761963,
    3.8636090755462646,
    3.415663480758667,
    2.9605350494384766,
    2.871574878692627,
    3.0713541507720947,
    3.2405529022216797,
    3.2884671688079834,
    3.185577869415283,
    3.2568984031677246,
    3.4680018424987793,
    3.552006483078003,
    3.688384532928467,
    3.789004325866699,
    3.8325531482696533,
    3.491075038909912,
    3.6828510761260986,
    3.51042103767395,
    3.542914628982544,
    3.7006986141204834,
    3.452763795852661,
    3.5740597248077393,
    3.745764970779419,
    3.8108432292938232,
    3.8104279041290283,
    3.86446475982666,
    4.077828884124756,
    4.003396987915039,
    3.6522116661071777,
    3.720522880554199,
    3.722735643386841,
    3.689833879470825,
    3.7484967708587646,
    3.8585126399993896,
    3.7135260105133057,
    3.5859010219573975,
    3.615112781524658,
    3.838329792022705,
    3.6420061588287354,
    3.6394312381744385,
    3.5242700576782227,
    3.318089246749878,
    3.820906400680542,
    3.693730354309082,
    3.5461785793304443,
    3.335200548171997,
    3.3184292316436768,
    3.2986979484558105,
    3.2429251670837402,
    3.392474889755249,
    3.460587978363037,
    3.4942169189453125,
    3.692197799682617,
    3.4121997356414795,
    3.382662296295166,
    3.494022846221924,
    3.5414507389068604,
    3.459481716156006,
    3.2886159420013428,
    3.44832444190979,
    3.4060285091400146,
    3.3284153938293457,
    3.5117273330688477,
    3.5559887886047363,
    3.308173656463623,
    3.287700653076172,
    3.232042074203491,
    3.5441102981567383,
    3.501779317855835,
    3.4144906997680664,
    3.644956111907959,
    3.484081268310547,
    3.2436163425445557,
    3.415370464324951,
    3.545865297317505,
    3.52473783493042,
    3.506828546524048,
    3.6040332317352295,
    3.737823486328125,
    3.716433525085449,
    3.413764476776123,
    3.1992275714874268,
    3.3282406330108643,
    3.521660804748535,
    3.3715734481811523,
    3.2268357276916504,
    3.5896503925323486,
    3.8132972717285156,
    3.7128031253814697,
    3.261871814727783,
    3.053980588912964,
    3.3823485374450684,
    3.456962823867798,
    3.797971725463867,
    4.038948059082031,
    3.988783121109009,
    3.6757190227508545,
    3.8673248291015625,
    3.913262128829956,
    3.974236011505127,
