{
  "name": "combined_sweep_d2d02_c2c005_v2",
  "train_seed": 42,
  "d2d_seed": 3373,
  "n_states": 256,
  "sigma_c2c": 0.005,
  "sigma_d2d": 0.02,
  "analog_layers": [
    0,
    1,
    2,
    3,
    4,
    5,
    6,
    7,
    8,
    9,
    10,
    11,
    12,
    13,
    14,
    15,
    16,
    17,
    18,
    19,
    20,
    21,
    22,
    23
  ],
  "lr": 1e-05,
  "max_steps": 500,
  "retention_step_time": 0.0,
  "ppl_before": 122.71634287012436,
  "ppl_after": 25.271907705575433,
  "losses": [
    4.88023042678833,
    4.804942607879639,
    4.895702362060547,
    5.355036735534668,
    4.7872138023376465,
    4.5257954597473145,
    4.328279972076416,
    3.9919278621673584,
    3.9655210971832275,
    4.228431224822998,
    4.291935443878174,
    3.814542770385742,
    4.212414264678955,
    4.5435872077941895,
    4.160491466522217,
    4.246309280395508,
    4.098084449768066,
    4.190018653869629,
    4.043044567108154,
    3.846745491027832,
    3.9869349002838135,
    3.9236221313476562,
    3.6771342754364014,
    3.926609754562378,
    3.9130399227142334,
    4.010440349578857,
    4.320748805999756,
    4.141272068023682,
    3.8200814723968506,
    4.044768333435059,
    4.3643879890441895,
    3.935065746307373,
    3.8005292415618896,
    3.716317892074585,
    3.5294063091278076,
    3.8096394538879395,
    4.024710178375244,
    3.864640474319458,
    4.133967399597168,
    4.099761962890625,
    4.141078948974609,
    3.9758472442626953,
    4.043010711669922,
    4.1481451988220215,
    4.333736419677734,
    4.076145172119141,
    3.8032350540161133,
    3.048673152923584,
    3.0665805339813232,
    3.557655096054077,
    3.8224799633026123,
    3.4155235290527344,
    3.2220516204833984,
    3.7092859745025635,
    3.819131851196289,
    3.9331917762756348,
    3.859459400177002,
    3.793623685836792,
    3.7250330448150635,
    3.6459829807281494,
    3.403822660446167,
    3.492990255355835,
    3.5194122791290283,
    3.403079032897949,
    3.4976682662963867,
    3.584731340408325,
    3.464033365249634,
    3.813136100769043,
    3.802042245864868,
    3.5745131969451904,
    3.4130876064300537,
    3.051631450653076,
    3.1438472270965576,
    3.3485729694366455,
    3.2985758781433105,
    3.478184223175049,
    3.577958345413208,
    3.4474198818206787,
    3.6888344287872314,
    3.9671640396118164,
    3.8660616874694824,
    3.9795258045196533,
    3.8202829360961914,
    4.012360095977783,
    3.710563898086548,
    3.3514657020568848,
    3.611964464187622,
    3.891286611557007,
    3.5587313175201416,
    3.1207761764526367,
    3.0459744930267334,
    3.1862096786499023,
    3.3716704845428467,
    3.4752609729766846,
    3.686803102493286,
    3.9655539989471436,
    3.4722156524658203,
    3.1734964847564697,
    3.437354564666748,
    3.821054220199585,
    3.7615532875061035,
    3.725550889968872,
    3.677610397338867,
    3.4143595695495605,
    3.452526330947876,
    3.868194580078125,
    3.330183506011963,
    3.116734266281128,
    3.415364980697632,
    3.84870982170105,
    3.955077648162842,
    3.8557863235473633,
    3.8884761333465576,
    3.8984484672546387,
    4.031225681304932,
    3.8039731979370117,
    3.5573225021362305,
    3.773731231689453,
    3.2500932216644287,
    3.0379092693328857,
    3.0932767391204834,
    3.1606669425964355,
    3.252089262008667,
    3.1784863471984863,
    3.1053121089935303,
    3.2766153812408447,
    3.1367363929748535,
    3.221764326095581,
    3.4286410808563232,
    3.4357430934906006,
    3.1346054077148438,
    3.0669732093811035,
    3.2623348236083984,
    3.3817272186279297,
    3.341353416442871,
    3.473682403564453,
    3.5416297912597656,
    3.5341105461120605,
    3.528963088989258,
    3.4880685806274414,
    3.590799570083618,
    3.6294450759887695,
    3.5970945358276367,
    3.6161892414093018,
    3.4622085094451904,
    3.6537833213806152,
    3.814270257949829,
    3.70536208152771,
    3.562232255935669,
    3.42598557472229,
    3.3423452377319336,
    3.406599998474121,
    3.3587751388549805,
    3.475036859512329,
    3.6298019886016846,
    3.5708165168762207,
    3.294996500015259,
    3.6021311283111572,
    3.8249850273132324,
    3.623297691345215,
    3.2948622703552246,
    3.3470027446746826,
    3.5114152431488037,
    3.410407066345215,
    3.295659065246582,
    3.2995195388793945,
    3.571171998977661,
    3.4498047828674316,
    3.188509702682495,
    3.3146698474884033,
    3.44423246383667,
    3.512047052383423,
    3.6075689792633057,
    3.752188205718994,
    3.4335930347442627,
    3.4513168334960938,
    3.6280314922332764,
    3.4468178749084473,
    3.2873241901397705,
    3.320756196975708,
    3.5565803050994873,
    3.2537970542907715,
    3.4462015628814697,
    3.6229331493377686,
    3.576540470123291,
    3.6273205280303955,
    3.6563968658447266,
    3.99885630607605,
    4.276825428009033,
    4.260941982269287,
    4.0740814208984375,
    3.659024953842163,
    3.389538288116455,
    3.3193516731262207,
    3.451098918914795,
    3.4624855518341064,
    3.1558287143707275,
    3.3142032623291016,
    3.370413303375244,
    3.4679136276245117,
    3.5237207412719727,
    3.3868963718414307,
    3.5313942432403564,
    3.558619976043701,
    3.611990451812744,
    3.4504458904266357,
    3.5158135890960693,
    3.4170820713043213,
    3.022207260131836,
    3.41635799407959,
    3.6866681575775146,
    3.129653215408325,
    2.9737792015075684,
    2.941154956817627,
    3.075314521789551,
    3.3412492275238037,
    3.269176959991455,
    3.3321313858032227,
    3.452265501022339,
    3.4213626384735107,
    3.5243096351623535,
    3.635312080383301,
    3.15446400642395,
    2.835266351699829,
    2.7321131229400635,
    2.9017841815948486,
    3.0651729106903076,
    3.090566873550415,
    3.009316921234131,
    3.0108935832977295,
    3.264343500137329,
    3.4639174938201904,
    3.395792007446289,
    3.586681842803955,
    3.646541118621826,
    3.3378987312316895,
    3.4907734394073486,
    3.3502843379974365,
    3.421663999557495,
    3.573859930038452,
    3.366274118423462,
    3.5321896076202393,
    3.5687549114227295,
    3.7100937366485596,
    3.6960842609405518,
    3.7702159881591797,
    4.044436931610107,
    3.8755123615264893,
    3.559032678604126,
    3.579712152481079,
    3.627429723739624,
    3.537148952484131,
    3.6498405933380127,
    3.7749931812286377,
    3.6246938705444336,
    3.440145969390869,
    3.5103235244750977,
    3.720716953277588,
    3.613407611846924,
    3.4608798027038574,
    3.3720357418060303,
    3.1931684017181396,
    3.6969964504241943,
    3.4313929080963135,
    3.4549331665039062,
    3.1428706645965576,
    3.218266487121582,
    3.1603612899780273,
    3.1579840183258057,
    3.2501134872436523,
    3.2893307209014893,
    3.3737707138061523,
    3.5314319133758545,
    3.2524356842041016,
    3.0850117206573486,
    3.367919921875,
    3.3641676902770996,
    3.3667023181915283,
    3.1315624713897705,
    3.258047342300415,
    3.264725685119629,
    3.279625177383423,
    3.351072072982788,
    3.3788936138153076,
    3.1665968894958496,
    3.1465749740600586,
    3.0910820960998535,
    3.3784866333007812,
    3.300389051437378,
    3.367039442062378,
    3.471811056137085,
    3.341367244720459,
    3.1349031925201416,
    3.2186105251312256,
    3.309610605239868,
    3.4137258529663086,
    3.340320110321045,
    3.459871768951416,
    3.5518128871917725,
    3.557403087615967,
    3.2701425552368164,
    3.1004390716552734,
    3.2141451835632324,
    3.3518993854522705,
    3.2994067668914795,
    3.063054323196411,
    3.4552669525146484,
    3.649822235107422,
    3.5957224369049072,
    3.1359803676605225,
    2.7926316261291504,
    3.205545425415039,
    3.2669413089752197,
    3.4995768070220947,
    3.86167311668396,
    3.8879525661468506,
    3.4931554794311523,
    3.6118600368499756,
