{
  "name": "combined_layerlast4_v2",
  "train_seed": 42,
  "d2d_seed": 3373,
  "n_states": 256,
  "sigma_c2c": 0.01,
  "sigma_d2d": 0.02,
  "analog_layers": [
    20,
    21,
    22,
    23
  ],
  "lr": 1e-05,
  "max_steps": 500,
  "retention_step_time": 0.0,
  "ppl_before": 31.2660764292713,
  "ppl_after": 20.32708280601575,
  "losses": [
    3.3560917377471924,
    3.518486976623535,
    3.75643253326416,
    3.9275970458984375,
    3.721438407897949,
    3.6900839805603027,
    3.50109601020813,
    3.2098195552825928,
    3.2562403678894043,
    3.4531192779541016,
    3.441807985305786,
    3.2247872352600098,
    3.467405319213867,
    3.748002052307129,
    3.3544728755950928,
    3.500566005706787,
    3.3438265323638916,
    3.1589884757995605,
    3.078835964202881,
    3.12475848197937,
    3.313366651535034,
    3.3709769248962402,
    3.2080018520355225,
    3.3445558547973633,
    3.1998186111450195,
    3.306544303894043,
    3.6846423149108887,
    3.613518714904785,
    3.1616406440734863,
    3.3636844158172607,
    3.631758451461792,
    3.4186689853668213,
    3.1481757164001465,
    3.140955924987793,
    3.0902929306030273,
    3.1915056705474854,
    3.211822032928467,
    3.366750955581665,
    3.427779197692871,
    3.4159257411956787,
    3.553096055984497,
    3.454646110534668,
    3.5119919776916504,
    3.637195348739624,
    3.727792501449585,
    3.478828191757202,
    2.9343888759613037,
    2.337222099304199,
    2.2977888584136963,
    2.846109390258789,
    3.106487989425659,
    2.918347120285034,
    2.744281053543091,
    3.150374174118042,
    3.1446573734283447,
    3.165601968765259,
    3.3115522861480713,
    3.2245752811431885,
    2.9498822689056396,
    2.942200183868408,
    2.8756847381591797,
    2.889492988586426,
    2.81080961227417,
    2.8693056106567383,
    2.7831315994262695,
    2.834454298019409,
    2.996129035949707,
    3.2482805252075195,
    3.142678737640381,
    3.058859348297119,
    2.863956928253174,
    2.589827537536621,
    2.6635563373565674,
    2.9077389240264893,
    2.908172845840454,
    2.9247231483459473,
    2.9183759689331055,
    2.772977352142334,
    3.1411452293395996,
    3.4951977729797363,
    3.4907524585723877,
    3.7118887901306152,
    3.476583480834961,
    3.6011672019958496,
    3.232710361480713,
    2.9163973331451416,
    3.1040477752685547,
    3.3359875679016113,
    3.055063009262085,
    2.6472692489624023,
    2.585029363632202,
    2.771794557571411,
    2.9197468757629395,
    2.942390203475952,
    3.263460159301758,
    3.4105288982391357,
    3.0593247413635254,
    2.746039628982544,
    3.0079638957977295,
    3.4163424968719482,
    3.32425856590271,
    3.2870302200317383,
    3.1655654907226562,
    3.042933702468872,
    3.0430922508239746,
    3.3682191371917725,
    2.7783498764038086,
    2.599276065826416,
    2.949645519256592,
    3.2852072715759277,
    3.3038434982299805,
    3.2857868671417236,
    3.214259624481201,
    3.357577085494995,
    3.4980013370513916,
    3.221553087234497,
    3.0532124042510986,
    3.4214961528778076,
    2.904909610748291,
    2.6377458572387695,
    2.7505717277526855,
    2.8113224506378174,
    2.9064126014709473,
    2.8160922527313232,
    2.859532356262207,
    2.8778951168060303,
    2.8197169303894043,
    2.87933611869812,
    3.1017377376556396,
    3.027784824371338,
    2.681541919708252,
    2.702970027923584,
    2.777742862701416,
    2.9158294200897217,
    2.855361223220825,
    3.029066562652588,
    3.271217107772827,
    3.2165181636810303,
    3.1764230728149414,
    3.1641528606414795,
    3.194514274597168,
    3.205014944076538,
    3.20572566986084,
    3.335016965866089,
    3.173449754714966,
    3.3803141117095947,
    3.52101731300354,
    3.3555092811584473,
    3.2770638465881348,
    3.1232361793518066,
    3.0897340774536133,
    3.055034875869751,
    3.037177085876465,
    3.167642116546631,
    3.3126165866851807,
    3.2122294902801514,
    2.9440269470214844,
    3.2353763580322266,
    3.3806073665618896,
    3.2042770385742188,
    2.960866928100586,
    3.0151312351226807,
    3.2287867069244385,
    3.086552143096924,
    3.0159108638763428,
    3.043335199356079,
    3.2364749908447266,
    3.2216968536376953,
    2.916933059692383,
    3.0719048976898193,
    3.1223883628845215,
    3.19539737701416,
    3.2619729042053223,
    3.405565023422241,
    3.2230334281921387,
    3.141392707824707,
    3.343017578125,
    3.1788694858551025,
    3.0072951316833496,
    2.97963285446167,
    2.982071876525879,
    2.965092658996582,
    3.198683738708496,
    3.2907137870788574,
    3.2698426246643066,
    3.3104207515716553,
    3.4399867057800293,
    3.693995714187622,
    3.7501022815704346,
    3.864459753036499,
    3.694244146347046,
    3.349412202835083,
    3.0888144969940186,
    2.913249969482422,
    3.140070915222168,
    3.051730155944824,
    2.828781843185425,
    3.0106828212738037,
    3.103646755218506,
    3.1217048168182373,
    3.1786272525787354,
    3.065516710281372,
    3.2200591564178467,
    3.180694341659546,
    3.2470145225524902,
    3.1129984855651855,
    3.1954615116119385,
    3.126375913619995,
    2.6957340240478516,
    3.1774303913116455,
    3.445580244064331,
    2.9407620429992676,
    2.6946051120758057,
    2.6167917251586914,
    2.772390842437744,
    3.1102514266967773,
    2.9890999794006348,
    3.0228359699249268,
    3.1516265869140625,
    3.179729700088501,
    3.330747127532959,
    3.3815431594848633,
    2.8770601749420166,
    2.4382243156433105,
    2.3571197986602783,
    2.498375415802002,
    2.6772513389587402,
    2.6459109783172607,
    2.5924010276794434,
    2.672612190246582,
    2.953815460205078,
    3.1229565143585205,
    3.0691068172454834,
    3.074800729751587,
    3.2602760791778564,
    2.956712007522583,
    3.2968099117279053,
    3.027991771697998,
    3.038041830062866,
    3.3129329681396484,
    3.1319873332977295,
    3.1723170280456543,
    3.285097599029541,
    3.422398328781128,
    3.3443150520324707,
    3.4032058715820312,
    3.5958964824676514,
    3.6192092895507812,
    3.264512300491333,
    3.310013771057129,
    3.4351282119750977,
    3.3568859100341797,
    3.333256244659424,
    3.4386768341064453,
    3.2747159004211426,
    3.222994327545166,
    3.2360103130340576,
    3.44551944732666,
    3.3056840896606445,
    3.135070323944092,
    3.057676076889038,
    2.81112003326416,
    3.2192153930664062,
    3.136111259460449,
    3.152850389480591,
    2.825883626937866,
    2.8192083835601807,
    2.797856569290161,
    2.8506100177764893,
    2.9073619842529297,
    2.9441261291503906,
    2.9538347721099854,
    3.1426870822906494,
    3.003772735595703,
    2.8716940879821777,
    2.9174082279205322,
    3.005164384841919,
    3.002804756164551,
    2.917799711227417,
    3.0566155910491943,
    3.020010232925415,
    2.9748971462249756,
    3.056546926498413,
    3.0948216915130615,
    2.9205167293548584,
    2.9112069606781006,
    2.7600619792938232,
    3.0558393001556396,
    2.9956164360046387,
    2.969926357269287,
    3.1371026039123535,
    3.053311824798584,
    2.830005407333374,
    2.8538031578063965,
    3.0432708263397217,
    3.1084327697753906,
    3.069497585296631,
    3.1794755458831787,
    3.3102316856384277,
    3.2479050159454346,
    3.0231125354766846,
    2.9035329818725586,
    2.972571849822998,
    3.070338726043701,
    3.002234697341919,
    2.8561758995056152,
    3.224052667617798,
    3.2571239471435547,
    3.2990846633911133,
    2.878007650375366,
    2.5470619201660156,
    2.9206414222717285,
    3.0968496799468994,
    3.207038640975952,
    3.5641798973083496,
    3.5589466094970703,
    3.196134567260742,
    3.3626811504364014,
    3.4631507396698,
    3.414552688598633,
    3.266352415084839,
    3.06195330619812,
    3.0886075496673584,
    3.1488208770751953,
    3.172882556915283,
