{
  "name": "combined_layerall_v2",
  "train_seed": 42,
  "d2d_seed": 3373,
  "n_states": 256,
  "sigma_c2c": 0.01,
  "sigma_d2d": 0.02,
  "analog_layers": [
    0,
    1,
    2,
    3,
    4,
    5,
    6,
    7,
    8,
    9,
    10,
    11,
    12,
    13,
    14,
    15,
    16,
    17,
    18,
    19,
    20,
    21,
    22,
    23
  ],
  "lr": 1e-05,
  "max_steps": 500,
  "retention_step_time": 0.0,
  "ppl_before": 135.51279914487355,
  "ppl_after": 26.299284523247263,
  "losses": [
    5.114540100097656,
    4.95447301864624,
    4.938307285308838,
    5.364260196685791,
    4.891975402832031,
    4.634948253631592,
    4.4853668212890625,
    4.114071846008301,
    4.117306709289551,
    4.291315078735352,
    4.403630256652832,
    3.9079458713531494,
    4.345416069030762,
    4.616146564483643,
    4.234500885009766,
    4.294943332672119,
    4.249011039733887,
    4.260955333709717,
    4.174266815185547,
    3.9925901889801025,
    3.9924750328063965,
    4.014645576477051,
    3.753687858581543,
    4.048008441925049,
    4.066636562347412,
    4.147222995758057,
    4.334812641143799,
    4.204044818878174,
    3.842352867126465,
    4.111637592315674,
    4.404722213745117,
    4.111233234405518,
    3.901974678039551,
    3.7270259857177734,
    3.6053905487060547,
    3.8934431076049805,
    4.084366798400879,
    3.952364206314087,
    4.164788246154785,
    4.221270561218262,
    4.1692352294921875,
    4.065777778625488,
    4.170305252075195,
    4.259503364562988,
    4.293981552124023,
    4.094395637512207,
    3.82782244682312,
    3.0147547721862793,
    3.12880277633667,
    3.5609018802642822,
    3.82857084274292,
    3.477193832397461,
    3.3257787227630615,
    3.7621853351593018,
    3.936309337615967,
    4.039216041564941,
    3.8764095306396484,
    3.8564343452453613,
    3.7471582889556885,
    3.699680805206299,
    3.4130032062530518,
    3.467360258102417,
    3.5827033519744873,
    3.5043845176696777,
    3.5247960090637207,
    3.6173675060272217,
    3.511193037033081,
    3.8175363540649414,
    3.8537113666534424,
    3.6342713832855225,
    3.492382049560547,
    3.092240571975708,
    3.189481019973755,
    3.4013078212738037,
    3.3062922954559326,
    3.448856830596924,
    3.57478928565979,
    3.482362985610962,
    3.763838768005371,
    4.03521728515625,
    3.917992353439331,
    3.9432621002197266,
    3.9455156326293945,
    4.015528678894043,
    3.7535250186920166,
    3.3673176765441895,
    3.6585869789123535,
    3.930123805999756,
    3.5977840423583984,
    3.172454357147217,
    3.0518786907196045,
    3.2846648693084717,
    3.409644842147827,
    3.5023677349090576,
    3.71094012260437,
    3.9448955059051514,
    3.550438404083252,
    3.227675199508667,
    3.506263256072998,
    3.8509769439697266,
    3.842066526412964,
    3.743211030960083,
    3.7665836811065674,
    3.4791512489318848,
    3.4852705001831055,
    3.865194320678711,
    3.413938045501709,
    3.200523614883423,
    3.491804838180542,
    3.965406894683838,
    4.029138565063477,
    3.937462091445923,
    3.9053804874420166,
    3.9887006282806396,
    4.079648017883301,
    3.819078207015991,
    3.61306095123291,
    3.833651065826416,
    3.292999267578125,
    3.0788581371307373,
    3.179051160812378,
    3.189255714416504,
    3.3277668952941895,
    3.2141754627227783,
    3.1825571060180664,
    3.3704686164855957,
    3.190485715866089,
    3.2904257774353027,
    3.4693808555603027,
    3.497581958770752,
    3.1665492057800293,
    3.174346923828125,
    3.3111989498138428,
    3.496004343032837,
    3.368076801300049,
    3.53487229347229,
    3.6061418056488037,
    3.6274819374084473,
    3.5484673976898193,
    3.559691905975342,
    3.630678415298462,
    3.695991277694702,
    3.6102492809295654,
    3.6302740573883057,
    3.538599967956543,
    3.670508623123169,
    3.8472588062286377,
    3.7120418548583984,
    3.576657295227051,
    3.4710562229156494,
    3.3072965145111084,
    3.431891441345215,
    3.375589609146118,
    3.5670158863067627,
    3.675987958908081,
    3.562049388885498,
    3.3073372840881348,
    3.6144020557403564,
    3.8436598777770996,
    3.711939573287964,
    3.2760181427001953,
    3.357785940170288,
    3.5380642414093018,
    3.411684513092041,
    3.3770384788513184,
    3.3573246002197266,
    3.6494245529174805,
    3.495572090148926,
    3.1433873176574707,
    3.379481554031372,
    3.4764838218688965,
    3.5394399166107178,
    3.5671651363372803,
    3.7377145290374756,
    3.4574015140533447,
    3.4145097732543945,
    3.699669361114502,
    3.447174072265625,
    3.3142051696777344,
    3.407867193222046,
    3.491514205932617,
    3.354307174682617,
    3.4784398078918457,
    3.6460065841674805,
    3.681403160095215,
    3.664583444595337,
    3.7560250759124756,
    4.030558109283447,
    4.2684407234191895,
    4.342357158660889,
    4.138335227966309,
    3.6694087982177734,
    3.5171806812286377,
    3.3946871757507324,
    3.528050184249878,
    3.4981331825256348,
    3.193817615509033,
    3.328199863433838,
    3.4270901679992676,
    3.452641248703003,
    3.587735891342163,
    3.422158718109131,
    3.5509636402130127,
    3.625661611557007,
    3.6396639347076416,
    3.4567301273345947,
    3.576019287109375,
    3.4269959926605225,
    3.0775575637817383,
    3.4150140285491943,
    3.6959803104400635,
    3.1299962997436523,
    2.9752860069274902,
    3.0149600505828857,
    3.118448495864868,
    3.3816921710968018,
    3.315525770187378,
    3.3858017921447754,
    3.5120954513549805,
    3.4541573524475098,
    3.5291342735290527,
    3.6490421295166016,
    3.2064011096954346,
    2.8084025382995605,
    2.731036424636841,
    2.9016945362091064,
    3.0532801151275635,
    3.033648729324341,
    2.988208770751953,
    3.064335823059082,
    3.255676507949829,
    3.3957831859588623,
    3.4663608074188232,
    3.6187515258789062,
    3.6171348094940186,
    3.342528820037842,
    3.523865222930908,
    3.3115642070770264,
    3.3558878898620605,
    3.5751585960388184,
    3.377516984939575,
    3.466935396194458,
    3.5794379711151123,
    3.7096917629241943,
    3.690142869949341,
    3.750882387161255,
    3.992840051651001,
    3.869070529937744,
    3.5428388118743896,
    3.580303907394409,
    3.591376543045044,
    3.5569119453430176,
    3.6117024421691895,
    3.7244248390197754,
    3.633704900741577,
    3.4913136959075928,
    3.4474129676818848,
    3.7626397609710693,
    3.5907139778137207,
    3.4927263259887695,
    3.434544324874878,
    3.2520251274108887,
    3.6619865894317627,
    3.4414427280426025,
    3.4039039611816406,
    3.1672754287719727,
    3.1370697021484375,
    3.1442019939422607,
    3.1184377670288086,
    3.2536568641662598,
    3.273951768875122,
    3.3260223865509033,
    3.495098829269409,
    3.2574427127838135,
    3.1424648761749268,
    3.370342969894409,
    3.395646333694458,
    3.3798019886016846,
    3.172592878341675,
    3.2588393688201904,
    3.3063929080963135,
    3.2672159671783447,
    3.369650363922119,
    3.37066388130188,
    3.170124053955078,
    3.188215732574463,
    3.106213092803955,
    3.362246513366699,
    3.338808059692383,
    3.3142244815826416,
    3.4505884647369385,
    3.36548113822937,
    3.132070302963257,
    3.294769763946533,
    3.3420419692993164,
    3.404144048690796,
    3.377680540084839,
    3.493187427520752,
    3.5871517658233643,
    3.5959038734436035,
    3.310129165649414,
    3.1376826763153076,
    3.2650461196899414,
    3.392620325088501,
    3.307051181793213,
    3.1081182956695557,
    3.4642932415008545,
    3.6747565269470215,
    3.5824403762817383,
    3.177067995071411,
    2.853633403778076,
    3.2526988983154297,
    3.312710762023926,
    3.594991445541382,
    3.9538238048553467,
    3.923027276992798,
    3.5131676197052,
    3.664440870285034,
    3.7777891159057617,
    3.8132882118225098,
