{
  "name": "extreme_d2d50_c2c01_v2",
  "train_seed": 42,
  "d2d_seed": 3373,
  "n_states": 256,
  "sigma_c2c": 0.01,
  "sigma_d2d": 0.5,
  "analog_layers": [
    22,
    23
  ],
  "lr": 1e-05,
  "max_steps": 500,
  "retention_step_time": 0.0,
  "ppl_before": 60.84201344466479,
  "ppl_after": 27.58744203225764,
  "losses": [
    4.0691070556640625,
    4.188007831573486,
    4.274259090423584,
    4.552087306976318,
    4.403122901916504,
    4.32584810256958,
    4.155432224273682,
    3.7421715259552,
    3.8618109226226807,
    4.015312671661377,
    4.035407543182373,
    3.7926583290100098,
    4.026846885681152,
    4.369543552398682,
    4.083224773406982,
    4.008087635040283,
    3.9262208938598633,
    3.744170665740967,
    3.6142797470092773,
    3.6348280906677246,
    3.790144443511963,
    3.7652370929718018,
    3.5262911319732666,
    3.854526996612549,
    3.7304487228393555,
    3.801011800765991,
    4.174540996551514,
    4.1873321533203125,
    3.646832227706909,
    3.892639398574829,
    4.113102436065674,
    3.893258810043335,
    3.7285046577453613,
    3.6658191680908203,
    3.450742721557617,
    3.7368154525756836,
    3.896937608718872,
    3.9331114292144775,
    4.105271816253662,
    3.983665943145752,
    4.331003665924072,
    4.11473274230957,
    4.15938663482666,
    4.213022232055664,
    4.485531330108643,
    4.165123462677002,
    3.6956560611724854,
    3.028632164001465,
    2.9468002319335938,
    3.5489251613616943,
    3.918506145477295,
    3.5861380100250244,
    3.3676259517669678,
    3.8144757747650146,
    3.905686616897583,
    3.9099884033203125,
    4.152010917663574,
    4.000829219818115,
    3.742906332015991,
    3.6894309520721436,
    3.6572506427764893,
    3.838193416595459,
    3.862363815307617,
    3.6268930435180664,
    3.643672466278076,
    3.7450029850006104,
    3.7664666175842285,
    3.8479957580566406,
    3.8684749603271484,
    4.017670154571533,
    3.7296767234802246,
    3.5017600059509277,
    3.622570514678955,
    3.745121955871582,
    3.5400044918060303,
    3.4604761600494385,
    3.7636053562164307,
    3.6217691898345947,
    3.8891842365264893,
    4.148577690124512,
    4.086507797241211,
    3.981968879699707,
    4.037301540374756,
    4.287447929382324,
    3.9281656742095947,
    3.684567451477051,
    3.885446548461914,
    4.081926345825195,
    3.87213397026062,
    3.3161444664001465,
    3.253028392791748,
    3.3636422157287598,
    3.721269130706787,
    3.692497491836548,
    3.81266188621521,
    3.956021785736084,
    3.6801035404205322,
    3.3815994262695312,
    3.823612928390503,
    3.9218671321868896,
    3.9091665744781494,
    3.914334774017334,
    3.7529971599578857,
    3.736158609390259,
    3.8453710079193115,
    4.064794063568115,
    3.6124560832977295,
    3.288376569747925,
    3.6732594966888428,
    4.123650550842285,
    4.217041015625,
    4.079421520233154,
    3.988830804824829,
    4.015711784362793,
    4.284915447235107,
    4.039124965667725,
    3.8307864665985107,
    4.047911643981934,
    3.53128719329834,
    3.347384452819824,
    3.347184419631958,
    3.4377551078796387,
    3.545719623565674,
    3.452517032623291,
    3.601179838180542,
    3.5523476600646973,
    3.398294448852539,
    3.3617746829986572,
    3.5355224609375,
    3.7491815090179443,
    3.469228506088257,
    3.409245252609253,
    3.4896762371063232,
    3.7045154571533203,
    3.526524782180786,
    3.7427802085876465,
    3.7994792461395264,
    3.740987539291382,
    3.7123942375183105,
    3.6030099391937256,
    3.6988770961761475,
    3.9064016342163086,
    3.692241907119751,
    3.8448781967163086,
    3.8606574535369873,
    3.935774326324463,
    4.049750804901123,
    3.7778213024139404,
    3.7032785415649414,
    3.542346715927124,
    3.415778875350952,
    3.5199947357177734,
    3.526052236557007,
    3.7528440952301025,
    3.82360577583313,
    3.708664894104004,
    3.473576784133911,
    3.745589017868042,
    3.857767343521118,
    3.7630527019500732,
    3.518134355545044,
    3.470238208770752,
    3.6570746898651123,
    3.637829303741455,
    3.514892339706421,
    3.5274298191070557,
    3.7288691997528076,
    3.782590866088867,
    3.367572546005249,
    3.4943244457244873,
    3.597151041030884,
    3.5149965286254883,
    3.716919422149658,
    3.7974445819854736,
    3.666861057281494,
    3.691549301147461,
    3.8001809120178223,
    3.59962797164917,
    3.552546977996826,
    3.5253984928131104,
    3.6571192741394043,
    3.5002503395080566,
    3.602440357208252,
    3.679973602294922,
    3.6127331256866455,
    3.7014858722686768,
    3.7193069458007812,
    4.138309001922607,
    4.1859025955200195,
    4.400516510009766,
    4.129873275756836,
    3.71093487739563,
    3.5396478176116943,
    3.507495641708374,
    3.5945873260498047,
    3.592566728591919,
    3.316218376159668,
    3.579054832458496,
    3.582531213760376,
    3.6698648929595947,
    3.7092559337615967,
    3.5908687114715576,
    3.7349750995635986,
    3.673584222793579,
    3.652071952819824,
    3.5040345191955566,
    3.6340177059173584,
    3.516570568084717,
    3.186032772064209,
    3.6412510871887207,
    3.9429428577423096,
    3.419679641723633,
    3.0954513549804688,
    2.970600128173828,
    3.175130605697632,
    3.4907474517822266,
    3.425387382507324,
    3.3998756408691406,
    3.575906753540039,
    3.554607629776001,
    3.769679307937622,
    3.9114227294921875,
    3.40341854095459,
    3.1159415245056152,
    3.1102302074432373,
    3.177018642425537,
    3.1532974243164062,
    3.2114267349243164,
    3.075552463531494,
    3.0463168621063232,
    3.3148605823516846,
    3.4610612392425537,
    3.536468267440796,
    3.6411099433898926,
    3.758946418762207,
    3.478097677230835,
    3.7511308193206787,
    3.6455836296081543,
    3.6012701988220215,
    3.747561454772949,
    3.4876835346221924,
    3.5261359214782715,
    3.6005351543426514,
    3.6811859607696533,
    3.664067029953003,
    3.72790789604187,
    3.947866201400757,
    4.078647613525391,
    3.7001442909240723,
    3.76485538482666,
    3.6779887676239014,
    3.654567003250122,
    3.802921772003174,
    3.930055618286133,
    3.7034730911254883,
    3.5674185752868652,
    3.5913472175598145,
    3.794434070587158,
    3.716963291168213,
    3.6037323474884033,
    3.5848636627197266,
    3.408391237258911,
    3.6960432529449463,
    3.636288642883301,
    3.7310290336608887,
    3.302947998046875,
    3.2523560523986816,
    3.330146312713623,
    3.4118399620056152,
    3.5369155406951904,
    3.495427131652832,
    3.511110544204712,
    3.6858127117156982,
    3.503251791000366,
    3.246457099914551,
    3.382063865661621,
    3.354224920272827,
    3.411773204803467,
    3.376983880996704,
    3.4373393058776855,
    3.51275897026062,
    3.3656907081604004,
    3.4583489894866943,
    3.507101535797119,
    3.2773685455322266,
    3.1851205825805664,
    3.244771718978882,
    3.481522798538208,
    3.3859364986419678,
    3.2830286026000977,
    3.433406352996826,
    3.3705644607543945,
    3.144629716873169,
    3.3431379795074463,
    3.508593797683716,
    3.5760855674743652,
    3.509051561355591,
    3.552088975906372,
    3.6311228275299072,
    3.6063928604125977,
    3.3491926193237305,
    3.2322301864624023,
    3.2681732177734375,
    3.4850425720214844,
    3.4104013442993164,
    3.1925060749053955,
    3.628624677658081,
    3.7093770503997803,
    3.729931354522705,
    3.3066368103027344,
    2.9045345783233643,
    3.316913604736328,
    3.3079419136047363,
    3.55374813079834,
    3.890139579772949,
    3.8510234355926514,
    3.547954797744751,
    3.696296215057373,
    3.738271474838257,
    3.7878737449645996,
    3.687546491622925,
    3.4631054401397705,
    3.425910472869873,
    3.531191110610962,
    3.561838150024414,
    3.514399766921997,
    3.7351491451263428,
    3.357387065887451,
