{
  "name": "extreme_d2d30_c2c01_v2",
  "train_seed": 42,
  "d2d_seed": 3373,
  "n_states": 256,
  "sigma_c2c": 0.01,
  "sigma_d2d": 0.3,
  "analog_layers": [
    22,
    23
  ],
  "lr": 1e-05,
  "max_steps": 500,
  "retention_step_time": 0.0,
  "ppl_before": 34.91979209967053,
  "ppl_after": 24.288374530903727,
  "losses": [
    3.4898300170898438,
    3.6469154357910156,
    3.866236925125122,
    4.108025074005127,
    3.981788158416748,
    3.9020283222198486,
    3.735074996948242,
    3.3527941703796387,
    3.4673728942871094,
    3.7199738025665283,
    3.6654443740844727,
    3.3960301876068115,
    3.6906239986419678,
    4.015788555145264,
    3.713402509689331,
    3.6932361125946045,
    3.562434196472168,
    3.323812961578369,
    3.340327024459839,
    3.3620924949645996,
    3.5436627864837646,
    3.492128372192383,
    3.2455685138702393,
    3.595874786376953,
    3.4509165287017822,
    3.479064464569092,
    3.907623767852783,
    3.8914272785186768,
    3.370415687561035,
    3.601337432861328,
    3.867211103439331,
    3.667158365249634,
    3.505760431289673,
    3.481687068939209,
    3.2741594314575195,
    3.5098612308502197,
    3.545689821243286,
    3.6627047061920166,
    3.729752540588379,
    3.649214267730713,
    3.9010908603668213,
    3.8488399982452393,
    3.8493010997772217,
    3.9675614833831787,
    4.048360347747803,
    3.82082462310791,
    3.2840936183929443,
    2.6494944095611572,
    2.607193946838379,
    3.1219985485076904,
    3.4959537982940674,
    3.201171875,
    2.982757568359375,
    3.490537166595459,
    3.5301897525787354,
    3.534465789794922,
    3.650334358215332,
    3.601414680480957,
    3.328248977661133,
    3.2537004947662354,
    3.195542097091675,
    3.1808509826660156,
    3.2865114212036133,
    3.130875825881958,
    3.138982057571411,
    3.21886944770813,
    3.299572229385376,
    3.5571439266204834,
    3.508023500442505,
    3.456679105758667,
    3.1961798667907715,
    3.0361177921295166,
    3.0032200813293457,
    3.3440635204315186,
    3.2078394889831543,
    3.311338424682617,
    3.281463861465454,
    3.0940215587615967,
    3.3999459743499756,
    3.709124803543091,
    3.555826187133789,
    3.6038403511047363,
    3.6594743728637695,
    3.834951639175415,
    3.4956650733947754,
    3.217613458633423,
    3.5061850547790527,
    3.6964497566223145,
    3.460418224334717,
    2.896188259124756,
    2.7409560680389404,
    2.964658498764038,
    3.229494333267212,
    3.2638916969299316,
    3.464362621307373,
    3.6062328815460205,
    3.307616710662842,
    3.039177417755127,
    3.333606004714966,
    3.6288418769836426,
    3.4913501739501953,
    3.5045557022094727,
    3.408442974090576,
    3.333710193634033,
    3.343897581100464,
    3.6479082107543945,
    3.154723882675171,
    2.922246217727661,
    3.2645833492279053,
    3.6684482097625732,
    3.6570515632629395,
    3.610960006713867,
    3.5899879932403564,
    3.6195757389068604,
    3.8988513946533203,
    3.6463801860809326,
    3.4981963634490967,
    3.7723796367645264,
    3.241922616958618,
    2.936681032180786,
    2.9985556602478027,
    3.0412490367889404,
    3.1745378971099854,
    3.010638952255249,
    3.1632022857666016,
    3.3013112545013428,
    3.0712645053863525,
    3.0725975036621094,
    3.341965913772583,
    3.3043618202209473,
    2.9379360675811768,
    3.013674736022949,
    3.1367456912994385,
    3.238783597946167,
    3.1737709045410156,
    3.389246940612793,
    3.5734312534332275,
    3.5759494304656982,
    3.447016477584839,
    3.5467827320098877,
    3.5386438369750977,
    3.59689998626709,
    3.614668369293213,
    3.6841838359832764,
    3.6507251262664795,
    3.7407491207122803,
    3.983506679534912,
    3.659355878829956,
    3.548797607421875,
    3.362250566482544,
    3.427875518798828,
    3.486577272415161,
    3.4164042472839355,
    3.4658172130584717,
    3.640312910079956,
    3.507091999053955,
    3.309471368789673,
    3.5112998485565186,
    3.700244188308716,
    3.6149861812591553,
    3.3997867107391357,
    3.425997495651245,
    3.5129177570343018,
    3.4321975708007812,
    3.3751800060272217,
    3.362154483795166,
    3.5634472370147705,
    3.571427822113037,
    3.2433550357818604,
    3.40732479095459,
    3.4819958209991455,
    3.4925904273986816,
    3.6166675090789795,
    3.752384901046753,
    3.49837327003479,
    3.553406000137329,
    3.64601731300354,
    3.4186410903930664,
    3.2939987182617188,
    3.2171483039855957,
    3.2828996181488037,
    3.230067253112793,
    3.5913400650024414,
    3.5506930351257324,
    3.684523344039917,
    3.664534091949463,
    3.6683685779571533,
    4.014736175537109,
    4.109518051147461,
    4.311324596405029,
    3.990133047103882,
    3.664389133453369,
    3.4848997592926025,
    3.2985036373138428,
    3.4146740436553955,
    3.3508670330047607,
    3.1898388862609863,
    3.333359718322754,
    3.3361806869506836,
    3.3725976943969727,
    3.518934488296509,
    3.4004592895507812,
    3.4869911670684814,
    3.516540765762329,
    3.632598876953125,
    3.500540256500244,
    3.5161068439483643,
    3.4770290851593018,
    3.081831455230713,
    3.4426794052124023,
    3.7385849952697754,
    3.2427589893341064,
    3.0030269622802734,
    2.954763412475586,
    3.0604286193847656,
    3.3926198482513428,
    3.2499661445617676,
    3.220583915710449,
    3.4107563495635986,
    3.3777151107788086,
    3.6441524028778076,
    3.781886100769043,
    3.2136714458465576,
    2.8714606761932373,
    2.8747286796569824,
    2.967397689819336,
    3.049968719482422,
    3.1906654834747314,
    3.0658726692199707,
    2.9665799140930176,
    3.227114677429199,
    3.3522017002105713,
    3.356009006500244,
    3.4287779331207275,
    3.4794209003448486,
    3.259294271469116,
    3.5242128372192383,
    3.323470115661621,
    3.355137825012207,
    3.5952584743499756,
    3.3120577335357666,
    3.2893621921539307,
    3.415372848510742,
    3.519421339035034,
    3.572075843811035,
    3.6299757957458496,
    3.8229105472564697,
    3.953455924987793,
    3.6046087741851807,
    3.597107172012329,
    3.572153091430664,
    3.569007396697998,
    3.606607437133789,
    3.7167062759399414,
    3.493276834487915,
    3.401108980178833,
    3.5261945724487305,
    3.7639846801757812,
    3.58048677444458,
    3.577606201171875,
    3.4940738677978516,
    3.1684072017669678,
    3.4877281188964844,
    3.4357407093048096,
    3.498286724090576,
    3.1910524368286133,
    3.106299638748169,
    3.1131129264831543,
    3.1825642585754395,
    3.2417263984680176,
    3.269827365875244,
    3.1816959381103516,
    3.4567618370056152,
    3.2473433017730713,
    3.0931544303894043,
    3.1475303173065186,
    3.2418811321258545,
    3.229919672012329,
    3.1626980304718018,
    3.1973111629486084,
    3.2798311710357666,
    3.2118875980377197,
    3.254114866256714,
    3.4070699214935303,
    3.1823244094848633,
    3.0930817127227783,
    3.083021879196167,
    3.2996089458465576,
    3.2013673782348633,
    3.1874032020568848,
    3.3815643787384033,
    3.265193462371826,
    3.072272539138794,
    3.1841795444488525,
    3.269836664199829,
    3.3683581352233887,
    3.343456268310547,
    3.4277806282043457,
    3.5955538749694824,
    3.434692144393921,
    3.213941812515259,
    3.0764031410217285,
    3.1091504096984863,
    3.279367685317993,
    3.3066582679748535,
    3.16634464263916,
    3.4842119216918945,
    3.6255877017974854,
    3.686331033706665,
    3.1768765449523926,
    2.855281352996826,
    3.26145076751709,
    3.2167298793792725,
    3.4146580696105957,
    3.8303959369659424,
    3.795431613922119,
    3.4685075283050537,
    3.5634374618530273,
    3.7139499187469482,
    3.6488828659057617,
    3.6087660789489746,
    3.4360604286193848,
    3.455118417739868,
    3.3697948455810547,
    3.4101359844207764,
    3.5282042026519775,
