{
  "name": "extreme_d2d20_c2c01_v2",
  "train_seed": 42,
  "d2d_seed": 3373,
  "n_states": 256,
  "sigma_c2c": 0.01,
  "sigma_d2d": 0.2,
  "analog_layers": [
    22,
    23
  ],
  "lr": 1e-05,
  "max_steps": 500,
  "retention_step_time": 0.0,
  "ppl_before": 29.181307583966994,
  "ppl_after": 22.118034176374454,
  "losses": [
    3.314403533935547,
    3.4906320571899414,
    3.73461651802063,
    3.9688048362731934,
    3.8038153648376465,
    3.7384958267211914,
    3.575648307800293,
    3.198209524154663,
    3.2948970794677734,
    3.5259811878204346,
    3.5102999210357666,
    3.2673819065093994,
    3.5686819553375244,
    3.8258845806121826,
    3.522265672683716,
    3.502594470977783,
    3.360809564590454,
    3.1096932888031006,
    3.135500431060791,
    3.1883249282836914,
    3.4308221340179443,
    3.368726968765259,
    3.1606342792510986,
    3.4263055324554443,
    3.2823150157928467,
    3.3078036308288574,
    3.7307918071746826,
    3.6698999404907227,
    3.1652989387512207,
    3.41684889793396,
    3.7114639282226562,
    3.4838640689849854,
    3.3273227214813232,
    3.221952438354492,
    3.005615711212158,
    3.2556967735290527,
    3.389756917953491,
    3.4460387229919434,
    3.491718053817749,
    3.482235908508301,
    3.655738592147827,
    3.6323137283325195,
    3.7276413440704346,
    3.8669426441192627,
    3.8682494163513184,
    3.5820722579956055,
    3.113029718399048,
    2.4910576343536377,
    2.4020423889160156,
    2.9531357288360596,
    3.2540369033813477,
    2.9527065753936768,
    2.8198509216308594,
    3.2828831672668457,
    3.292172431945801,
    3.251523017883301,
    3.4651520252227783,
    3.319185256958008,
    3.080547332763672,
    3.0465304851531982,
    2.924494981765747,
    2.907560348510742,
    2.942983865737915,
    2.8656182289123535,
    2.7808361053466797,
    2.9416909217834473,
    3.1462974548339844,
    3.2785866260528564,
    3.1960325241088867,
    3.124983787536621,
    2.9995429515838623,
    2.739830732345581,
    2.7710204124450684,
    3.087460517883301,
    2.9886443614959717,
    3.0002481937408447,
    2.9131531715393066,
    2.774047613143921,
    3.187471866607666,
    3.6170144081115723,
    3.5467283725738525,
    3.4563791751861572,
    3.5003111362457275,
    3.7211990356445312,
    3.3193089962005615,
    3.082396984100342,
    3.294245481491089,
    3.5488545894622803,
    3.2907142639160156,
    2.8873565196990967,
    2.6538586616516113,
    2.870256185531616,
    3.100045680999756,
    3.05460524559021,
    3.2887468338012695,
    3.417412042617798,
    3.077002763748169,
    2.846518039703369,
    3.226907968521118,
    3.5053815841674805,
    3.400057315826416,
    3.392864227294922,
    3.263662099838257,
    3.1539840698242188,
    3.1441256999969482,
    3.4630496501922607,
    2.914588451385498,
    2.7544057369232178,
    3.008928060531616,
    3.388781785964966,
    3.470989942550659,
    3.4255893230438232,
    3.323976516723633,
    3.507779836654663,
    3.5839738845825195,
    3.3810770511627197,
    3.2549026012420654,
    3.4811620712280273,
    2.9769704341888428,
    2.7083568572998047,
    2.808258056640625,
    2.875462293624878,
    3.0124170780181885,
    2.908691167831421,
    2.959282159805298,
    3.036210536956787,
    2.8896257877349854,
    2.8700902462005615,
    3.1741724014282227,
    3.155806541442871,
    2.845468759536743,
    2.9351260662078857,
    3.0143680572509766,
    3.081122398376465,
    3.0041637420654297,
    3.2318320274353027,
    3.4080183506011963,
    3.3768837451934814,
    3.25744891166687,
    3.2649636268615723,
    3.332540512084961,
    3.406879425048828,
    3.416534662246704,
    3.455493688583374,
    3.400313377380371,
    3.566274642944336,
    3.7279839515686035,
    3.418117046356201,
    3.299801826477051,
    3.2166781425476074,
    3.2078745365142822,
    3.2431814670562744,
    3.154848575592041,
    3.267390727996826,
    3.447007656097412,
    3.28922438621521,
    3.054041862487793,
    3.322068691253662,
    3.528902292251587,
    3.3221981525421143,
    3.0957703590393066,
    3.1957128047943115,
    3.3689088821411133,
    3.1986498832702637,
    3.168898582458496,
    3.161952257156372,
    3.3148465156555176,
    3.3486809730529785,
    3.071232318878174,
    3.2030887603759766,
    3.32297682762146,
    3.389204263687134,
    3.373905897140503,
    3.517306089401245,
    3.3431999683380127,
    3.3454275131225586,
    3.449909210205078,
    3.2387678623199463,
    3.06960391998291,
    3.026421546936035,
    3.055004119873047,
    3.042762279510498,
    3.2251574993133545,
    3.3352551460266113,
    3.3749358654022217,
    3.3389923572540283,
    3.423877477645874,
    3.7167556285858154,
    3.7902374267578125,
    3.925664186477661,
    3.746326446533203,
    3.4433436393737793,
    3.2494256496429443,
    3.0643420219421387,
    3.243748664855957,
    3.1233606338500977,
    2.981952667236328,
    3.1099822521209717,
    3.179208993911743,
    3.277414560317993,
    3.3626534938812256,
    3.217613935470581,
    3.3094730377197266,
    3.2786459922790527,
    3.3884060382843018,
    3.17372727394104,
    3.2812085151672363,
    3.231663703918457,
    2.8577988147735596,
    3.2795495986938477,
    3.5712857246398926,
    2.9986424446105957,
    2.810401439666748,
    2.718078851699829,
    2.9516069889068604,
    3.2316880226135254,
    3.122979164123535,
    3.1248295307159424,
    3.2909231185913086,
    3.2381722927093506,
    3.512464761734009,
    3.551295757293701,
    3.014523983001709,
    2.703622341156006,
    2.626370906829834,
    2.7735655307769775,
    2.809821844100952,
    2.8873119354248047,
    2.7744860649108887,
    2.7944109439849854,
    3.1361312866210938,
    3.167253255844116,
    3.1523211002349854,
    3.2193989753723145,
    3.302290678024292,
    3.101140022277832,
    3.389760732650757,
    3.154724359512329,
    3.230825901031494,
    3.4433581829071045,
    3.183868646621704,
    3.1767213344573975,
    3.3551464080810547,
    3.4416749477386475,
    3.405170202255249,
    3.516993284225464,
    3.71634840965271,
    3.751582622528076,
    3.3799185752868652,
    3.4482977390289307,
    3.4494311809539795,
    3.4270339012145996,
    3.4835848808288574,
    3.542583465576172,
    3.3632254600524902,
    3.269430160522461,
    3.336871862411499,
    3.558152675628662,
    3.4068500995635986,
    3.341289520263672,
    3.2607734203338623,
    3.004115581512451,
    3.3721513748168945,
    3.2789576053619385,
    3.30808687210083,
    3.01977801322937,
    3.0186352729797363,
    2.974008798599243,
    2.9845387935638428,
    3.0014050006866455,
    3.133822441101074,
    3.047407627105713,
    3.3116235733032227,
    3.086066484451294,
    2.931065559387207,
    3.009981155395508,
    3.0987155437469482,
    3.121973991394043,
    3.0646471977233887,
    3.0704007148742676,
    3.2064566612243652,
    3.1302595138549805,
    3.1463279724121094,
    3.1513373851776123,
    3.046201705932617,
    3.006887912750244,
    2.9354124069213867,
    3.177797794342041,
    3.139674186706543,
    3.0914907455444336,
    3.2853219509124756,
    3.15490460395813,
    2.9376683235168457,
    3.0624642372131348,
    3.1421914100646973,
    3.1449575424194336,
    3.186429500579834,
    3.3087985515594482,
    3.3828275203704834,
    3.334078073501587,
    3.108508825302124,
    2.9893643856048584,
    3.032979965209961,
    3.2446603775024414,
    3.1255810260772705,
    2.9471216201782227,
    3.314589262008667,
    3.410034418106079,
    3.4180474281311035,
    2.9688706398010254,
    2.6443889141082764,
    2.96732497215271,
    3.018186330795288,
    3.2711031436920166,
    3.684983253479004,
    3.5841734409332275,
    3.3186910152435303,
    3.4312798976898193,
    3.5395348072052,
    3.483290195465088,
    3.4268527030944824,
    3.262801170349121,
    3.2361366748809814,
    3.2488560676574707,
    3.2870380878448486,
    3.3059909343719482,
