{
  "name": "hat_d2d002_500_v2_d2dseed123",
  "train_seed": 42,
  "d2d_seed": 123,
  "n_states": 256,
  "sigma_c2c": 0.0,
  "sigma_d2d": 0.02,
  "analog_layers": [
    0,
    1,
    2,
    3,
    4,
    5,
    6,
    7,
    8,
    9,
    10,
    11,
    12,
    13,
    14,
    15,
    16,
    17,
    18,
    19,
    20,
    21,
    22,
    23
  ],
  "lr": 1e-05,
  "max_steps": 500,
  "retention_step_time": 0.0,
  "ppl_before": 110.82526701280548,
  "ppl_after": 25.39725396505998,
  "losses": [
    4.970210075378418,
    4.7035980224609375,
    4.7763214111328125,
    5.240593910217285,
    4.446150779724121,
    4.613322734832764,
    4.277802467346191,
    3.916193962097168,
    3.9298551082611084,
    4.111202716827393,
    4.148525714874268,
    3.767751455307007,
    4.129208564758301,
    4.430360317230225,
    4.133404731750488,
    4.029934406280518,
    4.020717144012451,
    4.1028547286987305,
    3.843372344970703,
    3.9120984077453613,
    3.9020509719848633,
    3.9030888080596924,
    3.679279327392578,
    3.9261276721954346,
    3.8168718814849854,
    3.7965657711029053,
    4.2987260818481445,
    4.20399284362793,
    3.812654733657837,
    4.088695049285889,
    4.2139410972595215,
    3.916118860244751,
    3.650083303451538,
    3.7314672470092773,
    3.3937389850616455,
    3.759169340133667,
    3.948568820953369,
    3.843496799468994,
    3.9798519611358643,
    4.174185276031494,
    4.091596603393555,
    4.008112907409668,
    4.04453706741333,
    4.149123191833496,
    4.24985933303833,
    3.997338056564331,
    3.626903772354126,
    3.018838405609131,
    2.888484001159668,
    3.364882230758667,
    3.648855686187744,
    3.420454502105713,
    3.3679072856903076,
    3.6502952575683594,
    3.9033255577087402,
    3.8763985633850098,
    3.8254897594451904,
    3.8598873615264893,
    3.560858726501465,
    3.531564712524414,
    3.35969614982605,
    3.3647143840789795,
    3.411198139190674,
    3.3221664428710938,
    3.4892497062683105,
    3.475691318511963,
    3.541628837585449,
    3.796689510345459,
    3.711000680923462,
    3.4625067710876465,
    3.4916303157806396,
    3.126127243041992,
    3.0226709842681885,
    3.3516430854797363,
    3.46730899810791,
    3.3983678817749023,
    3.4810140132904053,
    3.442676067352295,
    3.7930448055267334,
    3.91662335395813,
    3.6731061935424805,
    3.884120225906372,
    3.8402087688446045,
    3.966102361679077,
    3.642906904220581,
    3.302690267562866,
    3.493817090988159,
    3.8175368309020996,
    3.4954817295074463,
    3.064195156097412,
    2.9903204441070557,
    3.251558303833008,
    3.2938432693481445,
    3.421696901321411,
    3.640179395675659,
    3.8610002994537354,
    3.473912239074707,
    3.1533522605895996,
    3.366525888442993,
    3.803224563598633,
    3.795316696166992,
    3.694704294204712,
    3.5728487968444824,
    3.4101338386535645,
    3.486015796661377,
    3.7430906295776367,
    3.3900766372680664,
    3.133615493774414,
    3.3827762603759766,
    3.7915594577789307,
    3.9599721431732178,
    3.757460117340088,
    3.6846537590026855,
    3.7753148078918457,
    4.045383453369141,
    3.6683661937713623,
    3.5305216312408447,
    3.783001184463501,
    3.257157325744629,
    3.0092203617095947,
    3.143641471862793,
    3.0423951148986816,
    3.285163640975952,
    3.257490396499634,
    3.0927886962890625,
    3.3249776363372803,
    3.2324936389923096,
    3.1911349296569824,
    3.4506330490112305,
    3.4920597076416016,
    3.169027328491211,
    3.0877559185028076,
    3.218949556350708,
    3.3769569396972656,
    3.356532573699951,
    3.4625682830810547,
    3.5839619636535645,
    3.4875707626342773,
    3.4423470497131348,
    3.5108096599578857,
    3.5135419368743896,
    3.5316050052642822,
    3.5921247005462646,
    3.593414068222046,
    3.517274856567383,
    3.627037763595581,
    3.800297498703003,
    3.657745599746704,
    3.503587245941162,
    3.448199510574341,
    3.291194200515747,
    3.3680014610290527,
    3.419447660446167,
    3.4112987518310547,
    3.6348326206207275,
    3.5237793922424316,
    3.237348794937134,
    3.5279603004455566,
    3.8065600395202637,
    3.6057519912719727,
    3.2663164138793945,
    3.3332290649414062,
    3.502523422241211,
    3.328564167022705,
    3.3330397605895996,
    3.279467821121216,
    3.566849708557129,
    3.455260992050171,
    3.147423267364502,
    3.3121583461761475,
    3.44185209274292,
    3.454805612564087,
    3.5484731197357178,
    3.6673171520233154,
    3.4248383045196533,
    3.4293456077575684,
    3.6237969398498535,
    3.3819005489349365,
    3.285606861114502,
    3.2710189819335938,
    3.3289859294891357,
    3.295315980911255,
    3.427269458770752,
    3.5765221118927,
    3.598438262939453,
    3.5867671966552734,
    3.7549290657043457,
    4.088958740234375,
    4.127009391784668,
    4.248976230621338,
    4.080203533172607,
    3.7092742919921875,
    3.394627332687378,
    3.2900123596191406,
    3.4812417030334473,
    3.3773350715637207,
    3.157036066055298,
    3.336298704147339,
    3.301445722579956,
    3.43839693069458,
    3.553999662399292,
    3.2536470890045166,
    3.4552690982818604,
    3.525470018386841,
    3.5118980407714844,
    3.4886484146118164,
    3.44199800491333,
    3.4207687377929688,
    2.9790472984313965,
    3.3645272254943848,
    3.674086809158325,
    3.070486068725586,
    2.8875112533569336,
    2.809985637664795,
    3.0909552574157715,
    3.343935012817383,
    3.2127621173858643,
    3.1948964595794678,
    3.368232011795044,
    3.387054681777954,
    3.549018621444702,
    3.555514335632324,
    3.186666250228882,
    2.823514461517334,
    2.7125980854034424,
    2.9594812393188477,
    2.9635090827941895,
    3.0626418590545654,
    2.9330310821533203,
    2.9656834602355957,
    3.236409902572632,
    3.406759262084961,
    3.3610785007476807,
    3.544991970062256,
    3.56736421585083,
    3.23744535446167,
    3.580592155456543,
    3.378392219543457,
    3.3092234134674072,
    3.5833919048309326,
    3.386749267578125,
    3.473057508468628,
    3.4867942333221436,
    3.6988964080810547,
    3.6316213607788086,
    3.8066251277923584,
    3.8615481853485107,
    3.879870891571045,
    3.501544952392578,
    3.585023880004883,
    3.592886209487915,
    3.490731954574585,
    3.587052822113037,
    3.711890697479248,
    3.513535261154175,
    3.466069221496582,
    3.4615933895111084,
    3.615264654159546,
    3.4039018154144287,
    3.408003568649292,
    3.3374829292297363,
    3.268589735031128,
    3.537964105606079,
    3.531003713607788,
    3.430852174758911,
    3.1925644874572754,
    3.033133029937744,
    3.209063768386841,
    3.1831412315368652,
    3.1546640396118164,
    3.233703851699829,
    3.283782958984375,
    3.4555912017822266,
    3.2055280208587646,
    3.11403489112854,
    3.2984352111816406,
    3.3916537761688232,
    3.3022608757019043,
    3.164663791656494,
    3.3095686435699463,
    3.390690803527832,
    3.2520153522491455,
    3.396838426589966,
    3.341276168823242,
    3.2085373401641846,
    3.1406877040863037,
    3.023862838745117,
    3.2461674213409424,
    3.287372350692749,
    3.2502517700195312,
    3.3848016262054443,
    3.3185372352600098,
    3.0499072074890137,
    3.175417423248291,
    3.2404584884643555,
    3.2910499572753906,
    3.3156774044036865,
    3.4503772258758545,
    3.5695035457611084,
    3.437373161315918,
    3.138005018234253,
    2.9911115169525146,
    3.2004382610321045,
    3.302706003189087,
    3.2061569690704346,
    3.066657781600952,
    3.3443212509155273,
    3.513068675994873,
    3.5041708946228027,
    3.1129720211029053,
    2.8922877311706543,
    3.1172597408294678,
    3.2168450355529785,
    3.5533716678619385,
    3.8501980304718018,
    3.780819892883301,
    3.586643695831299,
    3.636399269104004,
    3.7135777473449707,
