{
  "name": "hat_d2d002_500_v2_d2dseed456",
  "train_seed": 42,
  "d2d_seed": 456,
  "n_states": 256,
  "sigma_c2c": 0.0,
  "sigma_d2d": 0.02,
  "analog_layers": [
    0,
    1,
    2,
    3,
    4,
    5,
    6,
    7,
    8,
    9,
    10,
    11,
    12,
    13,
    14,
    15,
    16,
    17,
    18,
    19,
    20,
    21,
    22,
    23
  ],
  "lr": 1e-05,
  "max_steps": 500,
  "retention_step_time": 0.0,
  "ppl_before": 129.76749156198534,
  "ppl_after": 25.511518456709304,
  "losses": [
    5.16383171081543,
    4.880717754364014,
    4.851235866546631,
    5.102438449859619,
    4.588788986206055,
    4.705712795257568,
    4.414098739624023,
    4.037849426269531,
    4.064642429351807,
    4.193484783172607,
    4.218001842498779,
    4.0815043449401855,
    4.128906726837158,
    4.5121846199035645,
    4.41536808013916,
    4.284980773925781,
    4.131868839263916,
    4.08513069152832,
    3.903921365737915,
    3.9265427589416504,
    4.032463550567627,
    4.023233890533447,
    3.6581597328186035,
    3.900437831878662,
    4.056075572967529,
    4.087724685668945,
    4.300626277923584,
    4.305075168609619,
    3.9446163177490234,
    4.134097099304199,
    4.353203296661377,
    3.9668095111846924,
    3.7049190998077393,
    3.7953059673309326,
    3.528726577758789,
    3.853834867477417,
    3.990783452987671,
    3.998599052429199,
    4.113646030426025,
    4.1438889503479,
    4.101405143737793,
    3.9966306686401367,
    4.001470565795898,
    4.2356061935424805,
    4.25689697265625,
    4.13786506652832,
    3.5796051025390625,
    3.0211238861083984,
    2.981518268585205,
    3.4537441730499268,
    3.7150003910064697,
    3.5410587787628174,
    3.350099802017212,
    3.6384196281433105,
    3.872337579727173,
    3.917417287826538,
    3.9829437732696533,
    3.671931743621826,
    3.708949089050293,
    3.6721553802490234,
    3.4369308948516846,
    3.364626884460449,
    3.396986484527588,
    3.444912910461426,
    3.4531962871551514,
    3.4450979232788086,
    3.5263571739196777,
    3.7673749923706055,
    3.747722625732422,
    3.5700366497039795,
    3.3264615535736084,
    3.024510622024536,
    3.1285994052886963,
    3.434548854827881,
    3.2628562450408936,
    3.5634925365448,
    3.4838826656341553,
    3.3930206298828125,
    3.610055446624756,
    3.9452526569366455,
    3.749375343322754,
    3.812013626098633,
    3.8680830001831055,
    4.00858736038208,
    3.703238010406494,
    3.3924367427825928,
    3.528463363647461,
    3.7530810832977295,
    3.471245288848877,
    3.0465710163116455,
    2.980708122253418,
    3.204535722732544,
    3.3145558834075928,
    3.4752588272094727,
    3.7009103298187256,
    3.887226104736328,
    3.508087158203125,
    3.089702844619751,
    3.442840814590454,
    3.7803523540496826,
    3.7544796466827393,
    3.7154715061187744,
    3.550616979598999,
    3.430854082107544,
    3.461982488632202,
    3.778672933578491,
    3.290212631225586,
    3.0888783931732178,
    3.4534332752227783,
    3.7908520698547363,
    3.9137518405914307,
    3.899905204772949,
    3.736539840698242,
    3.8194048404693604,
    3.9639313220977783,
    3.7732396125793457,
    3.5584423542022705,
    3.7225985527038574,
    3.265026092529297,
    3.1580352783203125,
    3.189833402633667,
    3.2044336795806885,
    3.1967475414276123,
    3.2116613388061523,
    3.2024502754211426,
    3.296334743499756,
    3.2034459114074707,
    3.2490007877349854,
    3.455880641937256,
    3.4711592197418213,
    3.149115562438965,
    3.1221835613250732,
    3.373401641845703,
    3.4145994186401367,
    3.4022300243377686,
    3.575615167617798,
    3.5773682594299316,
    3.5084376335144043,
    3.51812481880188,
    3.5270614624023438,
    3.5126991271972656,
    3.6123926639556885,
    3.606431007385254,
    3.5795645713806152,
    3.512315273284912,
    3.655531167984009,
    3.800102949142456,
    3.6954004764556885,
    3.6272497177124023,
    3.480456829071045,
    3.327674150466919,
    3.4407145977020264,
    3.3582444190979004,
    3.4898061752319336,
    3.6887216567993164,
    3.5727977752685547,
    3.278935432434082,
    3.614572286605835,
    3.817582607269287,
    3.662940502166748,
    3.295633316040039,
    3.2967867851257324,
    3.5144357681274414,
    3.4571304321289062,
    3.280017852783203,
    3.3015151023864746,
    3.5032718181610107,
    3.452554702758789,
    3.190091133117676,
    3.3346364498138428,
    3.451871633529663,
    3.4635891914367676,
    3.549501419067383,
    3.6925716400146484,
    3.4265921115875244,
    3.4946300983428955,
    3.573190450668335,
    3.4319570064544678,
    3.2598907947540283,
    3.3050763607025146,
    3.3485794067382812,
    3.284797430038452,
    3.443161725997925,
    3.5588879585266113,
    3.5738778114318848,
    3.601348400115967,
    3.6960952281951904,
    3.963512897491455,
    4.24996280670166,
    4.272930145263672,
    4.022846221923828,
    3.697535991668701,
    3.4848380088806152,
    3.314171314239502,
    3.4623160362243652,
    3.4610700607299805,
    3.198772430419922,
    3.2926111221313477,
    3.3567423820495605,
    3.360471725463867,
    3.538302183151245,
    3.3361237049102783,
    3.50344181060791,
    3.5147063732147217,
    3.741792678833008,
    3.5111277103424072,
    3.5518856048583984,
    3.458951234817505,
    3.0061614513397217,
    3.4001882076263428,
    3.668447256088257,
    3.147076368331909,
    2.9544312953948975,
    2.8903427124023438,
    3.11423659324646,
    3.3778076171875,
    3.2773005962371826,
    3.2955422401428223,
    3.4851319789886475,
    3.4904556274414062,
    3.583733320236206,
    3.73349928855896,
    3.168834686279297,
    2.869513988494873,
    2.7570831775665283,
    2.862532377243042,
    2.9925496578216553,
    3.0384914875030518,
    3.0703883171081543,
    2.928873300552368,
    3.1980299949645996,
    3.3672356605529785,
    3.532921075820923,
    3.5183353424072266,
    3.724860429763794,
    3.2454984188079834,
    3.5636425018310547,
    3.3548974990844727,
    3.3825504779815674,
    3.6283559799194336,
    3.373164415359497,
    3.445535659790039,
    3.5949859619140625,
    3.646815538406372,
    3.6262190341949463,
    3.693410634994507,
    3.915391683578491,
    3.8884599208831787,
    3.5463104248046875,
    3.599656581878662,
    3.5766055583953857,
    3.521221876144409,
    3.681708335876465,
    3.6929261684417725,
    3.5246810913085938,
    3.497546672821045,
    3.4589154720306396,
    3.6057772636413574,
    3.4769272804260254,
    3.4510841369628906,
    3.4409101009368896,
    3.166496515274048,
    3.573993444442749,
    3.5109474658966064,
    3.401665210723877,
    3.2206404209136963,
    3.0856289863586426,
    3.2233166694641113,
    3.0950090885162354,
    3.1179258823394775,
    3.283754348754883,
    3.394474506378174,
    3.5059969425201416,
    3.426708221435547,
    3.263676881790161,
    3.3852450847625732,
    3.343319892883301,
    3.3388326168060303,
    3.1908140182495117,
    3.282735824584961,
    3.3247697353363037,
    3.269057273864746,
    3.3340842723846436,
    3.3606297969818115,
    3.1875720024108887,
    3.1237404346466064,
    3.104325532913208,
    3.3472650051116943,
    3.2946062088012695,
    3.291795015335083,
    3.4607062339782715,
    3.349989414215088,
    3.129420042037964,
    3.2141051292419434,
    3.383948802947998,
    3.3250977993011475,
    3.3851702213287354,
    3.546793222427368,
    3.5100672245025635,
    3.480473756790161,
    3.2403013706207275,
    3.0570573806762695,
    3.1598265171051025,
    3.304816484451294,
    3.197782278060913,
    3.0321078300476074,
    3.4090678691864014,
    3.5534353256225586,
    3.5471081733703613,
    3.105692148208618,
    2.837264060974121,
    3.121381998062134,
    3.318725824356079,
    3.5366454124450684,
    3.838839530944824,
    3.8237264156341553,
    3.526737928390503,
    3.6802709102630615,
    3.7550103664398193,
