{
  "name": "hat_d2d002_s123",
  "seed": 123,
  "n_states": 256,
  "sigma_c2c": 0.0,
  "sigma_d2d": 0.02,
  "analog_layers": [
    0,
    1,
    2,
    3,
    4,
    5,
    6,
    7,
    8,
    9,
    10,
    11,
    12,
    13,
    14,
    15,
    16,
    17,
    18,
    19,
    20,
    21,
    22,
    23
  ],
  "lr": 1e-05,
  "max_steps": 200,
  "ppl_before": 1435.4726380906773,
  "ppl_after": 1.4563696447213383,
  "losses": [
    7.544384002685547,
    7.293646335601807,
    6.904940128326416,
    7.32070255279541,
    6.577012538909912,
    6.539034366607666,
    6.423072814941406,
    6.118533611297607,
    5.777075290679932,
    6.074652194976807,
    6.189661979675293,
    5.870317459106445,
    6.028494834899902,
    6.05073881149292,
    5.86892557144165,
    5.941564559936523,
    5.871706962585449,
    6.097305774688721,
    5.804440975189209,
    5.856750011444092,
    5.663357734680176,
    5.723031997680664,
    5.348947525024414,
    6.136520862579346,
    5.97136926651001,
    5.947969436645508,
    5.990304470062256,
    5.942092418670654,
    5.691331386566162,
    5.984736919403076,
    6.025107383728027,
    5.510796070098877,
    5.485777378082275,
    5.332132816314697,
    4.906350135803223,
    5.649901390075684,
    5.694085597991943,
    5.591085910797119,
    5.866979598999023,
    5.76121187210083,
    5.556026458740234,
    5.650432109832764,
    5.692069053649902,
    5.767399311065674,
    5.806547164916992,
    5.877147674560547,
    5.341551303863525,
    5.127985000610352,
    4.888993263244629,
    5.235158443450928,
    5.322554588317871,
    4.859251976013184,
    4.801509857177734,
    5.336550712585449,
    5.974783897399902,
    5.890702247619629,
    5.688436985015869,
    5.612725257873535,
    5.632599830627441,
    6.002047061920166,
    5.377933502197266,
    5.3299970626831055,
    5.323785781860352,
    5.167051315307617,
    5.332891464233398,
    5.2753071784973145,
    5.242581367492676,
    5.39241361618042,
    5.264673233032227,
    5.244754314422607,
    4.9651055335998535,
    4.854105472564697,
    4.403137683868408,
    4.689809322357178,
    4.859895706176758,
    4.918570518493652,
    4.855384826660156,
    5.000454425811768,
    5.14818811416626,
    4.949780464172363,
    4.95707893371582,
    4.962399959564209,
    4.944965839385986,
    5.077607154846191,
    4.897192001342773,
    4.756625652313232,
    4.935125350952148,
    5.1188507080078125,
    4.758308410644531,
    4.602203845977783,
    4.1409430503845215,
    4.398382663726807,
    4.2376251220703125,
    4.46422815322876,
    4.6136393547058105,
    4.767082214355469,
    4.283147811889648,
    4.239288806915283,
    4.221467971801758,
    4.669686794281006,
    4.417423248291016,
    4.120305061340332,
    4.21592378616333,
    4.158339977264404,
    3.938840627670288,
    4.6976542472839355,
    4.389458179473877,
    4.025721549987793,
    3.6986265182495117,
    4.32457160949707,
    4.285754680633545,
    4.279427528381348,
    3.8243117332458496,
    3.9266817569732666,
    3.9494287967681885,
    3.6800925731658936,
    3.3086957931518555,
    3.5432004928588867,
    3.4255714416503906,
    3.279788017272949,
    2.823174238204956,
    3.0206143856048584,
    3.2018826007843018,
    3.139349937438965,
    2.7351033687591553,
    2.603337049484253,
    2.62966251373291,
    2.586272954940796,
    2.8525195121765137,
    2.844407081604004,
    3.0147883892059326,
    2.492506265640259,
    2.2852847576141357,
    2.1435697078704834,
    2.4813477993011475,
    2.648892402648926,
    2.3646411895751953,
    2.680720329284668,
    2.549471616744995,
    2.57096791267395,
    2.433861255645752,
    2.2040746212005615,
    2.256897449493408,
    2.109264850616455,
    2.04551362991333,
    2.0537564754486084,
    2.0824880599975586,
    1.8524000644683838,
    1.8476089239120483,
    1.8129212856292725,
    1.2747994661331177,
    1.4841177463531494,
    1.6354408264160156,
    1.4912623167037964,
    1.7222868204116821,
    1.4968239068984985,
    1.1944482326507568,
    1.1119287014007568,
    1.3284274339675903,
    1.4753601551055908,
    1.160226583480835,
    1.1528760194778442,
    1.7269203662872314,
    1.2481263875961304,
    1.0119625329971313,
    0.9663044214248657,
    1.0318522453308105,
    1.0780938863754272,
    0.8444472551345825,
    0.7651931047439575,
    0.916878879070282,
    0.870739758014679,
    0.6987268328666687,
    0.9339250326156616,
    0.7479175925254822,
    0.7082771062850952,
    0.7127712965011597,
    0.7030797600746155,
    0.7372581958770752,
    0.668938934803009,
    0.7163999080657959,
    0.6690342426300049,
    0.7261780500411987,
    0.8533267378807068,
    0.5760942101478577,
    0.5250095129013062,
    0.7823857069015503,
    0.6882362365722656,
    0.5487651824951172,
    0.6211932301521301,
    0.5259114503860474,
    0.6374273896217346,
    0.6503182053565979,
    0.46767809987068176,
    0.4871511459350586,
    0.4169248044490814,
    0.3631649315357208,
    0.2663241922855377,
    0.43714267015457153,
    0.3849022090435028
  ]
}