{
  "name": "hat_d2d004_500_v2_d2dseed42",
  "train_seed": 42,
  "d2d_seed": 42,
  "n_states": 256,
  "sigma_c2c": 0.0,
  "sigma_d2d": 0.04,
  "analog_layers": [
    0,
    1,
    2,
    3,
    4,
    5,
    6,
    7,
    8,
    9,
    10,
    11,
    12,
    13,
    14,
    15,
    16,
    17,
    18,
    19,
    20,
    21,
    22,
    23
  ],
  "lr": 1e-05,
  "max_steps": 500,
  "retention_step_time": 0.0,
  "ppl_before": 322.1231371110951,
  "ppl_after": 35.57946887902794,
  "losses": [
    6.045775890350342,
    5.812885284423828,
    5.774345874786377,
    5.949359893798828,
    5.3361663818359375,
    5.549685955047607,
    5.30336856842041,
    4.967231750488281,
    4.682137489318848,
    4.8682990074157715,
    5.06203031539917,
    4.794022083282471,
    4.9154205322265625,
    4.967793941497803,
    4.95095157623291,
    4.890315055847168,
    4.891256332397461,
    5.086870193481445,
    4.686926364898682,
    4.562780380249023,
    4.417943000793457,
    4.6175408363342285,
    4.318137168884277,
    4.784447193145752,
    4.596805572509766,
    4.679310321807861,
    4.743743419647217,
    4.680142402648926,
    4.453271865844727,
    4.743359088897705,
    4.98646354675293,
    4.464149475097656,
    4.336641311645508,
    4.413994312286377,
    3.9745357036590576,
    4.529399394989014,
    4.649240016937256,
    4.683441638946533,
    4.800852298736572,
    4.7881574630737305,
    4.7453837394714355,
    4.6429619789123535,
    4.692501544952393,
    4.840548992156982,
    4.81298303604126,
    4.751981258392334,
    4.219101905822754,
    3.567004919052124,
    3.736732006072998,
    4.175829887390137,
    4.613012790679932,
    4.037595272064209,
    3.8598151206970215,
    4.24656343460083,
    4.622348308563232,
    4.648726940155029,
    4.514822959899902,
    4.374613285064697,
    4.526594161987305,
    4.369006633758545,
    4.045172214508057,
    4.162468910217285,
    4.167725086212158,
    4.1819844245910645,
    4.061899185180664,
    4.147770404815674,
    4.093600273132324,
    4.29043436050415,
    4.338791370391846,
    4.125542640686035,
    3.990633487701416,
    3.558387279510498,
    3.6062920093536377,
    3.8081955909729004,
    4.007640838623047,
    4.1723833084106445,
    4.1460981369018555,
    4.03057861328125,
    4.15908145904541,
    4.411739826202393,
    4.134397029876709,
    4.340691089630127,
    4.261872291564941,
    4.525518417358398,
    4.1517486572265625,
    4.000495433807373,
    4.090862274169922,
    4.413431167602539,
    4.1197967529296875,
    3.611071825027466,
    3.5836591720581055,
    3.860625982284546,
    3.7723546028137207,
    3.946540117263794,
    4.188571453094482,
    4.3061418533325195,
    3.9501700401306152,
    3.6299374103546143,
    3.897658586502075,
    4.1040778160095215,
    4.3589982986450195,
    4.192471027374268,
    4.117510795593262,
    3.9383633136749268,
    4.039371490478516,
    4.352474212646484,
    3.8235974311828613,
    3.608015298843384,
    4.140192985534668,
    4.4968037605285645,
    4.538374423980713,
    4.484348773956299,
    4.358737945556641,
    4.372801780700684,
    4.527794361114502,
    4.27388858795166,
    4.145463943481445,
    4.165524005889893,
    3.868638038635254,
    3.6208505630493164,
    3.7871313095092773,
    3.739168643951416,
    3.9514520168304443,
    3.6967575550079346,
    3.563640832901001,
    3.763888120651245,
    3.6802022457122803,
    3.689336061477661,
    3.9964680671691895,
    4.090445518493652,
    3.7249248027801514,
    3.6407315731048584,
    3.7499334812164307,
    4.13457727432251,
    4.035086631774902,
    4.017366886138916,
    4.037312984466553,
    4.018152236938477,
    3.951861619949341,
    4.026310920715332,
    4.013800144195557,
    4.028265476226807,
    4.010943412780762,
    4.0771002769470215,
    4.040215015411377,
    4.062469959259033,
    4.248492240905762,
    4.124356269836426,
    3.9305505752563477,
    3.763552188873291,
    3.6272172927856445,
    3.8926243782043457,
    3.900615692138672,
    3.8825974464416504,
    4.132338047027588,
    4.029555320739746,
    3.677888870239258,
    3.911489725112915,
    4.309790134429932,
    3.922032356262207,
    3.6826560497283936,
    3.6822614669799805,
    3.855426549911499,
    3.7565817832946777,
    3.702270746231079,
    3.8017148971557617,
    4.111095428466797,
    3.8735244274139404,
    3.4322383403778076,
    3.5802667140960693,
    3.7894811630249023,
    3.7255353927612305,
    3.9010379314422607,
    4.10543966293335,
    3.8324034214019775,
    3.8521623611450195,
    4.024689197540283,
    3.7586450576782227,
    3.6498382091522217,
    3.708531618118286,
    3.954122304916382,
    3.804161548614502,
    3.884416103363037,
    4.012791633605957,
    3.9921610355377197,
    3.9854342937469482,
    4.199703693389893,
    4.667606353759766,
    4.654789924621582,
    4.784858703613281,
    4.608222961425781,
    4.098659515380859,
    3.8187358379364014,
    3.767336845397949,
    3.930459976196289,
    3.8318748474121094,
    3.591825246810913,
    3.7010152339935303,
    3.7710459232330322,
    3.825788974761963,
    3.8313825130462646,
    3.7702248096466064,
    3.8687679767608643,
    4.015351295471191,
    4.041083812713623,
    4.016923427581787,
    3.9276368618011475,
    3.930483818054199,
    3.4613125324249268,
    3.8662307262420654,
    4.1324968338012695,
    3.496384382247925,
    3.37624454498291,
    3.27950382232666,
    3.442157030105591,
    3.665520668029785,
    3.639590263366699,
    3.648712396621704,
    3.635960817337036,
    3.830120801925659,
    3.985365867614746,
    4.025002956390381,
    3.58113169670105,
    3.2910959720611572,
    3.1284353733062744,
    3.379756212234497,
    3.565011978149414,
    3.6249074935913086,
    3.4859209060668945,
    3.3494980335235596,
    3.6917552947998047,
    3.83664608001709,
    3.994861125946045,
    4.094322681427002,
    4.069667339324951,
    3.633411169052124,
    3.9380106925964355,
    3.8154804706573486,
    3.8238940238952637,
    4.038270473480225,
    3.770540714263916,
    3.742194652557373,
    3.980954885482788,
    4.000377655029297,
    3.953242301940918,
    4.108251094818115,
    4.197765350341797,
    4.299540042877197,
    3.8310739994049072,
    3.796039581298828,
    3.918222665786743,
    3.891812324523926,
    4.040493011474609,
    4.113944053649902,
    3.791389226913452,
    3.7760956287384033,
    3.78883695602417,
    3.9525578022003174,
    3.858065128326416,
    3.718116044998169,
    3.7949635982513428,
    3.633613109588623,
    4.0616960525512695,
    3.8725764751434326,
    3.9188997745513916,
    3.507020950317383,
    3.6044528484344482,
    3.6315367221832275,
    3.525630235671997,
    3.619744300842285,
    3.6189608573913574,
    3.799295425415039,
    4.017385959625244,
    3.7891287803649902,
    3.574368715286255,
    3.7484729290008545,
    3.7271738052368164,
    3.6693711280822754,
    3.5023438930511475,
    3.6074516773223877,
    3.6309375762939453,
    3.637866497039795,
    3.621232271194458,
    3.6881966590881348,
    3.6386756896972656,
    3.5030934810638428,
    3.3506743907928467,
    3.6926653385162354,
    3.7062511444091797,
    3.6835124492645264,
    3.775237560272217,
    3.6751956939697266,
    3.343503475189209,
    3.587920904159546,
    3.7125654220581055,
    3.660158157348633,
    3.757849931716919,
    3.7953455448150635,
    3.9190053939819336,
    3.8702709674835205,
    3.6283791065216064,
    3.3797879219055176,
    3.454810380935669,
    3.55434250831604,
    3.616149425506592,
    3.3535571098327637,
    3.695490837097168,
    3.9262988567352295,
    3.968625068664551,
    3.560974359512329,
    3.3324241638183594,
    3.6856541633605957,
    3.762103796005249,
    3.9601800441741943,
    4.23673152923584,
    4.17655086517334,
    3.8793728351593018,
    4.005606174468994,
    4.189271450042725,
    4.208774566650391,
    4.138349533081055,
    4.041859149932861,
