{
  "name": "hat_d2d0045_1024",
  "seed": 42,
  "n_states": 256,
  "sigma_c2c": 0.0,
  "sigma_d2d": 0.045,
  "analog_layers": [
    0,
    1,
    2,
    3,
    4,
    5,
    6,
    7,
    8,
    9,
    10,
    11,
    12,
    13,
    14,
    15,
    16,
    17,
    18,
    19,
    20,
    21,
    22,
    23
  ],
  "lr": 1e-05,
  "max_steps": 200,
  "ppl_before": 6070.0112063617635,
  "ppl_after": 278.464919409897,
  "losses": [
    9.37495231628418,
    8.419327735900879,
    8.373872756958008,
    8.600381851196289,
    7.517610549926758,
    7.577945709228516,
    7.789212226867676,
    8.193093299865723,
    7.901453971862793,
    7.152395248413086,
    6.962663173675537,
    7.409109115600586,
    7.102285861968994,
    6.8876495361328125,
    7.206687927246094,
    7.390270709991455,
    6.570271015167236,
    6.946869373321533,
    7.251018047332764,
    7.024969100952148,
    6.876023769378662,
    7.225454807281494,
    6.952738285064697,
    6.946323394775391,
    6.943593978881836,
    6.494012832641602,
    7.181456565856934,
    7.196840763092041,
    7.282403945922852,
    7.170832633972168,
    6.822118759155273,
    6.725515842437744,
    6.520149230957031,
    6.6012282371521,
    6.552399158477783,
    6.47791862487793,
    6.437884330749512,
    6.506137847900391,
    6.800350666046143,
    6.588703155517578,
    6.626047611236572,
    6.700690746307373,
    6.554823875427246,
    6.624417304992676,
    6.6443047523498535,
    6.586319446563721,
    6.387307167053223,
    6.747807502746582,
    6.508111476898193,
    6.563686847686768,
    6.531424045562744,
    6.739053726196289,
    6.651059150695801,
    6.571166515350342,
    6.938791751861572,
    6.953013896942139,
    6.987301826477051,
    6.787309646606445,
    6.938523769378662,
    6.341586589813232,
    6.029824733734131,
    6.073063850402832,
    6.0867156982421875,
    6.201357841491699,
    6.411942481994629,
    6.319163799285889,
    6.467953681945801,
    6.459970474243164,
    6.175939083099365,
    6.270077228546143,
    6.243980884552002,
    6.237558841705322,
    6.161599159240723,
    6.369348049163818,
    5.998203754425049,
    5.90230131149292,
    5.983195781707764,
    5.842507839202881,
    5.9154052734375,
    6.131160736083984,
    5.9084577560424805,
    5.866733074188232,
    5.861688137054443,
    5.759528636932373,
    5.442610740661621,
    5.665018081665039,
    5.719662666320801,
    5.865431785583496,
    5.734577178955078,
    5.926233768463135,
    6.194823265075684,
    6.100542068481445,
    6.299701690673828,
    6.430611610412598,
    6.700764179229736,
    6.612612247467041,
    6.154386043548584,
    6.264036655426025,
    6.0422186851501465,
    5.970623016357422,
    5.973793983459473,
    6.168276309967041,
    6.335827827453613,
    6.296201229095459,
    5.95557165145874,
    5.934175968170166,
    5.9330668449401855,
    5.893627166748047,
    5.670746326446533,
    5.95900821685791,
    6.271149635314941,
    5.945333003997803,
    5.768766403198242,
    5.781130790710449,
    5.725448131561279,
    6.36820125579834,
    6.562204837799072,
    6.3991875648498535,
    6.194273948669434,
    6.245942115783691,
    5.761563301086426,
    5.8731279373168945,
    6.227395057678223,
    6.128006935119629,
    5.794140815734863,
    5.932339191436768,
    5.827579498291016,
    5.419101238250732,
    5.658145427703857,
    5.928618907928467,
    6.095467567443848,
    5.830334186553955,
    5.600734710693359,
    5.558540344238281,
    6.275610446929932,
    6.3618879318237305,
    5.94300651550293,
    5.772789001464844,
    5.87652587890625,
    5.647510528564453,
    5.569808006286621,
    5.730558395385742,
    5.718554973602295,
    5.801921844482422,
    5.813437461853027,
    5.6707048416137695,
    5.663858890533447,
    5.729713439941406,
    5.865087985992432,
    5.718802452087402,
    5.5257062911987305,
    5.575652122497559,
    5.700255870819092,
    5.883694648742676,
    6.049213886260986,
    5.485264301300049,
    6.022207736968994,
    5.970226287841797,
    5.927660942077637,
    6.177640438079834,
    5.964266777038574,
    5.889289379119873,
    6.148295879364014,
    6.074019432067871,
    5.9310736656188965,
    5.873340129852295,
    5.776035308837891,
    5.284539699554443,
    5.632934093475342,
    5.740240097045898,
    5.763002395629883,
    5.825751781463623,
    5.683689117431641,
    5.818902969360352,
    5.624396324157715,
    5.4893717765808105,
    5.65070915222168,
    5.379009246826172,
    5.593334674835205,
    5.849393367767334,
    5.837245941162109,
    5.7930450439453125,
    5.657945156097412,
    5.682516574859619,
    5.585151672363281,
    5.702154159545898,
    5.492228984832764,
    5.4288411140441895,
    5.521331787109375,
    5.5336174964904785,
    5.269577980041504,
    5.3287153244018555,
    5.420553684234619,
    5.567164897918701,
    5.9614715576171875,
    5.473111152648926,
    5.668146133422852,
    5.746250629425049,
    5.913233280181885,
    5.752655506134033
  ]
}