{
  "name": "hat_d2d002_500_v2",
  "seed": 123,
  "n_states": 256,
  "sigma_c2c": 0.0,
  "sigma_d2d": 0.02,
  "analog_layers": [
    0,
    1,
    2,
    3,
    4,
    5,
    6,
    7,
    8,
    9,
    10,
    11,
    12,
    13,
    14,
    15,
    16,
    17,
    18,
    19,
    20,
    21,
    22,
    23
  ],
  "lr": 1e-05,
  "max_steps": 500,
  "retention_step_time": 0.0,
  "ppl_before": 116.72761416180839,
  "ppl_after": 25.624764619214123,
  "losses": [
    4.98199462890625,
    4.73850154876709,
    4.889810085296631,
    5.375375270843506,
    4.764944553375244,
    4.609224319458008,
    4.228440761566162,
    4.000729560852051,
    3.897583484649658,
    4.298710346221924,
    4.319775581359863,
    3.927452325820923,
    4.2238874435424805,
    4.434229373931885,
    4.1622443199157715,
    4.202295303344727,
    4.096330642700195,
    4.0915446281433105,
    3.9983060359954834,
    3.842118740081787,
    4.002466201782227,
    3.8804638385772705,
    3.662890672683716,
    3.893850803375244,
    3.915665864944458,
    3.9231488704681396,
    4.317582607269287,
    4.126287460327148,
    3.7790074348449707,
    4.0054097175598145,
    4.3173418045043945,
    3.9101643562316895,
    3.7450616359710693,
    3.6694042682647705,
    3.4895009994506836,
    3.86588978767395,
    4.089387893676758,
    3.893937826156616,
    4.073975563049316,
    4.130846977233887,
    4.112370014190674,
    3.9399819374084473,
    4.03884220123291,
    4.241555213928223,
    4.34730863571167,
    4.129542827606201,
    3.6344361305236816,
    3.002401828765869,
    2.974116325378418,
    3.3862802982330322,
    3.771294593811035,
    3.4318110942840576,
    3.1854326725006104,
    3.6762807369232178,
    3.8372561931610107,
    3.876751184463501,
    3.784473419189453,
    3.783886671066284,
    3.658808946609497,
    3.608880043029785,
    3.360276699066162,
    3.423332452774048,
    3.3789522647857666,
    3.460475444793701,
    3.4615120887756348,
    3.512096881866455,
    3.458728075027466,
    3.7950592041015625,
    3.777895927429199,
    3.6084439754486084,
    3.4044268131256104,
    3.0121707916259766,
    3.0667712688446045,
    3.393095016479492,
    3.2375540733337402,
    3.4438254833221436,
    3.5044798851013184,
    3.45076847076416,
    3.6218042373657227,
    3.9379706382751465,
    3.8146169185638428,
    3.931288003921509,
    3.7718913555145264,
    4.056116580963135,
    3.621443033218384,
    3.350280284881592,
    3.5742321014404297,
    3.851018190383911,
    3.5131008625030518,
    3.13277268409729,
    3.0204243659973145,
    3.1574549674987793,
    3.360476016998291,
    3.4622862339019775,
    3.670520305633545,
    3.887768507003784,
    3.505488634109497,
    3.1761181354522705,
    3.4338433742523193,
    3.755035877227783,
    3.757662534713745,
    3.711010217666626,
    3.6088685989379883,
    3.4320366382598877,
    3.42537522315979,
    3.8523244857788086,
    3.312725305557251,
    3.128446102142334,
    3.3973159790039062,
    3.8821370601654053,
    3.9398839473724365,
    3.851191520690918,
    3.8163955211639404,
    3.8860037326812744,
    4.032456398010254,
    3.815330982208252,
    3.557691812515259,
    3.7990055084228516,
    3.222808361053467,
    2.9779105186462402,
    3.1090164184570312,
    3.1382241249084473,
    3.309952974319458,
    3.2257120609283447,
    3.11883282661438,
    3.2709617614746094,
    3.1038315296173096,
    3.2074027061462402,
    3.395746946334839,
    3.4379053115844727,
    3.13877534866333,
    3.088177442550659,
    3.2545385360717773,
    3.423185110092163,
    3.3426856994628906,
    3.430245876312256,
    3.5602047443389893,
    3.570042610168457,
    3.533046007156372,
    3.4794182777404785,
    3.598891019821167,
    3.5753228664398193,
    3.569934368133545,
    3.5735654830932617,
    3.5073580741882324,
    3.6351585388183594,
    3.7999935150146484,
    3.6685099601745605,
    3.5430545806884766,
    3.4016973972320557,
    3.3749935626983643,
    3.3921003341674805,
    3.4087421894073486,
    3.4991157054901123,
    3.5929853916168213,
    3.5844671726226807,
    3.3318684101104736,
    3.581242084503174,
    3.8346288204193115,
    3.59556245803833,
    3.267561435699463,
    3.3812050819396973,
    3.507843494415283,
    3.4145374298095703,
    3.33134126663208,
    3.3296070098876953,
    3.5597009658813477,
    3.448734760284424,
    3.214838981628418,
    3.3233373165130615,
    3.4219460487365723,
    3.464367151260376,
    3.568702459335327,
    3.7539737224578857,
    3.4280543327331543,
    3.4603118896484375,
    3.6274073123931885,
    3.442793369293213,
    3.2455742359161377,
    3.302882194519043,
    3.5568525791168213,
    3.3368988037109375,
    3.4681155681610107,
    3.6091866493225098,
    3.579953193664551,
    3.6009066104888916,
    3.6664257049560547,
    4.018253803253174,
    4.280759811401367,
    4.259624004364014,
    4.0331315994262695,
    3.6749911308288574,
    3.3984079360961914,
    3.2951369285583496,
    3.447786808013916,
    3.480520248413086,
    3.114269971847534,
    3.341594934463501,
    3.303534507751465,
    3.4968225955963135,
    3.50521183013916,
    3.323643207550049,
    3.551562547683716,
    3.4998793601989746,
    3.563915967941284,
    3.413210868835449,
    3.5284388065338135,
    3.43434476852417,
    2.987018585205078,
    3.4103028774261475,
    3.7377429008483887,
    3.1032445430755615,
    2.9284539222717285,
    2.965723752975464,
    3.0768256187438965,
    3.296393871307373,
    3.2191131114959717,
    3.283057928085327,
    3.4426417350769043,
    3.4398648738861084,
    3.5277419090270996,
    3.61820387840271,
    3.2163517475128174,
    2.8517115116119385,
    2.727116346359253,
    2.8632383346557617,
    2.9874887466430664,
    3.0648019313812256,
    2.988520622253418,
    2.9595508575439453,
    3.172492504119873,
    3.362727403640747,
    3.4739716053009033,
    3.5208470821380615,
    3.6626925468444824,
    3.2171850204467773,
    3.4762213230133057,
    3.277226448059082,
    3.4060046672821045,
    3.572230100631714,
    3.34486985206604,
    3.391986608505249,
    3.5295698642730713,
    3.6091654300689697,
    3.64650821685791,
    3.697288751602173,
    3.967682123184204,
    3.83223295211792,
    3.5209083557128906,
    3.622204542160034,
    3.6189239025115967,
    3.5475831031799316,
    3.568340539932251,
    3.721057653427124,
    3.543023109436035,
    3.4428162574768066,
    3.4427695274353027,
    3.703357219696045,
    3.5746564865112305,
    3.4115400314331055,
    3.4126551151275635,
    3.1917731761932373,
    3.6162526607513428,
    3.469543218612671,
    3.4274017810821533,
    3.097416877746582,
    3.193448066711426,
    3.120443344116211,
    3.1196513175964355,
    3.2262046337127686,
    3.3008649349212646,
    3.354675054550171,
    3.509706497192383,
    3.309211254119873,
    3.1200356483459473,
    3.3116326332092285,
    3.330859422683716,
    3.369472026824951,
    3.1879851818084717,
    3.303880214691162,
    3.264286756515503,
    3.2332565784454346,
    3.3577334880828857,
    3.366133451461792,
    3.1749179363250732,
    3.147103786468506,
    3.0581295490264893,
    3.32820463180542,
    3.2918527126312256,
    3.2879836559295654,
    3.5116095542907715,
    3.3239200115203857,
    3.0771875381469727,
    3.2286911010742188,
    3.3153932094573975,
    3.364448070526123,
    3.2979133129119873,
    3.449622869491577,
    3.5330090522766113,
    3.5346593856811523,
    3.246516227722168,
    3.128844976425171,
    3.1896066665649414,
    3.3621904850006104,
    3.250105142593384,
    3.042802095413208,
    3.449998378753662,
    3.634051561355591,
    3.5986900329589844,
    3.1908628940582275,
    2.792745590209961,
    3.1859498023986816,
    3.2768912315368652,
    3.5402896404266357,
    3.8128631114959717,
    3.8900558948516846,
    3.442166328430176,
    3.629988670349121,
    3.6819448471069336,
    3.773759126663208,
    3.72345232963562,
