{
  "name": "hat_combined_last2_500_v2",
  "seed": 42,
  "n_states": 256,
  "sigma_c2c": 0.01,
  "sigma_d2d": 0.02,
  "analog_layers": [
    22,
    23
  ],
  "lr": 1e-05,
  "max_steps": 500,
  "retention_step_time": 0.0,
  "ppl_before": 24.9548985505156,
  "ppl_after": 18.671218331143123,
  "losses": [
    3.1545164585113525,
    3.3898913860321045,
    3.5932552814483643,
    3.7983977794647217,
    3.5829546451568604,
    3.5290462970733643,
    3.3996965885162354,
    3.1442596912384033,
    3.147853136062622,
    3.328023672103882,
    3.3360302448272705,
    3.011132001876831,
    3.2865312099456787,
    3.6048965454101562,
    3.342902660369873,
    3.3211402893066406,
    3.1895217895507812,
    2.9386134147644043,
    2.9251739978790283,
    2.9567878246307373,
    3.212958574295044,
    3.271911859512329,
    3.0067896842956543,
    3.2440402507781982,
    3.114898681640625,
    3.1940155029296875,
    3.566671848297119,
    3.485732078552246,
    3.0037803649902344,
    3.242835760116577,
    3.4987149238586426,
    3.309022903442383,
    3.0813097953796387,
    3.018733501434326,
    2.836486339569092,
    3.098069906234741,
    3.114914655685425,
    3.257441759109497,
    3.256319522857666,
    3.292202949523926,
    3.461601972579956,
    3.3588995933532715,
    3.3625502586364746,
    3.5427536964416504,
    3.538771867752075,
    3.3125264644622803,
    2.855471611022949,
    2.3066153526306152,
    2.2321698665618896,
    2.7539782524108887,
    3.036837339401245,
    2.8656787872314453,
    2.669016122817993,
    3.064067840576172,
    3.048922061920166,
    3.000014305114746,
    3.209533452987671,
    3.0863380432128906,
    2.812194347381592,
    2.802838087081909,
    2.719451904296875,
    2.7383224964141846,
    2.693286418914795,
    2.684475898742676,
    2.6144113540649414,
    2.630021810531616,
    2.8804516792297363,
    3.1431052684783936,
    3.0383763313293457,
    2.952075481414795,
    2.798705816268921,
    2.4954636096954346,
    2.525360107421875,
    2.7911031246185303,
    2.773176431655884,
    2.763655662536621,
    2.6449058055877686,
    2.5183959007263184,
    2.9812703132629395,
    3.435119390487671,
    3.3696939945220947,
    3.338107109069824,
    3.430500030517578,
    3.4903483390808105,
    3.1577601432800293,
    2.8662614822387695,
    3.0015652179718018,
    3.2588050365448,
    2.975066900253296,
    2.574901819229126,
    2.403292655944824,
    2.6849565505981445,
    2.844886541366577,
    2.845430374145508,
    3.1026453971862793,
    3.264228105545044,
    2.8700814247131348,
    2.630439281463623,
    2.909041404724121,
    3.280913829803467,
    3.236907720565796,
    3.193751335144043,
    3.0163567066192627,
    2.9211618900299072,
    2.930691957473755,
    3.1756820678710938,
    2.613436460494995,
    2.473388671875,
    2.7565245628356934,
    3.0589892864227295,
    3.11399507522583,
    3.0612473487854004,
    3.0276217460632324,
    3.233391761779785,
    3.3085031509399414,
    3.0840961933135986,
    3.0102012157440186,
    3.2227864265441895,
    2.6889004707336426,
    2.4178123474121094,
    2.6228456497192383,
    2.6332931518554688,
    2.715402603149414,
    2.660775899887085,
    2.695545196533203,
    2.795344829559326,
    2.711029291152954,
    2.725001335144043,
    2.9512553215026855,
    2.908000946044922,
    2.5048294067382812,
    2.567636013031006,
    2.719334602355957,
    2.868671417236328,
    2.755751609802246,
    2.9222469329833984,
    3.1306867599487305,
    3.1170947551727295,
    3.054032325744629,
    3.091726303100586,
    3.112334728240967,
    3.1546220779418945,
    3.1348209381103516,
    3.2117090225219727,
    3.0825259685516357,
    3.328577756881714,
    3.4273648262023926,
    3.2403767108917236,
    3.18369722366333,
    3.07430362701416,
    3.0031237602233887,
    3.028158664703369,
    2.938652276992798,
    3.102154016494751,
    3.2643632888793945,
    3.1457157135009766,
    2.839453935623169,
    3.1452808380126953,
    3.3119819164276123,
    3.0825681686401367,
    2.864466905593872,
    2.9540200233459473,
    3.205690622329712,
    3.0258755683898926,
    2.9316680431365967,
    2.964872121810913,
    3.1581199169158936,
    3.141329050064087,
    2.8723881244659424,
    3.0440635681152344,
    3.082226037979126,
    3.131927728652954,
    3.1962809562683105,
    3.332812786102295,
    3.1272432804107666,
    3.0731594562530518,
    3.2812306880950928,
    3.049437999725342,
    2.9065937995910645,
    2.8657941818237305,
    2.878511905670166,
    2.831787347793579,
    3.0365512371063232,
    3.224134922027588,
    3.2027459144592285,
    3.1962053775787354,
    3.3245861530303955,
    3.569577693939209,
    3.6234164237976074,
    3.7926948070526123,
    3.6021668910980225,
    3.316593647003174,
    2.9721028804779053,
    2.8263766765594482,
    3.044997215270996,
    2.9230711460113525,
    2.6973161697387695,
    2.931063652038574,
    2.9380695819854736,
    3.0363807678222656,
    3.1167099475860596,
    2.985950469970703,
    3.095925807952881,
    3.061065673828125,
    3.1398801803588867,
    3.007300615310669,
    3.060211420059204,
    3.0925867557525635,
    2.6194446086883545,
    3.071956157684326,
    3.382108211517334,
    2.8629825115203857,
    2.668700695037842,
    2.5375537872314453,
    2.6954922676086426,
    2.9913346767425537,
    2.91048002243042,
    2.959679365158081,
    3.114158868789673,
    3.092470169067383,
    3.2686104774475098,
    3.2931363582611084,
    2.7744898796081543,
    2.388390064239502,
    2.2456705570220947,
    2.373406410217285,
    2.5480000972747803,
    2.6055099964141846,
    2.561349868774414,
    2.581177234649658,
    2.8334834575653076,
    2.9710516929626465,
    2.8913686275482178,
    2.989834785461426,
    3.159576416015625,
    2.9056763648986816,
    3.1787924766540527,
    2.9169228076934814,
    2.9427740573883057,
    3.2429609298706055,
    2.9899489879608154,
    3.0532305240631104,
    3.2306878566741943,
    3.336862802505493,
    3.250535249710083,
    3.3369719982147217,
    3.5119190216064453,
    3.5918848514556885,
    3.21089243888855,
    3.2944159507751465,
    3.344775438308716,
    3.275906562805176,
    3.2906494140625,
    3.3425376415252686,
    3.1974024772644043,
    3.18662166595459,
    3.193014144897461,
    3.3786513805389404,
    3.2063450813293457,
    3.108851194381714,
    3.013073205947876,
    2.7348878383636475,
    3.142930507659912,
    3.0181894302368164,
    3.0337958335876465,
    2.793735980987549,
    2.7251734733581543,
    2.7009849548339844,
    2.723829746246338,
    2.7795231342315674,
    2.8357722759246826,
    2.853583574295044,
    3.0316028594970703,
    2.881179094314575,
    2.735320806503296,
    2.8211607933044434,
    2.886570692062378,
    2.907518148422241,
    2.8298487663269043,
    2.948455810546875,
    2.962275505065918,
    2.9027273654937744,
    3.0105838775634766,
    2.976634979248047,
    2.8238279819488525,
    2.862309217453003,
    2.742826223373413,
    3.0166513919830322,
    2.917654514312744,
    2.9025423526763916,
    3.105449914932251,
    2.9886205196380615,
    2.7393393516540527,
    2.79189133644104,
    2.9064841270446777,
    3.0358808040618896,
    3.0354671478271484,
    3.121032476425171,
    3.2635767459869385,
    3.187204122543335,
    2.9291505813598633,
    2.79565167427063,
    2.8948590755462646,
    3.0609099864959717,
    2.954815626144409,
    2.827115535736084,
    3.1209020614624023,
    3.212435245513916,
    3.1508586406707764,
    2.697326183319092,
    2.4114205837249756,
    2.7495133876800537,
    2.801013469696045,
    3.138014078140259,
    3.47458553314209,
    3.4553627967834473,
    3.1089422702789307,
    3.2203500270843506,
    3.3693253993988037,
    3.348923444747925,
    3.169609785079956,
    2.9757304191589355,
    2.9661335945129395,
    3.0903546810150146,
    3.091588020324707,
    3.114716053009033,
    3.1593124866485596,
