{
  "name": "hat_d2d003_500_ctx512",
  "seed": 42,
  "n_states": 256,
  "sigma_c2c": 0.0,
  "sigma_d2d": 0.03,
  "analog_layers": [
    0,
    1,
    2,
    3,
    4,
    5,
    6,
    7,
    8,
    9,
    10,
    11,
    12,
    13,
    14,
    15,
    16,
    17,
    18,
    19,
    20,
    21,
    22,
    23
  ],
  "lr": 1e-05,
  "max_steps": 500,
  "ppl_before": 225.141951357343,
  "ppl_after": 27.163450644372894,
  "losses": [
    5.887789726257324,
    5.364009857177734,
    5.261314868927002,
    5.681896209716797,
    4.939762115478516,
    5.040096282958984,
    4.845999240875244,
    4.283192157745361,
    4.267171859741211,
    4.507583141326904,
    4.6429877281188965,
    4.199395179748535,
    4.513132572174072,
    4.652568340301514,
    4.452795505523682,
    4.478062629699707,
    4.414896011352539,
    4.395662784576416,
    4.047877788543701,
    4.091058731079102,
    4.132481098175049,
    4.178177356719971,
    4.000870704650879,
    4.0872650146484375,
    4.039193630218506,
    4.248290538787842,
    4.571261882781982,
    4.420350551605225,
    4.005422115325928,
    4.202133655548096,
    4.504378318786621,
    4.196139812469482,
    3.992525339126587,
    3.8160295486450195,
    3.668079137802124,
    3.9962475299835205,
    3.972466230392456,
    4.0466108322143555,
    4.1517510414123535,
    4.312905311584473,
    4.308520317077637,
    4.2672600746154785,
    4.274558067321777,
    4.300234794616699,
    4.535212993621826,
    4.144634246826172,
    3.7794675827026367,
    3.135521650314331,
    2.9054832458496094,
    3.663252115249634,
    4.0135626792907715,
    3.613677978515625,
    3.585055351257324,
    3.8816215991973877,
    4.073939323425293,
    4.091485500335693,
    4.030572414398193,
    3.9138307571411133,
    3.7754392623901367,
    3.8728089332580566,
    3.5353403091430664,
    3.558622360229492,
    3.7498698234558105,
    3.579075574874878,
    3.739107608795166,
    3.580697536468506,
    3.7884087562561035,
    3.9754369258880615,
    3.9588232040405273,
    3.735102653503418,
    3.563337802886963,
    3.296407699584961,
    3.240917682647705,
    3.5153448581695557,
    3.4580748081207275,
    3.6632938385009766,
    3.6851673126220703,
    3.681602954864502,
    3.7840728759765625,
    4.019972801208496,
    3.9539432525634766,
    3.9292848110198975,
    4.002402305603027,
    4.115161418914795,
    3.810776710510254,
    3.5062766075134277,
    3.6424946784973145,
    4.008631706237793,
    3.8003315925598145,
    3.1539738178253174,
    3.0756049156188965,
    3.315877914428711,
    3.423567295074463,
    3.5294644832611084,
    3.763925790786743,
    3.953476905822754,
    3.5612635612487793,
    3.2652499675750732,
    3.5742571353912354,
    3.840200901031494,
    3.9648396968841553,
    3.8728606700897217,
    3.6865971088409424,
    3.607337474822998,
    3.6095499992370605,
    4.004175186157227,
    3.464597463607788,
    3.210557699203491,
    3.561601161956787,
    4.07109260559082,
    4.209300994873047,
    3.9289495944976807,
    3.7991085052490234,
    3.924849033355713,
    4.117358207702637,
    3.8250343799591064,
    3.7018933296203613,
    3.8935024738311768,
    3.4334373474121094,
    3.1647491455078125,
    3.2187881469726562,
    3.2224223613739014,
    3.297558307647705,
    3.2386772632598877,
    3.33268141746521,
    3.2847323417663574,
    3.1724812984466553,
    3.3427906036376953,
    3.4555959701538086,
    3.5291738510131836,
    3.32090425491333,
    3.2862000465393066,
    3.3285253047943115,
    3.455108642578125,
    3.4867899417877197,
    3.6874959468841553,
    3.682143449783325,
    3.643850803375244,
    3.6059134006500244,
    3.605654001235962,
    3.681708812713623,
    3.751359462738037,
    3.654648542404175,
    3.678603410720825,
    3.6460373401641846,
    3.749666213989258,
    3.8819310665130615,
    3.8097922801971436,
    3.671868085861206,
    3.544994354248047,
    3.425239086151123,
    3.4756758213043213,
    3.5143349170684814,
    3.5958073139190674,
    3.738399028778076,
    3.701230525970459,
    3.3542141914367676,
    3.6885454654693604,
    3.989790916442871,
    3.754284143447876,
    3.4469571113586426,
    3.481982946395874,
    3.566767692565918,
    3.467663049697876,
    3.333669424057007,
    3.44677472114563,
    3.629359006881714,
    3.5399651527404785,
    3.219367027282715,
    3.402150869369507,
    3.5347232818603516,
    3.489655017852783,
    3.7077486515045166,
    3.791861057281494,
    3.615145206451416,
    3.6067841053009033,
    3.755765676498413,
    3.4604134559631348,
    3.4382877349853516,
    3.425926923751831,
    3.483660936355591,
    3.3241677284240723,
    3.609689474105835,
    3.6823019981384277,
    3.6859850883483887,
    3.674807548522949,
    3.7814528942108154,
    4.196632385253906,
    4.361075401306152,
    4.419857501983643,
    4.172017574310303,
    3.840468645095825,
    3.5212254524230957,
    3.2342569828033447,
    3.5567047595977783,
    3.463115692138672,
    3.33591890335083,
    3.4031736850738525,
    3.5036423206329346,
    3.511133909225464,
    3.6360092163085938,
    3.4245212078094482,
    3.520477771759033,
    3.699500799179077,
    3.6269211769104004,
    3.5589654445648193,
    3.576838731765747,
    3.566041946411133,
    3.026998519897461,
    3.541527032852173,
    3.7588987350463867,
    3.19334077835083,
    2.996264696121216,
    2.9025888442993164,
    3.1362497806549072,
    3.406991481781006,
    3.421023368835449,
    3.32320499420166,
    3.493600845336914,
    3.488919973373413,
    3.688843011856079,
    3.772810220718384,
    3.321692705154419,
    3.0412869453430176,
    2.7393720149993896,
    3.0179173946380615,
    3.1496706008911133,
    3.274336576461792,
    3.1402390003204346,
    3.139894962310791,
    3.3403663635253906,
    3.4700610637664795,
    3.5298478603363037,
    3.594994068145752,
    3.678356170654297,
    3.427117109298706,
    3.6914727687835693,
    3.4211742877960205,
    3.4342823028564453,
    3.618284225463867,
    3.458178758621216,
    3.4900412559509277,
    3.675182819366455,
    3.6559064388275146,
    3.6497156620025635,
    3.8087470531463623,
    3.9761903285980225,
    3.9279239177703857,
    3.6208276748657227,
    3.672597885131836,
    3.6427433490753174,
    3.6039695739746094,
    3.7239089012145996,
    3.855445384979248,
    3.6059534549713135,
    3.57087779045105,
    3.5949008464813232,
    3.755128860473633,
    3.571662425994873,
    3.561819314956665,
    3.4735023975372314,
    3.2682526111602783,
    3.7430455684661865,
    3.5945143699645996,
    3.552103042602539,
    3.239189386367798,
    3.1509997844696045,
    3.28177809715271,
    3.1873369216918945,
    3.2125439643859863,
    3.3534371852874756,
    3.300443649291992,
    3.6547324657440186,
    3.379760265350342,
    3.2996885776519775,
    3.3934760093688965,
    3.4963276386260986,
    3.2885208129882812,
    3.2417237758636475,
    3.2807061672210693,
    3.379958391189575,
    3.241992235183716,
    3.474684953689575,
    3.4570648670196533,
    3.302751064300537,
    3.229464530944824,
    3.1429595947265625,
    3.39078426361084,
    3.437817096710205,
    3.3011531829833984,
    3.5581886768341064,
    3.488398313522339,
    3.159723997116089,
    3.3410658836364746,
    3.376939535140991,
    3.484145164489746,
    3.534294605255127,
    3.526588201522827,
    3.6498913764953613,
    3.573460578918457,
    3.2898647785186768,
    3.1523523330688477,
    3.2644662857055664,
    3.3630964756011963,
    3.312453269958496,
    3.118150472640991,
    3.4616384506225586,
    3.670639991760254,
    3.6215670108795166,
    3.2477118968963623,
    2.888915538787842,
    3.3397605419158936,
    3.4115450382232666,
    3.6534597873687744,
    3.893275260925293,
    3.9808714389801025,
    3.670652151107788,
    3.7327141761779785,
    3.8380579948425293,
    3.8065099716186523,
    3.7498397827148438,
    3.636630058288574,
