{
  "name": "hat_d2d002_500_v2_d2dseed789",
  "train_seed": 42,
  "d2d_seed": 789,
  "n_states": 256,
  "sigma_c2c": 0.0,
  "sigma_d2d": 0.02,
  "analog_layers": [
    0,
    1,
    2,
    3,
    4,
    5,
    6,
    7,
    8,
    9,
    10,
    11,
    12,
    13,
    14,
    15,
    16,
    17,
    18,
    19,
    20,
    21,
    22,
    23
  ],
  "lr": 1e-05,
  "max_steps": 500,
  "retention_step_time": 0.0,
  "ppl_before": 114.33264709204192,
  "ppl_after": 25.007426367473073,
  "losses": [
    4.91960334777832,
    4.660220146179199,
    4.725925922393799,
    5.13092565536499,
    4.564939498901367,
    4.662502765655518,
    4.399435043334961,
    3.9608139991760254,
    3.9106814861297607,
    4.193342208862305,
    4.268938064575195,
    3.9334909915924072,
    4.1005635261535645,
    4.351142883300781,
    4.207592487335205,
    4.241504192352295,
    4.154984951019287,
    3.944716691970825,
    3.8186843395233154,
    3.8624460697174072,
    3.8410778045654297,
    3.9775335788726807,
    3.7033872604370117,
    3.954103708267212,
    3.8574466705322266,
    3.949897289276123,
    4.343350410461426,
    4.185425281524658,
    3.8545475006103516,
    4.028922080993652,
    4.298167705535889,
    3.9239284992218018,
    3.7381691932678223,
    3.7457563877105713,
    3.4488019943237305,
    3.8474926948547363,
    3.9926862716674805,
    3.9275052547454834,
    4.1278767585754395,
    4.052699089050293,
    4.097270488739014,
    4.021363735198975,
    4.048503398895264,
    4.217936038970947,
    4.151374816894531,
    4.091285705566406,
    3.403160333633423,
    2.922996997833252,
    2.97755765914917,
    3.3806591033935547,
    3.714076280593872,
    3.4870502948760986,
    3.3433046340942383,
    3.6820478439331055,
    3.905093193054199,
    3.7556679248809814,
    3.867767810821533,
    3.829392433166504,
    3.5951168537139893,
    3.5261945724487305,
    3.403649091720581,
    3.386117935180664,
    3.4460997581481934,
    3.4960410594940186,
    3.4674301147460938,
    3.3421452045440674,
    3.53295636177063,
    3.836977958679199,
    3.762362241744995,
    3.5856170654296875,
    3.4297215938568115,
    3.0658621788024902,
    3.1077780723571777,
    3.3832921981811523,
    3.3216018676757812,
    3.4735381603240967,
    3.523881673812866,
    3.3672690391540527,
    3.6472134590148926,
    3.9170291423797607,
    3.7582054138183594,
    3.7915289402008057,
    3.813992738723755,
    3.9868338108062744,
    3.6795167922973633,
    3.330664873123169,
    3.5751421451568604,
    3.7535884380340576,
    3.545048952102661,
    3.136119842529297,
    2.9694924354553223,
    3.1604816913604736,
    3.2233362197875977,
    3.397865056991577,
    3.762005567550659,
    3.8698570728302,
    3.4492361545562744,
    3.1366636753082275,
    3.387281656265259,
    3.7670557498931885,
    3.765838384628296,
    3.7750027179718018,
    3.706678628921509,
    3.4221086502075195,
    3.4489619731903076,
    3.7339487075805664,
    3.3690807819366455,
    3.0312836170196533,
    3.435420036315918,
    3.8311309814453125,
    3.9103007316589355,
    3.73319411277771,
    3.649080753326416,
    3.8405230045318604,
    4.002912998199463,
    3.687608242034912,
    3.541975975036621,
    3.7667250633239746,
    3.2694900035858154,
    2.9602441787719727,
    3.1838431358337402,
    3.2403507232666016,
    3.294084072113037,
    3.1886305809020996,
    3.090533971786499,
    3.2189443111419678,
    3.175217390060425,
    3.2345685958862305,
    3.475160598754883,
    3.385636329650879,
    3.1643669605255127,
    3.124133825302124,
    3.125326156616211,
    3.3714938163757324,
    3.386291265487671,
    3.50068736076355,
    3.673461437225342,
    3.5333516597747803,
    3.530062675476074,
    3.547869920730591,
    3.5254006385803223,
    3.621342182159424,
    3.553208112716675,
    3.661665439605713,
    3.490873098373413,
    3.6621639728546143,
    3.8680927753448486,
    3.71073055267334,
    3.519026279449463,
    3.4587578773498535,
    3.2906291484832764,
    3.458308696746826,
    3.3420615196228027,
    3.422856330871582,
    3.5987789630889893,
    3.565852403640747,
    3.275886297225952,
    3.5185396671295166,
    3.8034942150115967,
    3.5798447132110596,
    3.238992214202881,
    3.355666160583496,
    3.5556797981262207,
    3.3905844688415527,
    3.2714688777923584,
    3.298408031463623,
    3.5034141540527344,
    3.4572267532348633,
    3.1331679821014404,
    3.29762601852417,
    3.4098689556121826,
    3.389192819595337,
    3.5132908821105957,
    3.6455705165863037,
    3.4423487186431885,
    3.452913522720337,
    3.564664363861084,
    3.457963466644287,
    3.299542188644409,
    3.2337048053741455,
    3.2657084465026855,
    3.248908042907715,
    3.407822608947754,
    3.647338628768921,
    3.5942270755767822,
    3.588566541671753,
    3.740295171737671,
    3.9949288368225098,
    4.091468811035156,
    4.251719951629639,
    4.001882553100586,
    3.663053274154663,
    3.3440685272216797,
    3.2904412746429443,
    3.4260497093200684,
    3.4132683277130127,
    3.1152093410491943,
    3.2798619270324707,
    3.354809284210205,
    3.455721616744995,
    3.509040117263794,
    3.35756254196167,
    3.4553382396698,
    3.436140537261963,
    3.5467960834503174,
    3.468658924102783,
    3.4869821071624756,
    3.4578042030334473,
    2.988002061843872,
    3.403334856033325,
    3.6787853240966797,
    3.096924304962158,
    2.9578542709350586,
    2.839614152908325,
    3.0645577907562256,
    3.2448365688323975,
    3.1905033588409424,
    3.3119921684265137,
    3.4515578746795654,
    3.3449976444244385,
    3.5798909664154053,
    3.6392269134521484,
    3.1504056453704834,
    2.7956912517547607,
    2.6489593982696533,
    2.803964138031006,
    2.9345340728759766,
    2.9254953861236572,
    3.0302250385284424,
    3.0000760555267334,
    3.2254433631896973,
    3.3353676795959473,
    3.431384325027466,
    3.5397276878356934,
    3.551957368850708,
    3.199864387512207,
    3.5736820697784424,
    3.3317952156066895,
    3.3349223136901855,
    3.575864553451538,
    3.313657283782959,
    3.3297550678253174,
    3.5694873332977295,
    3.585719347000122,
    3.577402353286743,
    3.704097032546997,
    3.8936684131622314,
    3.887998342514038,
    3.5111348628997803,
    3.5870978832244873,
    3.6900229454040527,
    3.5826380252838135,
    3.5644445419311523,
    3.75989031791687,
    3.5005011558532715,
    3.493006467819214,
    3.479783535003662,
    3.6436424255371094,
    3.5228967666625977,
    3.381838083267212,
    3.3801724910736084,
    3.139039993286133,
    3.540860414505005,
    3.4327940940856934,
    3.3873291015625,
    3.1881585121154785,
    3.118492364883423,
    3.1268341541290283,
    3.141526460647583,
    3.1337363719940186,
    3.2336487770080566,
    3.182650327682495,
    3.4399473667144775,
    3.251875877380371,
    3.102546453475952,
    3.31885027885437,
    3.284317970275879,
    3.226473093032837,
    3.1115915775299072,
    3.202946662902832,
    3.2519755363464355,
    3.193864345550537,
    3.30995774269104,
    3.322418212890625,
    3.1108083724975586,
    3.181013345718384,
    3.0348360538482666,
    3.3466525077819824,
    3.321580171585083,
    3.268979787826538,
    3.417450428009033,
    3.3168725967407227,
    3.0465497970581055,
    3.2263782024383545,
    3.316915988922119,
    3.2960524559020996,
    3.33286714553833,
    3.528240919113159,
    3.5522420406341553,
    3.4086523056030273,
    3.177959442138672,
    3.0803661346435547,
    3.199411630630493,
    3.2876858711242676,
    3.2156524658203125,
    3.06099009513855,
    3.406859874725342,
    3.478236198425293,
    3.5489161014556885,
    3.102511167526245,
    2.7609548568725586,
    3.1577911376953125,
    3.2465672492980957,
    3.451016664505005,
    3.803278923034668,
    3.754382371902466,
    3.465951442718506,
    3.632075309753418,
    3.7515711784362793,
