{
  "name": "hat_combined_500_v2",
  "seed": 456,
  "n_states": 256,
  "sigma_c2c": 0.01,
  "sigma_d2d": 0.02,
  "analog_layers": [
    0,
    1,
    2,
    3,
    4,
    5,
    6,
    7,
    8,
    9,
    10,
    11,
    12,
    13,
    14,
    15,
    16,
    17,
    18,
    19,
    20,
    21,
    22,
    23
  ],
  "lr": 1e-05,
  "max_steps": 500,
  "retention_step_time": 0.0,
  "ppl_before": 136.10676276665882,
  "ppl_after": 26.282761653937246,
  "losses": [
    4.898390293121338,
    4.792744159698486,
    5.03462028503418,
    5.5563225746154785,
    4.825419902801514,
    4.8103485107421875,
    4.455911159515381,
    4.094527244567871,
    4.093911170959473,
    4.268983364105225,
    4.322379112243652,
    4.140872955322266,
    4.381133079528809,
    4.463056564331055,
    4.280365467071533,
    4.30332612991333,
    4.238978385925293,
    4.172828674316406,
    3.9861061573028564,
    3.889163017272949,
    4.0530571937561035,
    4.102129936218262,
    3.686082363128662,
    3.9397125244140625,
    4.109756946563721,
    4.072603702545166,
    4.35380220413208,
    4.2237138748168945,
    3.98043155670166,
    4.106764316558838,
    4.282959938049316,
    4.082700252532959,
    3.8521082401275635,
    3.714881181716919,
    3.536648988723755,
    3.970022201538086,
    4.120456695556641,
    3.961998462677002,
    4.149333477020264,
    4.250637531280518,
    4.194353103637695,
    4.027904510498047,
    4.060681343078613,
    4.244941711425781,
    4.32277250289917,
    4.168691635131836,
    3.670832872390747,
    3.1045830249786377,
    3.136132001876831,
    3.502092123031616,
    3.8287508487701416,
    3.5313377380371094,
    3.254518747329712,
    3.80788254737854,
    3.918708562850952,
    4.029588222503662,
    3.8702869415283203,
    3.814654588699341,
    3.8202664852142334,
    3.67177677154541,
    3.50205135345459,
    3.579246759414673,
    3.53222393989563,
    3.4025988578796387,
    3.4943153858184814,
    3.5069382190704346,
    3.6317553520202637,
    3.8665127754211426,
    3.7962889671325684,
    3.651705503463745,
    3.548163652420044,
    3.1693618297576904,
    3.2356724739074707,
    3.507897138595581,
    3.5138041973114014,
    3.7038471698760986,
    3.555211305618286,
    3.501772165298462,
    3.7271299362182617,
    3.9846532344818115,
    3.901275396347046,
    3.9614663124084473,
    3.8987481594085693,
    4.0702385902404785,
    3.671217203140259,
    3.4003498554229736,
    3.577183485031128,
    3.8966586589813232,
    3.646176815032959,
    3.1504929065704346,
    3.0698118209838867,
    3.2937545776367188,
    3.402510404586792,
    3.65914249420166,
    3.776380777359009,
    3.9126088619232178,
    3.5516562461853027,
    3.2208714485168457,
    3.5032825469970703,
    3.8781418800354004,
    3.8910927772521973,
    3.7719290256500244,
    3.7133500576019287,
    3.4643378257751465,
    3.4733052253723145,
    3.901620864868164,
    3.418144941329956,
    3.1361312866210938,
    3.511030912399292,
    3.98231840133667,
    4.057278633117676,
    3.978398084640503,
    3.8841161727905273,
    3.847362756729126,
    4.14381742477417,
    3.8594579696655273,
    3.6442365646362305,
    3.7912790775299072,
    3.319490671157837,
    3.0588855743408203,
    3.108259439468384,
    3.160736083984375,
    3.2879531383514404,
    3.259129285812378,
    3.0905802249908447,
    3.341399908065796,
    3.154257297515869,
    3.1909091472625732,
    3.4788002967834473,
    3.611443281173706,
    3.1441404819488525,
    3.2008445262908936,
    3.297346591949463,
    3.520857810974121,
    3.408815622329712,
    3.53117036819458,
    3.653395175933838,
    3.6001555919647217,
    3.5479540824890137,
    3.5428526401519775,
    3.6954970359802246,
    3.6506805419921875,
    3.635530948638916,
    3.6006646156311035,
    3.5261049270629883,
    3.6724836826324463,
    3.907069683074951,
    3.785709857940674,
    3.555420398712158,
    3.433791160583496,
    3.417142868041992,
    3.441188335418701,
    3.444629430770874,
    3.5164074897766113,
    3.715059518814087,
    3.624265670776367,
    3.3340566158294678,
    3.668602228164673,
    3.8002161979675293,
    3.6585960388183594,
    3.304124355316162,
    3.441593885421753,
    3.528500556945801,
    3.3997385501861572,
    3.3478100299835205,
    3.3508288860321045,
    3.617140293121338,
    3.5604875087738037,
    3.1749377250671387,
    3.367699146270752,
    3.4670870304107666,
    3.447617769241333,
    3.631014347076416,
    3.779174327850342,
    3.4667794704437256,
    3.5432910919189453,
    3.653721332550049,
    3.4758081436157227,
    3.377220869064331,
    3.383004903793335,
    3.5576508045196533,
    3.334695339202881,
    3.4814462661743164,
    3.6155478954315186,
    3.5762531757354736,
    3.597506046295166,
    3.7412736415863037,
    4.006030082702637,
    4.236042499542236,
    4.334110736846924,
    4.026725769042969,
    3.743393659591675,
    3.4599947929382324,
    3.334343433380127,
    3.56237530708313,
    3.469719886779785,
    3.149951219558716,
    3.3207123279571533,
    3.4139723777770996,
    3.5576648712158203,
    3.560666084289551,
    3.4155561923980713,
    3.529109001159668,
    3.534257173538208,
    3.6951708793640137,
    3.5805678367614746,
    3.5571107864379883,
    3.4835453033447266,
    3.079256534576416,
    3.4265923500061035,
    3.7441513538360596,
    3.120668411254883,
    2.9876348972320557,
    2.9510304927825928,
    3.0863709449768066,
    3.38063907623291,
    3.276632308959961,
    3.3197689056396484,
    3.5235166549682617,
    3.4353950023651123,
    3.5733349323272705,
    3.6759886741638184,
    3.2025835514068604,
    2.9347939491271973,
    2.7420547008514404,
    2.9283742904663086,
    3.093568801879883,
    3.0952603816986084,
    3.0518999099731445,
    3.014573574066162,
    3.3128252029418945,
    3.390166997909546,
    3.4167401790618896,
    3.5664961338043213,
    3.664984941482544,
    3.2834486961364746,
    3.563933849334717,
    3.318352460861206,
    3.376917600631714,
    3.5836234092712402,
    3.3880653381347656,
    3.419921636581421,
    3.5910956859588623,
    3.677783250808716,
    3.670586347579956,
    3.7408623695373535,
    4.037966728210449,
    3.871765375137329,
    3.5648908615112305,
    3.6332528591156006,
    3.680520534515381,
    3.614840269088745,
    3.615913152694702,
    3.7185840606689453,
    3.561389446258545,
    3.4496562480926514,
    3.4836673736572266,
    3.741586685180664,
    3.618530750274658,
    3.4999277591705322,
    3.400893449783325,
    3.262014627456665,
    3.6798415184020996,
    3.5022549629211426,
    3.5169012546539307,
    3.1474034786224365,
    3.20581316947937,
    3.129625082015991,
    3.1501827239990234,
    3.2370359897613525,
    3.2967121601104736,
    3.3384323120117188,
    3.5387418270111084,
    3.3258261680603027,
    3.1428678035736084,
    3.4142050743103027,
    3.3661630153656006,
    3.3924667835235596,
    3.215163230895996,
    3.3374266624450684,
    3.3055012226104736,
    3.30421781539917,
    3.420111894607544,
    3.433943510055542,
    3.1701228618621826,
    3.2119503021240234,
    3.0573318004608154,
    3.3733975887298584,
    3.3621702194213867,
    3.3367106914520264,
    3.506997585296631,
    3.3255512714385986,
    3.1420645713806152,
    3.2353739738464355,
    3.390195846557617,
    3.4644763469696045,
    3.3612728118896484,
    3.4927804470062256,
    3.5115034580230713,
    3.54556941986084,
    3.3159215450286865,
    3.140167474746704,
    3.200836420059204,
    3.402841329574585,
    3.3181729316711426,
    3.115351915359497,
    3.485943555831909,
    3.694071054458618,
    3.62919282913208,
    3.2643344402313232,
    2.8468382358551025,
    3.243828773498535,
    3.4240965843200684,
    3.591852903366089,
    3.838615894317627,
    3.8773446083068848,
    3.5368926525115967,
    3.671224355697632,
    3.730753183364868,
    3.833009958267212,
    3.765681743621826,
