{
  "name": "hat_d2d003_500",
  "seed": 42,
  "n_states": 256,
  "sigma_c2c": 0.0,
  "sigma_d2d": 0.03,
  "analog_layers": [
    0,
    1,
    2,
    3,
    4,
    5,
    6,
    7,
    8,
    9,
    10,
    11,
    12,
    13,
    14,
    15,
    16,
    17,
    18,
    19,
    20,
    21,
    22,
    23
  ],
  "lr": 1e-05,
  "max_steps": 500,
  "ppl_before": 3524.380155475473,
  "ppl_after": 1.1516200482780508,
  "losses": [
    8.61164379119873,
    8.285465240478516,
    7.911320686340332,
    8.348682403564453,
    7.040205001831055,
    7.202595233917236,
    7.5219502449035645,
    7.501118183135986,
    7.426129341125488,
    6.729933738708496,
    6.633036136627197,
    7.065752029418945,
    6.797299861907959,
    6.622142314910889,
    6.982773780822754,
    6.945161819458008,
    6.244768142700195,
    6.638112545013428,
    6.9441046714782715,
    6.7353129386901855,
    6.676325798034668,
    6.848067283630371,
    6.682143211364746,
    6.48696756362915,
    6.7630085945129395,
    6.218537330627441,
    6.8365936279296875,
    6.729090213775635,
    6.973535060882568,
    6.96455717086792,
    6.468435287475586,
    6.426980018615723,
    6.233382225036621,
    6.279725551605225,
    6.228266716003418,
    6.141384601593018,
    6.139685153961182,
    6.30529260635376,
    6.624458312988281,
    6.317768573760986,
    6.27594518661499,
    6.4842939376831055,
    6.341025352478027,
    6.414462089538574,
    6.302940368652344,
    6.210560321807861,
    6.152331829071045,
    6.474321365356445,
    6.204412460327148,
    6.318262100219727,
    6.267530918121338,
    6.370132923126221,
    6.452768802642822,
    6.264389991760254,
    6.48388147354126,
    6.610764026641846,
    6.674288749694824,
    6.411678791046143,
    6.5862860679626465,
    6.142077922821045,
    5.801562309265137,
    5.7883992195129395,
    5.793452739715576,
    5.95414400100708,
    6.2649149894714355,
    6.110161781311035,
    6.179958820343018,
    6.264896392822266,
    5.940612316131592,
    5.99216365814209,
    5.999903678894043,
    5.9399895668029785,
    5.987311840057373,
    5.9870405197143555,
    5.766107082366943,
    5.639815330505371,
    5.69727897644043,
    5.558098316192627,
    5.55985689163208,
    5.758326530456543,
    5.639493942260742,
    5.619689464569092,
    5.604719161987305,
    5.530821800231934,
    5.191755771636963,
    5.446750640869141,
    5.470106601715088,
    5.61935567855835,
    5.571398735046387,
    5.6434831619262695,
    5.932767868041992,
    6.142055511474609,
    6.09481954574585,
    6.367882251739502,
    6.48650598526001,
    6.439907073974609,
    5.838541507720947,
    5.88404655456543,
    5.676862716674805,
    5.693434238433838,
    5.736328601837158,
    5.815282344818115,
    6.001927852630615,
    5.969182968139648,
    5.674518585205078,
    5.674648284912109,
    5.537471294403076,
    5.622873306274414,
    5.434440612792969,
    5.621623992919922,
    6.105095863342285,
    5.78670072555542,
    5.615083694458008,
    5.488377571105957,
    5.480653762817383,
    6.299590110778809,
    6.423781871795654,
    6.161571502685547,
    6.005973815917969,
    5.965876579284668,
    5.520520210266113,
    5.584021091461182,
    6.038811683654785,
    5.870029449462891,
    5.560760974884033,
    5.64120626449585,
    5.58722448348999,
    5.301136016845703,
    5.525702953338623,
    5.82154655456543,
    5.9449849128723145,
    5.739377975463867,
    5.349269390106201,
    5.539221286773682,
    6.157870292663574,
    6.176644802093506,
    5.647225379943848,
    5.617122650146484,
    5.5979132652282715,
    5.390564918518066,
    5.336365222930908,
    5.5923237800598145,
    5.432765483856201,
    5.578164100646973,
    5.509484767913818,
    5.440102577209473,
    5.442958354949951,
    5.444809913635254,
    5.653149127960205,
    5.576247215270996,
    5.241788387298584,
    5.2407941818237305,
    5.397956371307373,
    5.692807674407959,
    5.84757661819458,
    5.38306999206543,
    5.703105926513672,
    5.712055206298828,
    5.7475409507751465,
    5.953925132751465,
    5.841311454772949,
    5.584769248962402,
    5.859489440917969,
    5.859834671020508,
    5.729161262512207,
    5.669454097747803,
    5.633455753326416,
    5.097050189971924,
    5.403608322143555,
    5.468593597412109,
    5.5031914710998535,
    5.611701965332031,
    5.555344104766846,
    5.673577785491943,
    5.32225227355957,
    5.318777084350586,
    5.292207717895508,
    5.14495849609375,
    5.221123695373535,
    5.3990349769592285,
    5.547698020935059,
    5.398500919342041,
    5.216933250427246,
    5.391324520111084,
    5.300502300262451,
    5.2678632736206055,
    5.164708614349365,
    5.0133795738220215,
    5.15148401260376,
    5.128161430358887,
    4.996431350708008,
    4.994480133056641,
    5.177413463592529,
    5.332454681396484,
    5.645970344543457,
    5.373233318328857,
    5.45217752456665,
    5.626112937927246,
    5.610888481140137,
    5.514410972595215,
    5.4433817863464355,
    5.476016998291016,
    5.523334503173828,
    5.507477760314941,
    5.255207538604736,
    5.319578647613525,
    5.651332855224609,
    5.309662818908691,
    4.9463629722595215,
    5.098289966583252,
    5.280936241149902,
    5.088355541229248,
    5.188971996307373,
    5.420374870300293,
    5.328341484069824,
    5.376224517822266,
    5.226319313049316,
    5.292013168334961,
    5.323040962219238,
    5.308896541595459,
    5.245824813842773,
    4.7998366355896,
    5.049001693725586,
    4.940120220184326,
    4.683908462524414,
    4.81932258605957,
    4.67398738861084,
    4.535746097564697,
    4.531565189361572,
    4.72602653503418,
    4.835262775421143,
    4.658001899719238,
    4.374896049499512,
    4.48677921295166,
    4.763874530792236,
    4.4449872970581055,
    4.462863922119141,
    4.527233600616455,
    4.753742694854736,
    4.746272563934326,
    4.48449182510376,
    4.359487533569336,
    4.529279708862305,
    4.8437299728393555,
    4.645539283752441,
    4.455152988433838,
    4.524763584136963,
    4.901809215545654,
    4.674466133117676,
    4.43731164932251,
    4.586349010467529,
    4.375952243804932,
    4.415735244750977,
    4.6033034324646,
    4.586068630218506,
    4.409945011138916,
    4.549526691436768,
    4.723042011260986,
    4.585545539855957,
    4.662707328796387,
    4.802090644836426,
    4.535672187805176,
    4.607845306396484,
    4.422790050506592,
    4.143650531768799,
    4.3424601554870605,
    3.994736909866333,
    4.002196311950684,
    3.817793846130371,
    3.6700596809387207,
    3.8740134239196777,
    3.8641326427459717,
    3.8039093017578125,
    3.8046376705169678,
    3.684467077255249,
    3.5899384021759033,
    3.5288028717041016,
    3.3491687774658203,
    3.5585570335388184,
    3.660876989364624,
    3.2713844776153564,
    3.3981356620788574,
    3.349332809448242,
    3.2943334579467773,
    2.9035260677337646,
    2.8160789012908936,
    3.084235906600952,
    3.105978012084961,
    3.0162415504455566,
    2.8879446983337402,
    2.7949163913726807,
    2.7809524536132812,
    2.590158224105835,
    2.55637264251709,
    2.880803108215332,
    2.8707876205444336,
    2.6831321716308594,
    3.0531351566314697,
    2.6536431312561035,
    2.6674349308013916,
    2.1822829246520996,
    2.1520309448242188,
    2.26596736907959,
    2.1502113342285156,
    2.1385140419006348,
    2.3704047203063965,
    2.281052827835083,
    2.2823731899261475,
    2.054917573928833,
    2.2532670497894287,
    2.4361045360565186,
    2.1763741970062256,
    2.0454652309417725,
    1.9254802465438843,
    1.8467298746109009,
    1.9262944459915161,
    1.8280878067016602,
    1.9751455783843994,
    1.8548849821090698,
    1.6248403787612915,
    1.7959837913513184,
    1.5687247514724731,
    1.5918183326721191,
    1.4357761144638062,
    1.4730907678604126,
    1.493566632270813,
    1.5948946475982666,
