{
  "name": "hat_d2d004_500_v2",
  "seed": 42,
  "n_states": 256,
  "sigma_c2c": 0.0,
  "sigma_d2d": 0.04,
  "analog_layers": [
    0,
    1,
    2,
    3,
    4,
    5,
    6,
    7,
    8,
    9,
    10,
    11,
    12,
    13,
    14,
    15,
    16,
    17,
    18,
    19,
    20,
    21,
    22,
    23
  ],
  "lr": 1e-05,
  "max_steps": 500,
  "ppl_before": 332.00129611284166,
  "ppl_after": 35.926409519479684,
  "losses": [
    6.3123884201049805,
    5.47892951965332,
    5.69808292388916,
    6.174951553344727,
    5.314477443695068,
    5.533180236816406,
    5.224043846130371,
    4.976805210113525,
    4.592064380645752,
    4.962737560272217,
    5.057943344116211,
    4.699660301208496,
    4.862136363983154,
    5.200175762176514,
    4.853811740875244,
    4.955474376678467,
    4.970760345458984,
    5.045243263244629,
    4.655946254730225,
    4.5589799880981445,
    4.492924690246582,
    4.494656085968018,
    4.254380226135254,
    4.682304859161377,
    4.557002544403076,
    4.5826826095581055,
    4.978551387786865,
    4.785780429840088,
    4.422445297241211,
    4.710956573486328,
    4.799618244171143,
    4.562062740325928,
    4.303128719329834,
    4.238560676574707,
    4.092595100402832,
    4.412675380706787,
    4.586821556091309,
    4.535547733306885,
    4.7114410400390625,
    4.8122477531433105,
    4.605462074279785,
    4.573899269104004,
    4.6183295249938965,
    4.722015857696533,
    4.831438064575195,
    4.483884811401367,
    4.210255146026611,
    3.6966843605041504,
    3.631192684173584,
    4.046633720397949,
    4.5073747634887695,
    4.127957820892334,
    3.8278932571411133,
    4.428102016448975,
    4.460442543029785,
    4.656041145324707,
    4.519093036651611,
    4.260555744171143,
    4.247987747192383,
    4.4058074951171875,
    3.935228109359741,
    4.257343292236328,
    4.19871711730957,
    4.097597122192383,
    4.191291809082031,
    4.113821029663086,
    4.107755184173584,
    4.291658878326416,
    4.301117420196533,
    4.171444892883301,
    3.882211923599243,
    3.634721517562866,
    3.633279800415039,
    3.8698103427886963,
    3.859226703643799,
    3.9995574951171875,
    4.114546775817871,
    4.034674167633057,
    4.319625377655029,
    4.384496212005615,
    4.304769039154053,
    4.2777276039123535,
    4.226999759674072,
    4.522732257843018,
    4.28203010559082,
    3.9839327335357666,
    4.114006519317627,
    4.439643859863281,
    4.03904390335083,
    3.6922950744628906,
    3.631995677947998,
    3.7124080657958984,
    3.7595787048339844,
    3.8874173164367676,
    4.2315239906311035,
    4.336414813995361,
    3.9954967498779297,
    3.6985156536102295,
    3.8917834758758545,
    4.199423789978027,
    4.251257419586182,
    4.242028713226318,
    4.150659561157227,
    3.981309652328491,
    3.810612916946411,
    4.244923114776611,
    3.8746755123138428,
    3.6340644359588623,
    3.974792957305908,
    4.526098728179932,
    4.5394086837768555,
    4.5255913734436035,
    4.460098743438721,
    4.412364959716797,
    4.460833549499512,
    4.2908430099487305,
    4.186367034912109,
    4.2647552490234375,
    3.893226385116577,
    3.5555970668792725,
    3.684323310852051,
    3.7285828590393066,
    3.7939839363098145,
    3.689584970474243,
    3.5852465629577637,
    3.7141788005828857,
    3.5396130084991455,
    3.668522357940674,
    3.956360101699829,
    4.130348205566406,
    3.658637523651123,
    3.6280879974365234,
    3.679410696029663,
    3.9805665016174316,
    3.9320545196533203,
    3.829587936401367,
    4.037395477294922,
    3.8926286697387695,
    3.9270901679992676,
    3.9854443073272705,
    3.9497721195220947,
    4.0562639236450195,
    4.013023376464844,
    3.9913856983184814,
    4.018214702606201,
    4.0386881828308105,
    4.28339958190918,
    4.037062168121338,
    3.8956892490386963,
    3.7466917037963867,
    3.717825412750244,
    3.8265326023101807,
    3.7644762992858887,
    3.9858882427215576,
    4.14863395690918,
    4.037477016448975,
    3.630333423614502,
    3.915616750717163,
    4.061179161071777,
    4.000404357910156,
    3.6930508613586426,
    3.7122886180877686,
    3.8248438835144043,
    3.8287253379821777,
    3.6723055839538574,
    3.7949161529541016,
    4.009711742401123,
    3.921834945678711,
    3.50264835357666,
    3.6005442142486572,
    3.7420756816864014,
    3.781510353088379,
    3.912642478942871,
    4.075408935546875,
    3.7611637115478516,
    3.841526746749878,
    4.002406597137451,
    3.7392261028289795,
    3.673222541809082,
    3.7328619956970215,
    3.9258711338043213,
    3.7933428287506104,
    3.878856658935547,
    4.0593061447143555,
    3.992279052734375,
    4.103960037231445,
    4.167150974273682,
    4.470274448394775,
    4.744510650634766,
    4.857835292816162,
    4.478307247161865,
    4.0964674949646,
    3.7399611473083496,
    3.6633682250976562,
    3.908958673477173,
    3.8882791996002197,
    3.626457691192627,
    3.7053370475769043,
    3.913102626800537,
    3.9733006954193115,
    3.828467845916748,
    3.672661542892456,
    3.939417839050293,
    3.990792989730835,
    3.964456558227539,
    3.9552743434906006,
    3.9263126850128174,
    3.868699550628662,
    3.4779136180877686,
    3.8235409259796143,
    4.022231101989746,
    3.4381067752838135,
    3.226182460784912,
    3.1901447772979736,
    3.370622158050537,
    3.7155044078826904,
    3.6588268280029297,
    3.5511248111724854,
    3.7600369453430176,
    3.844334840774536,
    3.904264450073242,
    4.063437461853027,
    3.596662759780884,
    3.1940884590148926,
    3.321765422821045,
    3.3147785663604736,
    3.521108388900757,
    3.5844290256500244,
    3.510962963104248,
    3.4668357372283936,
    3.625138998031616,
    3.6859822273254395,
    4.0399651527404785,
    4.025329113006592,
    4.068439960479736,
    3.690155267715454,
    3.9345755577087402,
    3.777540683746338,
    3.735211133956909,
    3.983330011367798,
    3.8007991313934326,
    3.762329339981079,
    3.9880588054656982,
    3.9244678020477295,
    4.027721881866455,
    4.075630187988281,
    4.41355562210083,
    4.271851062774658,
    3.7576074600219727,
    3.8509175777435303,
    3.902082920074463,
    3.876744031906128,
    3.96927547454834,
    4.033246994018555,
    3.888845920562744,
    3.802929401397705,
    3.734692335128784,
    3.9573988914489746,
    3.792053461074829,
    3.7752254009246826,
    3.8141911029815674,
    3.747309923171997,
    4.045833110809326,
    3.990185260772705,
    3.8170785903930664,
    3.502469778060913,
    3.5991663932800293,
    3.617994546890259,
    3.5244410037994385,
    3.5428953170776367,
    3.7404439449310303,
    3.7912418842315674,
    3.977126121520996,
    3.6843161582946777,
    3.6411490440368652,
    3.903538703918457,
    3.7481091022491455,
    3.676949977874756,
    3.494070529937744,
    3.6072168350219727,
    3.6086854934692383,
    3.632166862487793,
    3.688225746154785,
    3.816800355911255,
    3.6406655311584473,
    3.4769186973571777,
    3.370544195175171,
    3.6944546699523926,
    3.774604320526123,
    3.6468992233276367,
    3.814767599105835,
    3.696897029876709,
    3.3854830265045166,
    3.5880849361419678,
    3.8107552528381348,
    3.741236925125122,
    3.7822723388671875,
    3.90830135345459,
    3.8980002403259277,
    3.9320216178894043,
    3.5816640853881836,
    3.4797585010528564,
    3.4169468879699707,
    3.581761121749878,
    3.524718761444092,
    3.377255439758301,
    3.6690456867218018,
    3.98287034034729,
    4.034451007843018,
    3.639366626739502,
    3.2555630207061768,
    3.581913948059082,
    3.732198715209961,
    4.031055450439453,
    4.295834541320801,
    4.276857852935791,
    3.977813720703125,
    3.9696338176727295,
    4.142262935638428,
    4.109542369842529,
    4.137155532836914,
    3.9776551723480225,
    3.960869073867798,
    3.835963726043701,
