{
  "name": "hat_d2d002_l20_23",
  "seed": 42,
  "n_states": 256,
  "sigma_c2c": 0.0,
  "sigma_d2d": 0.02,
  "analog_layers": [
    20,
    21,
    22,
    23
  ],
  "lr": 1e-05,
  "max_steps": 200,
  "ppl_before": 29.455142636456014,
  "ppl_after": 20.78389696838783,
  "losses": [
    3.407231330871582,
    3.5723884105682373,
    3.76271653175354,
    3.882802963256836,
    3.702636957168579,
    3.703756809234619,
    3.5091073513031006,
    3.128087043762207,
    3.2617008686065674,
    3.4878973960876465,
    3.4433512687683105,
    3.104269504547119,
    3.4491443634033203,
    3.615950584411621,
    3.513836622238159,
    3.4186317920684814,
    3.3276617527008057,
    3.0569095611572266,
    3.0555574893951416,
    3.1712725162506104,
    3.3508150577545166,
    3.3879950046539307,
    3.1404428482055664,
    3.3257064819335938,
    3.569634437561035,
    3.2181484699249268,
    3.67429780960083,
    3.59676194190979,
    3.1402382850646973,
    3.354519844055176,
    3.597714900970459,
    3.42036509513855,
    3.19417405128479,
    3.0419464111328125,
    2.9308297634124756,
    3.209601640701294,
    3.370695114135742,
    3.371410369873047,
    3.350163221359253,
    3.4636635780334473,
    3.565537691116333,
    3.420797348022461,
    3.484431743621826,
    3.6030280590057373,
    3.6330008506774902,
    3.399153709411621,
    2.938990592956543,
    2.3660056591033936,
    2.2981693744659424,
    2.849806308746338,
    3.186992645263672,
    2.9134154319763184,
    2.7474687099456787,
    3.1821908950805664,
    3.135631561279297,
    3.1213161945343018,
    3.3338799476623535,
    3.1753225326538086,
    2.8611810207366943,
    2.9579968452453613,
    2.9108893871307373,
    2.8685457706451416,
    2.858259677886963,
    2.8140101432800293,
    2.7544379234313965,
    2.824220657348633,
    2.978139638900757,
    3.233258008956909,
    3.2076833248138428,
    3.017179012298584,
    2.818557024002075,
    2.6035614013671875,
    2.6561439037323,
    2.993461847305298,
    2.870133638381958,
    2.9710278511047363,
    2.840261459350586,
    2.758641004562378,
    3.145825147628784,
    3.473680257797241,
    3.4289534091949463,
    3.418179988861084,
    3.448213815689087,
    3.6119301319122314,
    3.2543296813964844,
    2.9671711921691895,
    3.085498332977295,
    3.3540966510772705,
    3.081615447998047,
    2.636653184890747,
    2.543757915496826,
    2.7837352752685547,
    2.9418931007385254,
    2.92728590965271,
    3.185842275619507,
    3.422811269760132,
    3.0008907318115234,
    2.8017466068267822,
    3.0177342891693115,
    3.384143114089966,
    3.307232618331909,
    3.2083232402801514,
    3.096158742904663,
    3.056901454925537,
    3.042066812515259,
    3.3353018760681152,
    2.7398645877838135,
    2.6405725479125977,
    2.916020393371582,
    3.2649717330932617,
    3.3627617359161377,
    3.3552799224853516,
    3.2201268672943115,
    3.3595237731933594,
    3.4636623859405518,
    3.192805290222168,
    3.1162161827087402,
    3.2994062900543213,
    2.8466732501983643,
    2.573122262954712,
    2.6841609477996826,
    2.8104050159454346,
    2.87890362739563,
    2.8054401874542236,
    2.7573375701904297,
    2.890965700149536,
    2.8058106899261475,
    2.8559651374816895,
    3.038303852081299,
    3.0799689292907715,
    2.6377649307250977,
    2.6754889488220215,
    2.7867422103881836,
    2.9103121757507324,
    2.8687570095062256,
    2.9720511436462402,
    3.2311723232269287,
    3.257798194885254,
    3.1981475353240967,
    3.125178337097168,
    3.1932811737060547,
    3.2820019721984863,
    3.33225154876709,
    3.3073792457580566,
    3.2003042697906494,
    3.374509811401367,
    3.4696550369262695,
    3.3406522274017334,
    3.24983549118042,
    3.1215078830718994,
    3.045097589492798,
    3.050874948501587,
    3.00378155708313,
    3.1565322875976562,
    3.3147292137145996,
    3.1937201023101807,
    2.9168918132781982,
    3.196157693862915,
    3.3748457431793213,
    3.153456449508667,
    2.9456379413604736,
    3.0071804523468018,
    3.2391836643218994,
    3.0716683864593506,
    3.022550106048584,
    3.0239923000335693,
    3.252159595489502,
    3.1998796463012695,
    2.9151432514190674,
    3.089226484298706,
    3.1440255641937256,
    3.192446708679199,
    3.238990068435669,
    3.4448091983795166,
    3.190579652786255,
    3.133535861968994,
    3.291818618774414,
    3.1959714889526367,
    3.0019829273223877,
    2.954145908355713,
    2.971714973449707,
    2.948030948638916,
    3.1723928451538086,
    3.2828369140625,
    3.3219354152679443,
    3.27099609375,
    3.4001693725585938,
    3.671738624572754,
    3.700819969177246,
    3.8488168716430664,
    3.6577086448669434,
    3.3963100910186768,
    3.0627477169036865,
    2.906881093978882,
    3.0725653171539307,
    2.9986941814422607,
    2.8223562240600586,
    2.946589469909668,
    2.979825973510742,
    3.065627098083496
  ]
}