{
  "name": "hat_combined_last4_500_ctx512",
  "seed": 42,
  "n_states": 256,
  "sigma_c2c": 0.01,
  "sigma_d2d": 0.02,
  "analog_layers": [
    20,
    21,
    22,
    23
  ],
  "lr": 1e-05,
  "max_steps": 500,
  "ppl_before": 29.99252457049765,
  "ppl_after": 19.502649461310973,
  "losses": [
    3.379943370819092,
    3.5697858333587646,
    3.66007924079895,
    3.953758955001831,
    3.623344898223877,
    3.6725645065307617,
    3.4838852882385254,
    3.107924222946167,
    3.1982815265655518,
    3.3972134590148926,
    3.4435794353485107,
    3.199100971221924,
    3.4420413970947266,
    3.689443588256836,
    3.4106082916259766,
    3.4962635040283203,
    3.3416662216186523,
    2.992199659347534,
    2.9930174350738525,
    3.150714874267578,
    3.3724300861358643,
    3.4088664054870605,
    3.1660313606262207,
    3.384171724319458,
    3.2204062938690186,
    3.2627675533294678,
    3.720258951187134,
    3.610501527786255,
    3.1050689220428467,
    3.384943962097168,
    3.571746826171875,
    3.391880512237549,
    3.202877998352051,
    3.0495078563690186,
    2.9500350952148438,
    3.152716636657715,
    3.3102927207946777,
    3.328922986984253,
    3.3657474517822266,
    3.3986880779266357,
    3.5612854957580566,
    3.4229111671447754,
    3.5034737586975098,
    3.621894598007202,
    3.5670759677886963,
    3.325434684753418,
    2.926098346710205,
    2.36366868019104,
    2.2917282581329346,
    2.898780345916748,
    3.1510353088378906,
    2.973459243774414,
    2.737675666809082,
    3.131821870803833,
    3.115145683288574,
    3.1080892086029053,
    3.2673957347869873,
    3.1256392002105713,
    2.846506118774414,
    2.8818256855010986,
    2.872891426086426,
    2.831298589706421,
    2.8136234283447266,
    2.7403223514556885,
    2.7257778644561768,
    2.7582528591156006,
    2.941970109939575,
    3.239062786102295,
    3.1314809322357178,
    3.0159714221954346,
    2.860891819000244,
    2.5858397483825684,
    2.6311488151550293,
    2.9569289684295654,
    2.876556396484375,
    2.8518993854522705,
    2.78674578666687,
    2.679464101791382,
    3.101973295211792,
    3.5064475536346436,
    3.397387742996216,
    3.413344383239746,
    3.4661097526550293,
    3.576908826828003,
    3.2180216312408447,
    2.885637044906616,
    3.0424575805664062,
    3.3015975952148438,
    3.0498440265655518,
    2.6216588020324707,
    2.4608404636383057,
    2.712571859359741,
    2.85369610786438,
    2.861659049987793,
    3.2071144580841064,
    3.3842127323150635,
    3.025320053100586,
    2.7349774837493896,
    2.9721860885620117,
    3.335573673248291,
    3.280035972595215,
    3.2569572925567627,
    3.120227813720703,
    2.9736011028289795,
    2.9821014404296875,
    3.3069682121276855,
    2.7218925952911377,
    2.591168165206909,
    2.88519024848938,
    3.168098211288452,
    3.207289218902588,
    3.1690256595611572,
    3.1014957427978516,
    3.292172908782959,
    3.3850667476654053,
    3.155762195587158,
    3.0584158897399902,
    3.265622615814209,
    2.779888391494751,
    2.469430446624756,
    2.7206854820251465,
    2.7342000007629395,
    2.8617804050445557,
    2.7804040908813477,
    2.7508981227874756,
    2.8464884757995605,
    2.771918773651123,
    2.833003044128418,
    3.036802291870117,
    3.002917528152466,
    2.571793556213379,
    2.615696907043457,
    2.739508628845215,
    2.928785562515259,
    2.8419511318206787,
    2.9872946739196777,
    3.208909034729004,
    3.1503922939300537,
    3.1549904346466064,
    3.1328203678131104,
    3.1858367919921875,
    3.1961207389831543,
    3.2036290168762207,
    3.2264087200164795,
    3.136359691619873,
    3.3020174503326416,
    3.4853873252868652,
    3.3301005363464355,
    3.228184700012207,
    3.0836284160614014,
    3.0840823650360107,
    3.041846752166748,
    2.9978909492492676,
    3.1669578552246094,
    3.281409502029419,
    3.1737661361694336,
    2.9224722385406494,
    3.203990936279297,
    3.372873306274414,
    3.158489942550659,
    2.952099323272705,
    3.0424282550811768,
    3.1967172622680664,
    3.067727565765381,
    2.979037046432495,
    3.0083272457122803,
    3.1962063312530518,
    3.157517433166504,
    2.910212755203247,
    3.035074472427368,
    3.185885190963745,
    3.19572377204895,
    3.281240701675415,
    3.3714990615844727,
    3.154895067214966,
    3.1004199981689453,
    3.303219795227051,
    3.1512467861175537,
    2.9718494415283203,
    2.955305814743042,
    2.9369800090789795,
    2.9090168476104736,
    3.1485440731048584,
    3.2495172023773193,
    3.2671258449554443,
    3.241868019104004,
    3.3833587169647217,
    3.628952741622925,
    3.6640048027038574,
    3.8185691833496094,
    3.6481106281280518,
    3.415855646133423,
    3.0572593212127686,
    2.916416645050049,
    3.0694637298583984,
    3.0294594764709473,
    2.741074800491333,
    2.9683613777160645,
    2.9985756874084473,
    3.0956850051879883,
    3.1683199405670166,
    3.036055564880371,
    3.1780991554260254,
    3.172858476638794,
    3.212963342666626,
    3.0843935012817383,
    3.0914993286132812,
    3.1074352264404297,
    2.6302928924560547,
    3.080981492996216,
    3.4493043422698975,
    2.900970458984375,
    2.674960136413574,
    2.572429656982422,
    2.763906955718994,
    3.072050094604492,
    2.9587180614471436,
    3.0027265548706055,
    3.1513583660125732,
    3.132511615753174,
    3.299513339996338,
    3.3587632179260254,
    2.8238184452056885,
    2.462381601333618,
    2.3272194862365723,
    2.4637720584869385,
    2.600041627883911,
    2.6663107872009277,
    2.623775005340576,
    2.622495651245117,
    2.889901876449585,
    3.077336072921753,
    2.9578676223754883,
    3.0393881797790527,
    3.2072646617889404,
    2.942384719848633,
    3.291435718536377,
    2.9731717109680176,
    2.9519171714782715,
    3.2777516841888428,
    3.079484701156616,
    3.106656789779663,
    3.274340867996216,
    3.382905960083008,
    3.3179264068603516,
    3.38159441947937,
    3.539173126220703,
    3.5669891834259033,
    3.2360360622406006,
    3.3802127838134766,
    3.38079571723938,
    3.3449108600616455,
    3.3544211387634277,
    3.4268367290496826,
    3.2689099311828613,
    3.2343297004699707,
    3.2178432941436768,
    3.4232921600341797,
    3.2541444301605225,
    3.1448519229888916,
    3.0342164039611816,
    2.7867681980133057,
    3.209646463394165,
    3.0825793743133545,
    3.0781872272491455,
    2.8178231716156006,
    2.803884744644165,
    2.7635583877563477,
    2.7892563343048096,
    2.8479983806610107,
    2.9163756370544434,
    2.8802435398101807,
    3.1034295558929443,
    2.8844003677368164,
    2.811103343963623,
    2.8135318756103516,
    2.8781464099884033,
    2.9827277660369873,
    2.8877854347229004,
    2.9674582481384277,
    3.0082080364227295,
    2.9195563793182373,
    3.0285489559173584,
    3.0358171463012695,
    2.8809103965759277,
    2.9276187419891357,
    2.7444570064544678,
    3.001277446746826,
    2.972405433654785,
    2.9315502643585205,
    3.1477644443511963,
    3.01436448097229,
    2.7799270153045654,
    2.8794822692871094,
    2.9184067249298096,
    3.0563762187957764,
    3.0507330894470215,
    3.1887903213500977,
    3.2907683849334717,
    3.2153403759002686,
    2.927307605743408,
    2.8635940551757812,
    2.9466612339019775,
    3.081094980239868,
    3.0075435638427734,
    2.8863143920898438,
    3.150012969970703,
    3.293759822845459,
    3.2455573081970215,
    2.7847495079040527,
    2.456937074661255,
    2.8209986686706543,
    2.8884084224700928,
    3.155916690826416,
    3.527564764022827,
    3.473388433456421,
    3.1932904720306396,
    3.2687270641326904,
    3.3963139057159424,
    3.3859081268310547,
    3.2208127975463867,
    3.020556926727295,
    3.0286705493927,
    3.137511730194092,
    3.105471611022949,
    3.1741838455200195,
    3.257849931716919,
