{
  "name": "hat_d2d003_500_v2",
  "seed": 42,
  "n_states": 256,
  "sigma_c2c": 0.0,
  "sigma_d2d": 0.03,
  "analog_layers": [
    0,
    1,
    2,
    3,
    4,
    5,
    6,
    7,
    8,
    9,
    10,
    11,
    12,
    13,
    14,
    15,
    16,
    17,
    18,
    19,
    20,
    21,
    22,
    23
  ],
  "lr": 1e-05,
  "max_steps": 500,
  "retention_step_time": 0.0,
  "ppl_before": 197.3855846731457,
  "ppl_after": 30.380939963067036,
  "losses": [
    5.509670734405518,
    5.243417263031006,
    5.355769157409668,
    5.953287601470947,
    5.143989562988281,
    4.947788238525391,
    4.7147088050842285,
    4.465714931488037,
    4.279636859893799,
    4.681843280792236,
    4.69630241394043,
    4.2832865715026855,
    4.6097259521484375,
    4.814310073852539,
    4.446438312530518,
    4.621647357940674,
    4.419536590576172,
    4.536009788513184,
    4.46746301651001,
    4.177785396575928,
    4.207607269287109,
    4.1833367347717285,
    3.955451726913452,
    4.387658596038818,
    4.345605373382568,
    4.269911289215088,
    4.552883625030518,
    4.448455333709717,
    4.086638927459717,
    4.451451301574707,
    4.631126880645752,
    4.161801815032959,
    4.0619354248046875,
    3.9063446521759033,
    3.7721896171569824,
    4.082529544830322,
    4.3481011390686035,
    4.176843166351318,
    4.345613479614258,
    4.3855204582214355,
    4.401095867156982,
    4.20330286026001,
    4.267624855041504,
    4.437273025512695,
    4.5489983558654785,
    4.367502689361572,
    4.073750019073486,
    3.6407902240753174,
    3.367295265197754,
    3.695359945297241,
    3.9519286155700684,
    3.6269872188568115,
    3.451995611190796,
    3.9602017402648926,
    4.148974895477295,
    4.195395469665527,
    4.03080940246582,
    4.066775321960449,
    4.066806793212891,
    4.005593299865723,
    3.6988625526428223,
    3.9319357872009277,
    3.7783660888671875,
    3.6904008388519287,
    3.7781670093536377,
    3.894399881362915,
    3.748671531677246,
    4.0278472900390625,
    4.041533946990967,
    3.9247560501098633,
    3.6999459266662598,
    3.2790307998657227,
    3.334059953689575,
    3.6463680267333984,
    3.6417393684387207,
    3.7073781490325928,
    3.8364367485046387,
    3.753446102142334,
    3.902379035949707,
    4.114256858825684,
    4.089202880859375,
    4.097352504730225,
    3.924192190170288,
    4.215898036956787,
    3.8697354793548584,
    3.5552194118499756,
    3.8669891357421875,
    4.1596808433532715,
    3.809107780456543,
    3.367943048477173,
    3.2440237998962402,
    3.4267771244049072,
    3.528575897216797,
    3.753758668899536,
    3.967750310897827,
    4.1770524978637695,
    3.741269826889038,
    3.453850746154785,
    3.6744167804718018,
    3.990522861480713,
    3.9856088161468506,
    3.961613655090332,
    3.930495023727417,
    3.696117639541626,
    3.6705901622772217,
    4.117225170135498,
    3.643409490585327,
    3.3712053298950195,
    3.7005786895751953,
    4.177423477172852,
    4.301294326782227,
    4.136767864227295,
    4.077141284942627,
    4.140153884887695,
    4.374931812286377,
    4.074268817901611,
    3.8950984477996826,
    4.016223907470703,
    3.5371434688568115,
    3.3763108253479004,
    3.344574213027954,
    3.4100911617279053,
    3.5037899017333984,
    3.472982168197632,
    3.328761577606201,
    3.5174901485443115,
    3.4084737300872803,
    3.4362614154815674,
    3.7678797245025635,
    3.872462034225464,
    3.481511354446411,
    3.543921709060669,
    3.5270586013793945,
    3.712085723876953,
    3.6917128562927246,
    3.7468369007110596,
    3.7721943855285645,
    3.7888128757476807,
    3.75136661529541,
    3.597928285598755,
    3.780425786972046,
    3.818478584289551,
    3.77949595451355,
    3.787731885910034,
    3.6643080711364746,
    3.8864896297454834,
    4.010724067687988,
    3.9263722896575928,
    3.7367641925811768,
    3.5953338146209717,
    3.479038715362549,
    3.606647491455078,
    3.619805097579956,
    3.6975271701812744,
    3.8581035137176514,
    3.7733733654022217,
    3.5325815677642822,
    3.765571355819702,
    4.039967060089111,
    3.8346240520477295,
    3.468134641647339,
    3.5334715843200684,
    3.6381115913391113,
    3.5656180381774902,
    3.5400943756103516,
    3.5190281867980957,
    3.7933714389801025,
    3.6610660552978516,
    3.3731212615966797,
    3.4931483268737793,
    3.596128225326538,
    3.559453010559082,
    3.7498486042022705,
    3.9258108139038086,
    3.6074864864349365,
    3.706798791885376,
    3.7848737239837646,
    3.6167097091674805,
    3.4514880180358887,
    3.4964160919189453,
    3.741948127746582,
    3.5050764083862305,
    3.7183241844177246,
    3.8182342052459717,
    3.8167715072631836,
    3.8386635780334473,
    3.876067638397217,
    4.220975875854492,
    4.40239143371582,
    4.4649224281311035,
    4.253197193145752,
    3.868861675262451,
    3.6341707706451416,
    3.4948015213012695,
    3.596687078475952,
    3.730527877807617,
    3.38155198097229,
    3.5594418048858643,
    3.5489120483398438,
    3.737694263458252,
    3.756160259246826,
    3.5066113471984863,
    3.711500644683838,
    3.746201276779175,
    3.8140103816986084,
    3.6680119037628174,
    3.730607271194458,
    3.608981132507324,
    3.287834405899048,
    3.606844663619995,
    3.9034829139709473,
    3.269854784011841,
    3.1025643348693848,
    3.116536855697632,
    3.207582950592041,
    3.4686076641082764,
    3.417682409286499,
    3.436936378479004,
    3.600675582885742,
    3.6047730445861816,
    3.6883857250213623,
    3.811857223510742,
    3.341322660446167,
    3.0556325912475586,
    2.92999005317688,
    3.079538583755493,
    3.1985561847686768,
    3.3189873695373535,
    3.1950502395629883,
    3.137573719024658,
    3.4134397506713867,
    3.6098763942718506,
    3.669523000717163,
    3.7549188137054443,
    3.914616823196411,
    3.4545297622680664,
    3.656127452850342,
    3.5830256938934326,
    3.637430429458618,
    3.720629930496216,
    3.5297768115997314,
    3.570516347885132,
    3.7071125507354736,
    3.797558307647705,
    3.8470468521118164,
    3.8513550758361816,
    4.114077568054199,
    3.993784189224243,
    3.670694351196289,
    3.774494171142578,
    3.6938021183013916,
    3.699357748031616,
    3.7606544494628906,
    3.873133420944214,
    3.7123210430145264,
    3.5626959800720215,
    3.5706310272216797,
    3.8229315280914307,
    3.669524669647217,
    3.588160276412964,
    3.557447910308838,
    3.3723063468933105,
    3.769021511077881,
    3.6521360874176025,
    3.5967307090759277,
    3.2976551055908203,
    3.3239643573760986,
    3.3129844665527344,
    3.289975166320801,
    3.367851734161377,
    3.508121967315674,
    3.4642484188079834,
    3.7225430011749268,
    3.4961047172546387,
    3.3226406574249268,
    3.548776626586914,
    3.5673091411590576,
    3.525712728500366,
    3.35125470161438,
    3.455798625946045,
    3.4098219871520996,
    3.3907217979431152,
    3.4926209449768066,
    3.537912607192993,
    3.376420497894287,
    3.3458852767944336,
    3.24284291267395,
    3.5199666023254395,
    3.5024161338806152,
    3.4242911338806152,
    3.719266176223755,
    3.505729913711548,
    3.2673418521881104,
    3.390343427658081,
    3.594703435897827,
    3.553870439529419,
    3.5166947841644287,
    3.6499838829040527,
    3.6855359077453613,
    3.698930025100708,
    3.425584077835083,
    3.239243984222412,
    3.3204843997955322,
    3.509502649307251,
    3.4494388103485107,
    3.238278388977051,
    3.5962812900543213,
    3.806964874267578,
    3.787282943725586,
    3.3789191246032715,
    2.993196487426758,
    3.375600814819336,
    3.510378122329712,
    3.7600574493408203,
    4.004117012023926,
    4.104919910430908,
    3.650099515914917,
    3.833815097808838,
    3.876281261444092,
    3.9811484813690186,
    3.9707858562469482,
