{
  "name": "hat_combined_last1_500_v2",
  "train_seed": 42,
  "d2d_seed": 42,
  "n_states": 256,
  "sigma_c2c": 0.01,
  "sigma_d2d": 0.02,
  "analog_layers": [
    23
  ],
  "lr": 1e-05,
  "max_steps": 500,
  "retention_step_time": 0.0,
  "ppl_before": 23.301738691200025,
  "ppl_after": 18.330410763600423,
  "losses": [
    3.0985708236694336,
    3.3081188201904297,
    3.5535857677459717,
    3.7286016941070557,
    3.437566041946411,
    3.476344585418701,
    3.3520591259002686,
    2.9824070930480957,
    3.030158758163452,
    3.2447292804718018,
    3.2561423778533936,
    2.947995185852051,
    3.2479193210601807,
    3.5287177562713623,
    3.2335827350616455,
    3.2533257007598877,
    3.1026973724365234,
    2.830691337585449,
    2.8546791076660156,
    3.0017566680908203,
    3.2128384113311768,
    3.212831735610962,
    2.9520175457000732,
    3.190061092376709,
    3.092817544937134,
    3.1129941940307617,
    3.5355257987976074,
    3.4425599575042725,
    2.948225498199463,
    3.2232043743133545,
    3.4416756629943848,
    3.254171133041382,
    3.0615615844726562,
    2.940561532974243,
    2.7720823287963867,
    3.025205612182617,
    3.080568552017212,
    3.261559247970581,
    3.2270450592041016,
    3.2698888778686523,
    3.44808292388916,
    3.2964487075805664,
    3.3212931156158447,
    3.418092727661133,
    3.442655563354492,
    3.270893096923828,
    2.8418521881103516,
    2.2811615467071533,
    2.2206413745880127,
    2.745360851287842,
    2.988304615020752,
    2.8041417598724365,
    2.6553516387939453,
    3.019984722137451,
    2.975323438644409,
    2.9738879203796387,
    3.1707820892333984,
    3.024061679840088,
    2.695695400238037,
    2.7184765338897705,
    2.704883575439453,
    2.6878018379211426,
    2.654308795928955,
    2.6361708641052246,
    2.5508716106414795,
    2.61712908744812,
    2.8163912296295166,
    3.132925033569336,
    2.996821403503418,
    2.852170944213867,
    2.729081630706787,
    2.4489448070526123,
    2.478309154510498,
    2.7819595336914062,
    2.745682716369629,
    2.7047860622406006,
    2.580979585647583,
    2.5350019931793213,
    3.018010377883911,
    3.4328572750091553,
    3.2972002029418945,
    3.339125633239746,
    3.3681833744049072,
    3.512317180633545,
    3.1036946773529053,
    2.8107426166534424,
    2.9470157623291016,
    3.199976921081543,
    2.9302029609680176,
    2.5562307834625244,
    2.3481123447418213,
    2.631110191345215,
    2.8307602405548096,
    2.830888509750366,
    3.082486152648926,
    3.2277705669403076,
    2.870222806930542,
    2.5976481437683105,
    2.839982271194458,
    3.223522663116455,
    3.1822474002838135,
    3.099069356918335,
    2.9801406860351562,
    2.8987979888916016,
    2.923694372177124,
    3.1532764434814453,
    2.602088212966919,
    2.4633777141571045,
    2.791536808013916,
    3.0244948863983154,
    3.101597309112549,
    3.0141119956970215,
    3.024444341659546,
    3.17447566986084,
    3.2482242584228516,
    2.998018741607666,
    2.9720458984375,
    3.125673770904541,
    2.6294469833374023,
    2.381849527359009,
    2.604870557785034,
    2.6401212215423584,
    2.713454484939575,
    2.609426736831665,
    2.5945444107055664,
    2.7596182823181152,
    2.6757664680480957,
    2.673041582107544,
    2.9183237552642822,
    2.905275344848633,
    2.4570188522338867,
    2.5107579231262207,
    2.6714882850646973,
    2.8526694774627686,
    2.7429885864257812,
    2.903437614440918,
    3.164393186569214,
    3.0942530632019043,
    3.0562806129455566,
    3.047848701477051,
    3.09721302986145,
    3.1278679370880127,
    3.0940325260162354,
    3.1905922889709473,
    3.038417100906372,
    3.2897651195526123,
    3.4146432876586914,
    3.221510648727417,
    3.159259080886841,
    3.0562779903411865,
    2.972716808319092,
    2.970707893371582,
    2.939487934112549,
    3.0613296031951904,
    3.2126808166503906,
    3.0968339443206787,
    2.839899778366089,
    3.173480987548828,
    3.3098948001861572,
    3.059711456298828,
    2.8329169750213623,
    2.909839630126953,
    3.1542904376983643,
    2.9812188148498535,
    2.896632432937622,
    2.9392640590667725,
    3.136960744857788,
    3.093937873840332,
    2.8367910385131836,
    2.9949212074279785,
    3.0952844619750977,
    3.1117312908172607,
    3.140794515609741,
    3.3091819286346436,
    3.099966049194336,
    3.044456958770752,
    3.2365562915802,
    3.068159580230713,
    2.89253306388855,
    2.8349382877349854,
    2.8359811305999756,
    2.803835868835449,
    2.994755744934082,
    3.215799331665039,
    3.195967674255371,
    3.148860454559326,
    3.274001121520996,
    3.586644172668457,
    3.58933424949646,
    3.739065647125244,
    3.537684202194214,
    3.279339075088501,
    2.9120984077453613,
    2.7896289825439453,
    3.0430750846862793,
    2.9147307872772217,
    2.714459180831909,
    2.88578200340271,
    2.9334723949432373,
    2.9979195594787598,
    3.0951695442199707,
    2.9535510540008545,
    3.0759780406951904,
    3.065535545349121,
    3.1489815711975098,
    3.0126452445983887,
    3.0642282962799072,
    3.0370726585388184,
    2.6292901039123535,
    3.045084238052368,
    3.3428585529327393,
    2.8257815837860107,
    2.6229515075683594,
    2.5332159996032715,
    2.677135705947876,
    2.9834322929382324,
    2.8557722568511963,
    2.901663303375244,
    3.0814759731292725,
    3.0546717643737793,
    3.234865427017212,
    3.255713701248169,
    2.7740538120269775,
    2.4034907817840576,
    2.2497670650482178,
    2.3596720695495605,
    2.597602367401123,
    2.5899975299835205,
    2.522085666656494,
    2.5696637630462646,
    2.7907979488372803,
    2.952012062072754,
    2.8597540855407715,
    2.977315902709961,
    3.1421499252319336,
    2.870798110961914,
    3.1686694622039795,
    2.89679217338562,
    2.8829801082611084,
    3.2074995040893555,
    2.973804473876953,
    3.0168328285217285,
    3.17708158493042,
    3.320967197418213,
    3.2238266468048096,
    3.3091344833374023,
    3.501356840133667,
    3.574420928955078,
    3.210982322692871,
    3.303435802459717,
    3.3132755756378174,
    3.267604351043701,
    3.2925076484680176,
    3.3302900791168213,
    3.1605875492095947,
    3.1471030712127686,
    3.140209436416626,
    3.345557928085327,
    3.1864125728607178,
    3.09264874458313,
    2.9533891677856445,
    2.7122602462768555,
    3.1032016277313232,
    2.9932143688201904,
    3.01310133934021,
    2.762511968612671,
    2.7219061851501465,
    2.682760000228882,
    2.698587656021118,
    2.766101121902466,
    2.862349033355713,
    2.826540231704712,
    3.0104873180389404,
    2.8317084312438965,
    2.717421531677246,
    2.786057233810425,
    2.8417201042175293,
    2.886082172393799,
    2.8136403560638428,
    2.9224607944488525,
    2.8970463275909424,
    2.883669853210449,
    2.9496254920959473,
    2.9465198516845703,
    2.8089869022369385,
    2.828176259994507,
    2.7026820182800293,
    2.9180545806884766,
    2.894183397293091,
    2.890394449234009,
    3.0358080863952637,
    2.977180242538452,
    2.744889736175537,
    2.809596061706543,
    2.8828647136688232,
    2.985880136489868,
    3.026355743408203,
    3.1360273361206055,
    3.303607702255249,
    3.129824638366699,
    2.864182472229004,
    2.7721612453460693,
    2.9120330810546875,
    3.016777992248535,
    2.928570032119751,
    2.801767349243164,
    3.0781667232513428,
    3.1570968627929688,
    3.130950689315796,
    2.6868112087249756,
    2.372781753540039,
    2.695730447769165,
    2.7506606578826904,
    3.0773677825927734,
    3.4228134155273438,
    3.4195480346679688,
    3.0816898345947266,
    3.204861879348755,
    3.3341104984283447,
    3.335573196411133,
    3.149507761001587,
    2.9556875228881836,
    2.967442274093628,
    3.066478967666626,
    3.061561107635498,
    3.1157000064849854,
