{
  "name": "hat_combined_500_v2",
  "seed": 42,
  "n_states": 256,
  "sigma_c2c": 0.01,
  "sigma_d2d": 0.02,
  "analog_layers": [
    0,
    1,
    2,
    3,
    4,
    5,
    6,
    7,
    8,
    9,
    10,
    11,
    12,
    13,
    14,
    15,
    16,
    17,
    18,
    19,
    20,
    21,
    22,
    23
  ],
  "lr": 1e-05,
  "max_steps": 500,
  "ppl_before": 133.4392173677514,
  "ppl_after": 26.813673612743262,
  "losses": [
    5.218512535095215,
    4.63013219833374,
    5.082298278808594,
    5.293317794799805,
    4.7112135887146,
    4.934384346008301,
    4.530774116516113,
    4.045849323272705,
    4.098257064819336,
    4.442643642425537,
    4.260988712310791,
    3.960219383239746,
    4.197568893432617,
    4.405182361602783,
    4.2847490310668945,
    4.21565580368042,
    4.177196502685547,
    4.337372779846191,
    3.95540452003479,
    3.9280574321746826,
    3.959794044494629,
    4.007784366607666,
    3.7543671131134033,
    4.117189884185791,
    3.964291572570801,
    4.212429523468018,
    4.385056018829346,
    4.187972068786621,
    3.9508891105651855,
    4.072118759155273,
    4.256015777587891,
    3.974630355834961,
    3.7822954654693604,
    3.726947069168091,
    3.5505127906799316,
    3.8810031414031982,
    4.135841369628906,
    4.015865802764893,
    4.063502788543701,
    4.2676215171813965,
    4.0850443840026855,
    4.0729594230651855,
    4.130588054656982,
    4.2077860832214355,
    4.2581586837768555,
    4.013998985290527,
    3.649888515472412,
    3.0036299228668213,
    2.9204185009002686,
    3.454608917236328,
    3.8498401641845703,
    3.6829047203063965,
    3.3083133697509766,
    3.8930320739746094,
    3.937427282333374,
    4.009316921234131,
    3.9926810264587402,
    3.754855155944824,
    3.7078919410705566,
    3.5977783203125,
    3.472525119781494,
    3.520380735397339,
    3.552706241607666,
    3.4814467430114746,
    3.6824119091033936,
    3.564634323120117,
    3.7142324447631836,
    3.8658876419067383,
    3.8299431800842285,
    3.6364636421203613,
    3.3414306640625,
    3.2852962017059326,
    3.1099274158477783,
    3.4057834148406982,
    3.3948004245758057,
    3.4960038661956787,
    3.6116764545440674,
    3.498577117919922,
    3.775249719619751,
    4.061424732208252,
    3.8834176063537598,
    3.8895907402038574,
    3.942969560623169,
    4.092503070831299,
    3.7379815578460693,
    3.392772912979126,
    3.639698028564453,
    3.9218766689300537,
    3.5967507362365723,
    3.187751531600952,
    3.0447869300842285,
    3.243547201156616,
    3.4418160915374756,
    3.4743287563323975,
    3.829707622528076,
    3.8356451988220215,
    3.4901607036590576,
    3.3096766471862793,
    3.519634485244751,
    3.8669145107269287,
    3.90759539604187,
    3.740917921066284,
    3.6740238666534424,
    3.4792745113372803,
    3.395498514175415,
    3.8456954956054688,
    3.3383147716522217,
    3.081348180770874,
    3.549189567565918,
    3.981903314590454,
    4.049484729766846,
    3.8499948978424072,
    3.821462869644165,
    3.9600791931152344,
    3.9953174591064453,
    3.876580238342285,
    3.6978759765625,
    3.900188446044922,
    3.3009755611419678,
    3.1265110969543457,
    3.1758992671966553,
    3.2138917446136475,
    3.3308677673339844,
    3.2984912395477295,
    3.2410366535186768,
    3.319122314453125,
    3.2546324729919434,
    3.1874008178710938,
    3.60538649559021,
    3.667771339416504,
    3.2760932445526123,
    3.154076099395752,
    3.1915760040283203,
    3.4436755180358887,
    3.50870680809021,
    3.541124105453491,
    3.675941228866577,
    3.536525011062622,
    3.5090951919555664,
    3.5998852252960205,
    3.5754003524780273,
    3.639512777328491,
    3.6433587074279785,
    3.676466226577759,
    3.584965467453003,
    3.6793172359466553,
    3.940089464187622,
    3.766648530960083,
    3.5697884559631348,
    3.4276444911956787,
    3.3199942111968994,
    3.38938570022583,
    3.4200315475463867,
    3.567450523376465,
    3.8028411865234375,
    3.66843843460083,
    3.2765374183654785,
    3.67832612991333,
    3.842954635620117,
    3.6008424758911133,
    3.3981242179870605,
    3.396934747695923,
    3.502285957336426,
    3.4400784969329834,
    3.353447675704956,
    3.5248324871063232,
    3.574834108352661,
    3.574134349822998,
    3.188976526260376,
    3.4004526138305664,
    3.5380051136016846,
    3.5200612545013428,
    3.6465823650360107,
    3.722191572189331,
    3.466188430786133,
    3.488751173019409,
    3.656649112701416,
    3.446446180343628,
    3.322154998779297,
    3.3209893703460693,
    3.477344274520874,
    3.4355108737945557,
    3.504394054412842,
    3.684121608734131,
    3.6259119510650635,
    3.7159383296966553,
    3.768916368484497,
    4.094613075256348,
    4.319413185119629,
    4.296387672424316,
    4.104135513305664,
    3.7855887413024902,
    3.4412152767181396,
    3.3768110275268555,
    3.5318963527679443,
    3.451536178588867,
    3.2438926696777344,
    3.400106906890869,
    3.4135141372680664,
    3.493696689605713,
    3.5295231342315674,
    3.3792879581451416,
    3.486269950866699,
    3.5774409770965576,
    3.5401077270507812,
    3.5839014053344727,
    3.488895893096924,
    3.543351650238037,
    3.090937376022339,
    3.4923641681671143,
    3.755789279937744,
    3.1324002742767334,
    2.969653606414795,
    2.888796091079712,
    3.065556049346924,
    3.3859102725982666,
    3.257737398147583,
    3.3308370113372803,
    3.440460443496704,
    3.4527294635772705,
    3.5665011405944824,
    3.677999496459961,
    3.2531611919403076,
    2.8638572692871094,
    2.761282444000244,
    2.9261434078216553,
    3.126861333847046,
    3.1189401149749756,
    3.0925915241241455,
    3.0933570861816406,
    3.3357982635498047,
    3.4855000972747803,
    3.5068306922912598,
    3.6231772899627686,
    3.7145121097564697,
    3.3160040378570557,
    3.589674234390259,
    3.35738205909729,
    3.4250102043151855,
    3.6596150398254395,
    3.4088149070739746,
    3.5205636024475098,
    3.6573944091796875,
    3.768425703048706,
    3.6677849292755127,
    3.7751054763793945,
    4.050293445587158,
    3.918736457824707,
    3.438296318054199,
    3.586547613143921,
    3.6325125694274902,
    3.545962333679199,
    3.6627590656280518,
    3.7476446628570557,
    3.57694673538208,
    3.563405752182007,
    3.479536771774292,
    3.7102861404418945,
    3.5835399627685547,
    3.4620604515075684,
    3.416475534439087,
    3.248136520385742,
    3.6638565063476562,
    3.557518482208252,
    3.492344856262207,
    3.1942126750946045,
    3.2514865398406982,
    3.251530885696411,
    3.2273640632629395,
    3.1985056400299072,
    3.39253568649292,
    3.320843458175659,
    3.588935136795044,
    3.329577922821045,
    3.2340753078460693,
    3.4732472896575928,
    3.4427199363708496,
    3.3928539752960205,
    3.220505952835083,
    3.305884838104248,
    3.306619882583618,
    3.33331036567688,
    3.379807472229004,
    3.4247472286224365,
    3.256213426589966,
    3.2333266735076904,
    3.0649733543395996,
    3.439539670944214,
    3.4307875633239746,
    3.3507020473480225,
    3.4610788822174072,
    3.3895270824432373,
    3.188746213912964,
    3.261751174926758,
    3.4099504947662354,
    3.341158151626587,
    3.2965049743652344,
    3.589054584503174,
    3.5412118434906006,
    3.5798773765563965,
    3.2569241523742676,
    3.158421277999878,
    3.205258369445801,
    3.3899574279785156,
    3.231588363647461,
    3.0791165828704834,
    3.442668914794922,
    3.6674811840057373,
    3.618422031402588,
    3.239980697631836,
    2.9260802268981934,
    3.1853370666503906,
    3.357614278793335,
    3.643571615219116,
    3.9532859325408936,
    3.851630687713623,
    3.5894906520843506,
    3.6334946155548096,
    3.8324902057647705,
    3.797767162322998,
    3.812195301055908,
    3.5712099075317383,
