{
  "name": "hat_combo002_500",
  "seed": 42,
  "n_states": 256,
  "sigma_c2c": 0.01,
  "sigma_d2d": 0.02,
  "analog_layers": [
    0,
    1,
    2,
    3,
    4,
    5,
    6,
    7,
    8,
    9,
    10,
    11,
    12,
    13,
    14,
    15,
    16,
    17,
    18,
    19,
    20,
    21,
    22,
    23
  ],
  "lr": 1e-05,
  "max_steps": 500,
  "ppl_before": 2749.3947796094217,
  "ppl_after": 1.102590442695644,
  "losses": [
    8.138240814208984,
    8.022459030151367,
    7.834935188293457,
    7.911566257476807,
    6.8916707038879395,
    6.990242958068848,
    7.314982891082764,
    7.377501964569092,
    7.124876976013184,
    6.603509426116943,
    6.336843490600586,
    6.83227014541626,
    6.7985663414001465,
    6.538825035095215,
    6.7945990562438965,
    6.888382434844971,
    6.157623767852783,
    6.411495685577393,
    6.756396293640137,
    6.530997276306152,
    6.3690505027771,
    6.635846138000488,
    6.538987636566162,
    6.335434436798096,
    6.657294750213623,
    6.007066249847412,
    6.636124134063721,
    6.4891510009765625,
    6.7131805419921875,
    6.836029529571533,
    6.320950984954834,
    6.261639595031738,
    5.996284008026123,
    6.115611553192139,
    6.126498699188232,
    5.963761329650879,
    5.995095252990723,
    6.019946575164795,
    6.596278667449951,
    6.138075351715088,
    5.986225605010986,
    6.2815632820129395,
    6.21116304397583,
    6.2130126953125,
    6.077568531036377,
    5.933690071105957,
    6.027347087860107,
    6.2014641761779785,
    5.906116008758545,
    6.144093036651611,
    6.025477886199951,
    6.1290812492370605,
    6.18468713760376,
    6.00553035736084,
    6.579611301422119,
    6.387733459472656,
    6.319377899169922,
    6.207401752471924,
    6.507071495056152,
    6.021855354309082,
    5.559879302978516,
    5.54754638671875,
    5.526890277862549,
    5.778305530548096,
    5.988563060760498,
    5.7988409996032715,
    6.008946895599365,
    6.102999210357666,
    5.689586162567139,
    5.7627105712890625,
    5.830661296844482,
    5.697841644287109,
    5.805189609527588,
    5.731609344482422,
    5.545687675476074,
    5.460500717163086,
    5.478825569152832,
    5.337198257446289,
    5.324228286743164,
    5.580378532409668,
    5.379435062408447,
    5.428220748901367,
    5.464454650878906,
    5.311071395874023,
    5.075064182281494,
    5.3830647468566895,
    5.301722526550293,
    5.470032691955566,
    5.431629180908203,
    5.417353630065918,
    5.780531406402588,
    5.86097526550293,
    5.826008319854736,
    5.9788594245910645,
    6.152256488800049,
    6.08057165145874,
    5.585128307342529,
    5.670487880706787,
    5.453874588012695,
    5.446803569793701,
    5.538413047790527,
    5.523257255554199,
    5.777245044708252,
    5.797715187072754,
    5.5259599685668945,
    5.376533508300781,
    5.214919567108154,
    5.3029375076293945,
    5.238042831420898,
    5.475559711456299,
    5.690864562988281,
    5.434298038482666,
    5.275760173797607,
    5.212558746337891,
    5.088062286376953,
    5.819322109222412,
    6.050843238830566,
    5.878472805023193,
    5.664370536804199,
    5.63886022567749,
    5.306766510009766,
    5.393340110778809,
    5.732172012329102,
    5.667977809906006,
    5.3847832679748535,
    5.371657848358154,
    5.2851243019104,
    5.138570785522461,
    5.180413246154785,
    5.355795860290527,
    5.551749229431152,
    5.341139316558838,
    5.110222816467285,
    4.951719284057617,
    5.456768035888672,
    5.7509050369262695,
    5.21486234664917,
    5.232820987701416,
    5.311678409576416,
    5.080895900726318,
    4.963159561157227,
    5.248215675354004,
    5.1112141609191895,
    5.1853508949279785,
    5.193689346313477,
    4.996506690979004,
    5.1115803718566895,
    5.193164348602295,
    5.160367012023926,
    5.148895740509033,
    4.897843837738037,
    4.856118202209473,
    5.013397693634033,
    5.308419227600098,
    5.298489093780518,
    4.823436260223389,
    5.357671737670898,
    5.409183025360107,
    5.384073734283447,
    5.664704322814941,
    5.551909923553467,
    5.214071750640869,
    5.538215160369873,
    5.369846820831299,
    5.13911247253418,
    5.190566062927246,
    5.26268196105957,
    4.674319744110107,
    4.816549777984619,
    4.982263088226318,
    4.969119548797607,
    5.09105110168457,
    5.128575325012207,
    5.181026935577393,
    4.850481033325195,
    4.77887487411499,
    4.7140960693359375,
    4.541947841644287,
    4.565744876861572,
    4.840682029724121,
    5.066740036010742,
    4.885046005249023,
    4.637115478515625,
    4.814027309417725,
    4.749908447265625,
    4.754978656768799,
    4.639431953430176,
    4.500082492828369,
    4.592589855194092,
    4.558296203613281,
    4.4124040603637695,
    4.415524005889893,
    4.488978862762451,
    4.65260648727417,
    4.7756242752075195,
    4.653644561767578,
    4.739564895629883,
    4.825733184814453,
    4.855306148529053,
    4.742603302001953,
    4.665276050567627,
    4.736302375793457,
    4.87125825881958,
    4.747275352478027,
    4.435764789581299,
    4.475172519683838,
    4.639902114868164,
    4.3675408363342285,
    4.069921493530273,
    3.9771311283111572,
    4.232816219329834,
    3.9988527297973633,
    4.0357890129089355,
    4.3420329093933105,
    4.467653274536133,
    4.294133186340332,
    4.211363792419434,
    4.1449151039123535,
    4.214756965637207,
    4.253300189971924,
    3.8178813457489014,
    3.5122058391571045,
    3.85404896736145,
    3.8490750789642334,
    3.3543500900268555,
    3.588366985321045,
    3.521275758743286,
    3.453413724899292,
    3.353100538253784,
    3.37748384475708,
    3.456573486328125,
    3.3837783336639404,
    3.003600835800171,
    3.039409875869751,
    3.2768959999084473,
    3.0245792865753174,
    2.8106510639190674,
    2.9684174060821533,
    2.997241735458374,
    3.0322046279907227,
    2.8016135692596436,
    2.750081777572632,
    2.6914422512054443,
    2.821932077407837,
    2.5839998722076416,
    2.5488080978393555,
    2.5124104022979736,
    2.791428565979004,
    2.530463457107544,
    2.2520992755889893,
    2.2981576919555664,
    2.4069840908050537,
    2.2191267013549805,
    2.2853548526763916,
    2.2582831382751465,
    2.4858429431915283,
    2.350858211517334,
    2.4201228618621826,
    2.0884971618652344,
    2.239593029022217,
    2.525292158126831,
    2.429986000061035,
    2.218738317489624,
    1.7987173795700073,
    1.7779860496520996,
    1.8975377082824707,
    1.6867071390151978,
    1.7510905265808105,
    1.632982850074768,
    1.6031547784805298,
    1.6674292087554932,
    1.6037105321884155,
    1.559905767440796,
    1.5931931734085083,
    1.5315332412719727,
    1.411197304725647,
    1.2700529098510742,
    1.2329038381576538,
    1.2982330322265625,
    1.3387987613677979,
    1.1057010889053345,
    1.270673155784607,
    1.3277045488357544,
    1.159366488456726,
    1.1482456922531128,
    1.0496444702148438,
    1.0839184522628784,
    1.1974393129348755,
    1.0244039297103882,
    0.9765583872795105,
    0.9089736938476562,
    0.985706090927124,
    0.8807252049446106,
    0.8313702940940857,
    0.977008044719696,
    1.0531796216964722,
    0.9540044069290161,
    1.004292368888855,
    0.9165166616439819,
    0.8891075849533081,
    0.777301013469696,
    0.6691614985466003,
    0.7917093634605408,
    0.7353053092956543,
    0.75526362657547,
    0.9316561222076416,
    0.7708497643470764,
    0.9393433928489685,
    0.8017834424972534,
    0.7794175744056702,
    0.8784926533699036,
    0.7408788800239563,
    0.8046234250068665,
    0.776206910610199,
    0.6068001985549927,
    0.6199670433998108,
    0.6137617230415344,
    0.774808406829834,
    0.6593008637428284,
    0.5338319540023804,
    0.6324694752693176,
    0.6615564227104187,
    0.45648229122161865,
    0.4289708435535431,
    0.5150662660598755,
