{
  "name": "hat_c2c001_last4_500_ctx512",
  "seed": 42,
  "n_states": 256,
  "sigma_c2c": 0.01,
  "sigma_d2d": 0.0,
  "analog_layers": [
    20,
    21,
    22,
    23
  ],
  "lr": 1e-05,
  "max_steps": 500,
  "ppl_before": 26.464042764132696,
  "ppl_after": 18.62624585823702,
  "losses": [
    3.2936651706695557,
    3.469895601272583,
    3.6326260566711426,
    3.8011834621429443,
    3.5597453117370605,
    3.5388846397399902,
    3.4072701930999756,
    3.0551390647888184,
    3.143519163131714,
    3.309846878051758,
    3.358741044998169,
    3.027376174926758,
    3.2956583499908447,
    3.575932025909424,
    3.28830623626709,
    3.333078384399414,
    3.182497978210449,
    2.9319000244140625,
    2.9040961265563965,
    3.0368008613586426,
    3.257692813873291,
    3.334625720977783,
    3.0398759841918945,
    3.3022537231445312,
    3.1576924324035645,
    3.1678524017333984,
    3.592866897583008,
    3.619593858718872,
    3.0352723598480225,
    3.2460739612579346,
    3.52178692817688,
    3.3405039310455322,
    3.097628593444824,
    2.987288236618042,
    2.850921392440796,
    3.0688445568084717,
    3.1057615280151367,
    3.247627019882202,
    3.270258665084839,
    3.2827870845794678,
    3.496166229248047,
    3.3332877159118652,
    3.388986110687256,
    3.50808048248291,
    3.495818614959717,
    3.3351378440856934,
    2.8330328464508057,
    2.2861738204956055,
    2.23856782913208,
    2.7440168857574463,
    3.0263590812683105,
    2.879876136779785,
    2.7645413875579834,
    3.0904619693756104,
    3.06416916847229,
    3.040778160095215,
    3.1893298625946045,
    3.111258029937744,
    2.788726329803467,
    2.782649278640747,
    2.7736244201660156,
    2.750265598297119,
    2.699211597442627,
    2.637098550796509,
    2.615260601043701,
    2.6741950511932373,
    2.865692615509033,
    3.1611833572387695,
    3.0412120819091797,
    2.899275302886963,
    2.7733449935913086,
    2.4609463214874268,
    2.514960527420044,
    2.8490946292877197,
    2.7754101753234863,
    2.7887535095214844,
    2.6078755855560303,
    2.5797836780548096,
    3.028499126434326,
    3.454850435256958,
    3.334967613220215,
    3.407045364379883,
    3.393012762069702,
    3.48130202293396,
    3.146192789077759,
    2.877366781234741,
    3.019364595413208,
    3.2415316104888916,
    2.984250783920288,
    2.5756216049194336,
    2.39737606048584,
    2.699897289276123,
    2.8565621376037598,
    2.845855474472046,
    3.1451668739318848,
    3.2361481189727783,
    2.9215288162231445,
    2.623274564743042,
    2.900634288787842,
    3.2783212661743164,
    3.2049710750579834,
    3.1635477542877197,
    3.0801801681518555,
    2.9128801822662354,
    2.9464991092681885,
    3.204432249069214,
    2.592142343521118,
    2.4841692447662354,
    2.8094871044158936,
    3.0556468963623047,
    3.109384298324585,
    3.0701794624328613,
    3.009685754776001,
    3.2478325366973877,
    3.263413667678833,
    3.0384864807128906,
    2.990685224533081,
    3.19535493850708,
    2.683844566345215,
    2.487445116043091,
    2.6638355255126953,
    2.708531379699707,
    2.7596840858459473,
    2.760638475418091,
    2.638993978500366,
    2.8109207153320312,
    2.7390787601470947,
    2.7609798908233643,
    2.9716670513153076,
    2.922976016998291,
    2.50947904586792,
    2.552710771560669,
    2.657442808151245,
    2.8510849475860596,
    2.770343065261841,
    2.9168591499328613,
    3.198643684387207,
    3.1505744457244873,
    3.0882973670959473,
    3.0975053310394287,
    3.1309773921966553,
    3.159518241882324,
    3.13845157623291,
    3.206437826156616,
    3.081754446029663,
    3.2576262950897217,
    3.4543991088867188,
    3.277076482772827,
    3.2378273010253906,
    3.072472333908081,
    2.9965476989746094,
    3.0214614868164062,
    2.9805679321289062,
    3.0967366695404053,
    3.2628297805786133,
    3.1485040187835693,
    2.867562770843506,
    3.172866106033325,
    3.3187201023101807,
    3.052168130874634,
    2.875086545944214,
    2.955134630203247,
    3.1975643634796143,
    3.0542397499084473,
    2.932532787322998,
    3.000779151916504,
    3.1694915294647217,
    3.168626546859741,
    2.8736774921417236,
    3.0188257694244385,
    3.1067962646484375,
    3.1475830078125,
    3.1865270137786865,
    3.330326557159424,
    3.1528406143188477,
    3.066354751586914,
    3.2512991428375244,
    3.097482681274414,
    2.9107794761657715,
    2.84126353263855,
    2.871403455734253,
    2.840336561203003,
    3.085737705230713,
    3.249265193939209,
    3.235196352005005,
    3.2050395011901855,
    3.3414978981018066,
    3.619396209716797,
    3.6386165618896484,
    3.755297899246216,
    3.5631814002990723,
    3.3359525203704834,
    2.9193224906921387,
    2.8160977363586426,
    3.0531582832336426,
    2.8982558250427246,
    2.765266180038452,
    2.9225785732269287,
    2.9681427478790283,
    3.05318021774292,
    3.0877420902252197,
    2.99989652633667,
    3.113800048828125,
    3.105215072631836,
    3.1438674926757812,
    3.0181427001953125,
    3.0793545246124268,
    3.0600240230560303,
    2.6105518341064453,
    3.0354456901550293,
    3.3327126502990723,
    2.869807243347168,
    2.6376185417175293,
    2.5296249389648438,
    2.7192749977111816,
    2.9879438877105713,
    2.8869378566741943,
    2.9614460468292236,
    3.1205642223358154,
    3.0647106170654297,
    3.23740291595459,
    3.3008551597595215,
    2.7762255668640137,
    2.3860886096954346,
    2.2390100955963135,
    2.358062744140625,
    2.563584566116333,
    2.587357759475708,
    2.545841693878174,
    2.5881683826446533,
    2.8472039699554443,
    3.0044403076171875,
    2.884310007095337,
    2.988636016845703,
    3.133530855178833,
    2.8925886154174805,
    3.1751458644866943,
    2.9267919063568115,
    2.9222848415374756,
    3.1895058155059814,
    3.0425186157226562,
    3.0703811645507812,
    3.2116479873657227,
    3.3265810012817383,
    3.2563698291778564,
    3.297205924987793,
    3.4840357303619385,
    3.566239356994629,
    3.1987595558166504,
    3.3072197437286377,
    3.3329715728759766,
    3.3049051761627197,
    3.292966842651367,
    3.328383445739746,
    3.1875903606414795,
    3.173548460006714,
    3.173143148422241,
    3.3660480976104736,
    3.177272081375122,
    3.0973589420318604,
    2.9771056175231934,
    2.7385480403900146,
    3.114058256149292,
    3.030813694000244,
    3.03525710105896,
    2.788836717605591,
    2.770174980163574,
    2.7087771892547607,
    2.741123676300049,
    2.7834465503692627,
    2.8619544506073,
    2.842319965362549,
    3.045353412628174,
    2.8471336364746094,
    2.7296295166015625,
    2.7959651947021484,
    2.8197083473205566,
    2.9625229835510254,
    2.883145809173584,
    2.9079627990722656,
    2.9288394451141357,
    2.8603084087371826,
    2.9470393657684326,
    2.9925031661987305,
    2.8239340782165527,
    2.842320680618286,
    2.692425489425659,
    2.9470694065093994,
    2.9231884479522705,
    2.9035115242004395,
    3.055056571960449,
    2.957313060760498,
    2.7465744018554688,
    2.792188882827759,
    2.9050285816192627,
    3.0111448764801025,
    3.0215282440185547,
    3.102734327316284,
    3.234467029571533,
    3.1285011768341064,
    2.87031626701355,
    2.82492733001709,
    2.8966214656829834,
    3.0339572429656982,
    2.9207170009613037,
    2.8253238201141357,
    3.0920917987823486,
    3.2188384532928467,
    3.142305374145508,
    2.756845474243164,
    2.4182591438293457,
    2.723907947540283,
    2.7899856567382812,
    3.121107339859009,
    3.473560333251953,
    3.4362006187438965,
    3.102421998977661,
    3.2124361991882324,
    3.3713114261627197,
    3.329611301422119,
    3.176532506942749,
    2.9213855266571045,
    2.957165002822876,
    3.0643999576568604,
    3.0313498973846436,
    3.086148500442505,
    3.136329412460327,
    2.8595659732818604,
