{
  "name": "hat_d2d004_200_ctx1024",
  "seed": 42,
  "n_states": 256,
  "sigma_c2c": 0.0,
  "sigma_d2d": 0.04,
  "analog_layers": [
    0,
    1,
    2,
    3,
    4,
    5,
    6,
    7,
    8,
    9,
    10,
    11,
    12,
    13,
    14,
    15,
    16,
    17,
    18,
    19,
    20,
    21,
    22,
    23
  ],
  "lr": 1e-05,
  "max_steps": 200,
  "ppl_before": 461.8966615545389,
  "ppl_after": 34.54176916053477,
  "losses": [
    6.416615009307861,
    6.197911739349365,
    6.319332599639893,
    5.881525039672852,
    5.285295009613037,
    5.354425430297852,
    5.552107810974121,
    5.648130416870117,
    5.2333855628967285,
    4.8405070304870605,
    4.796757698059082,
    5.020781517028809,
    5.034318447113037,
    4.907937049865723,
    4.90077018737793,
    5.106322765350342,
    4.434459209442139,
    4.555281162261963,
    4.826618194580078,
    4.8638434410095215,
    4.726106643676758,
    4.850942611694336,
    4.675912857055664,
    4.14340353012085,
    4.018709182739258,
    4.122081756591797,
    4.340418815612793,
    4.7384033203125,
    4.467876434326172,
    4.318390369415283,
    4.2036638259887695,
    4.21514892578125,
    4.224484920501709,
    4.413483619689941,
    4.238088130950928,
    3.977264404296875,
    3.817819118499756,
    4.005698204040527,
    4.233419895172119,
    4.318160057067871,
    4.257267951965332,
    4.305300235748291,
    4.098845958709717,
    4.145340919494629,
    3.7777090072631836,
    3.6037936210632324,
    4.0521769523620605,
    4.121072769165039,
    4.013505935668945,
    4.152627944946289,
    4.2477240562438965,
    3.989278554916382,
    4.073235511779785,
    3.886747360229492,
    4.215814590454102,
    4.427773952484131,
    4.443103790283203,
    4.432520866394043,
    3.9833765029907227,
    3.858100652694702,
    3.548617124557495,
    3.6665921211242676,
    3.6961989402770996,
    3.825683355331421,
    3.859973907470703,
    3.6279456615448,
    3.900790214538574,
    4.141695976257324,
    3.9397571086883545,
    4.030970096588135,
    4.12408447265625,
    4.133487224578857,
    4.148507595062256,
    4.129716873168945,
    3.8685171604156494,
    3.7943317890167236,
    3.957322597503662,
    3.9955430030822754,
    4.005423069000244,
    4.0907769203186035,
    3.7588038444519043,
    3.851210117340088,
    3.889660358428955,
    3.8232812881469727,
    3.7502517700195312,
    3.9533631801605225,
    3.8927361965179443,
    4.02724027633667,
    3.9113612174987793,
    3.7971324920654297,
    3.815507173538208,
    3.903568983078003,
    3.98315167427063,
    4.256607532501221,
    4.533012390136719,
    4.263005256652832,
    3.978809356689453,
    3.7170321941375732,
    3.7249109745025635,
    3.755632162094116,
    3.948225975036621,
    3.8855574131011963,
    3.9908976554870605,
    3.6931424140930176,
    3.7622437477111816,
    3.74582839012146,
    3.358139753341675,
    3.6330790519714355,
    3.7117691040039062,
    3.987635374069214,
    3.8917438983917236,
    3.505307674407959,
    3.2654035091400146,
    3.4742329120635986,
    3.490969657897949,
    3.7480039596557617,
    3.9539597034454346,
    4.018423080444336,
    3.8616783618927,
    3.745983600616455,
    3.760258913040161,
    3.9065260887145996,
    4.055582046508789,
    4.038266658782959,
    3.9652810096740723,
    3.899951219558716,
    3.9858973026275635,
    3.8881454467773438,
    3.8355016708374023,
    3.894378900527954,
    3.952285051345825,
    3.8439650535583496,
    3.4968979358673096,
    3.3490309715270996,
    3.6642885208129883,
    3.821835994720459,
    3.6459720134735107,
    3.6373419761657715,
    3.670661687850952,
    3.566976547241211,
    3.69620680809021,
    3.75150465965271,
    3.5406334400177,
    3.5125622749328613,
    3.616006374359131,
    3.5950796604156494,
    3.600996494293213,
    3.7363510131835938,
    3.8179633617401123,
    3.7744596004486084,
    3.49741268157959,
    3.5520007610321045,
    3.6836631298065186,
    3.808586835861206,
    3.5731935501098633,
    3.4882748126983643,
    3.9051289558410645,
    4.009240627288818,
    3.996554374694824,
    4.079463005065918,
    3.9851975440979004,
    3.7676210403442383,
    3.983154535293579,
    3.6758980751037598,
    3.439781665802002,
    3.5206079483032227,
    3.556375503540039,
    3.267547607421875,
    3.369858503341675,
    3.6585798263549805,
    3.5540382862091064,
    3.5757272243499756,
    3.7667040824890137,
    3.83128023147583,
    3.5362396240234375,
    3.273897409439087,
    3.332918405532837,
    3.0504720211029053,
    2.844602108001709,
    3.416227102279663,
    3.6056857109069824,
    3.5170912742614746,
    3.5688581466674805,
    3.766299247741699,
    3.8162877559661865,
    3.6612389087677,
    3.693133592605591,
    3.8562772274017334,
    3.7903940677642822,
    3.839029312133789,
    3.6269314289093018,
    3.7332987785339355,
    3.7741127014160156,
    3.7124199867248535,
    3.532606601715088,
    3.323894500732422,
    3.5163331031799316,
    3.7156412601470947,
    3.6217832565307617,
    3.577305793762207
  ]
}