{
  "name": "hat_c2c001_500_v2",
  "seed": 42,
  "n_states": 256,
  "sigma_c2c": 0.01,
  "sigma_d2d": 0.0,
  "analog_layers": [
    0,
    1,
    2,
    3,
    4,
    5,
    6,
    7,
    8,
    9,
    10,
    11,
    12,
    13,
    14,
    15,
    16,
    17,
    18,
    19,
    20,
    21,
    22,
    23
  ],
  "lr": 1e-05,
  "max_steps": 500,
  "ppl_before": 64.35444775673741,
  "ppl_after": 21.214059573297252,
  "losses": [
    4.2328972816467285,
    4.189407825469971,
    4.345501899719238,
    4.640310764312744,
    4.241247177124023,
    4.123898506164551,
    4.180041790008545,
    3.6671388149261475,
    3.588207721710205,
    3.795344352722168,
    3.8889360427856445,
    3.5241758823394775,
    3.7393274307250977,
    4.045327186584473,
    3.870849370956421,
    3.821378469467163,
    3.7994017601013184,
    3.6500415802001953,
    3.4316329956054688,
    3.5847957134246826,
    3.565537214279175,
    3.788180112838745,
    3.357144832611084,
    3.6467232704162598,
    3.4635119438171387,
    3.6194965839385986,
    3.9868037700653076,
    3.850529909133911,
    3.3523871898651123,
    3.7003684043884277,
    3.8908238410949707,
    3.621861696243286,
    3.444558620452881,
    3.3311405181884766,
    3.236175775527954,
    3.5040230751037598,
    3.567084789276123,
    3.5360283851623535,
    3.7343590259552,
    3.8014845848083496,
    3.768932580947876,
    3.7440176010131836,
    3.771850109100342,
    3.9605085849761963,
    3.8969974517822266,
    3.691556453704834,
    3.2364237308502197,
    2.7046608924865723,
    2.5380465984344482,
    3.1885759830474854,
    3.478649616241455,
    3.283067226409912,
    3.073929786682129,
    3.42106032371521,
    3.495710611343384,
    3.573794364929199,
    3.592669725418091,
    3.432241201400757,
    3.222207546234131,
    3.1662490367889404,
    3.0137155055999756,
    3.1146154403686523,
    3.0574357509613037,
    3.0528626441955566,
    3.0782580375671387,
    3.089151620864868,
    3.2348134517669678,
    3.509631395339966,
    3.4467570781707764,
    3.2770814895629883,
    3.0843894481658936,
    2.8276617527008057,
    2.846345901489258,
    3.172100305557251,
    3.1560866832733154,
    3.124309539794922,
    3.1163408756256104,
    2.965378761291504,
    3.522858142852783,
    3.752119779586792,
    3.5757195949554443,
    3.5587363243103027,
    3.6203699111938477,
    3.771663188934326,
    3.427142381668091,
    3.0624332427978516,
    3.2708323001861572,
    3.523317337036133,
    3.262986421585083,
    2.802459239959717,
    2.73587965965271,
    2.9231908321380615,
    3.1248586177825928,
    3.2187728881835938,
    3.438072681427002,
    3.5852344036102295,
    3.2230641841888428,
    2.93725848197937,
    3.2469446659088135,
    3.5003700256347656,
    3.5740966796875,
    3.472452163696289,
    3.3941028118133545,
    3.193023443222046,
    3.2010984420776367,
    3.5485622882843018,
    3.0148909091949463,
    2.841738700866699,
    3.1120262145996094,
    3.598680019378662,
    3.49442195892334,
    3.431328296661377,
    3.366364002227783,
    3.5823729038238525,
    3.5628716945648193,
    3.418915271759033,
    3.2894628047943115,
    3.4987733364105225,
    2.95955491065979,
    2.7893738746643066,
    2.91459321975708,
    2.9019358158111572,
    2.991262197494507,
    2.952423095703125,
    2.9017157554626465,
    2.9617056846618652,
    2.9004714488983154,
    3.0388076305389404,
    3.168901205062866,
    3.182421922683716,
    2.7703697681427,
    2.8754546642303467,
    2.8933467864990234,
    3.09920597076416,
    3.070563793182373,
    3.196460008621216,
    3.403367280960083,
    3.3789937496185303,
    3.2932403087615967,
    3.3124797344207764,
    3.330502510070801,
    3.349086046218872,
    3.390580654144287,
    3.4164681434631348,
    3.2736544609069824,
    3.4510228633880615,
    3.6457931995391846,
    3.4582576751708984,
    3.3866374492645264,
    3.3149008750915527,
    3.1258950233459473,
    3.2206900119781494,
    3.2106997966766357,
    3.2998344898223877,
    3.4500954151153564,
    3.294495105743408,
    3.0507631301879883,
    3.4117698669433594,
    3.5750226974487305,
    3.348482608795166,
    3.060314178466797,
    3.1398489475250244,
    3.381373882293701,
    3.201603651046753,
    3.1139137744903564,
    3.168269157409668,
    3.3377792835235596,
    3.2675106525421143,
    3.014605760574341,
    3.1554312705993652,
    3.2673330307006836,
    3.370476245880127,
    3.331773519515991,
    3.617483377456665,
    3.2875492572784424,
    3.2301371097564697,
    3.455095052719116,
    3.2689623832702637,
    3.0640885829925537,
    3.079444169998169,
    3.1397125720977783,
    2.9991304874420166,
    3.1796021461486816,
    3.4239799976348877,
    3.3626086711883545,
    3.444354772567749,
    3.4506988525390625,
    3.772001266479492,
    3.888036012649536,
    3.9570281505584717,
    3.766218900680542,
    3.481884717941284,
    3.1698691844940186,
    3.0561485290527344,
    3.3025221824645996,
    3.198303699493408,
    2.93426775932312,
    3.1019511222839355,
    3.174198865890503,
    3.2247016429901123,
    3.2906014919281006,
    3.2049648761749268,
    3.310283899307251,
    3.2713496685028076,
    3.33866810798645,
    3.237311363220215,
    3.261871099472046,
    3.2264821529388428,
    2.8154542446136475,
    3.2465851306915283,
    3.5237817764282227,
    3.0248019695281982,
    2.7516098022460938,
    2.654927968978882,
    2.9373247623443604,
    3.1753287315368652,
    3.044205665588379,
    3.093366861343384,
    3.2623631954193115,
    3.2686123847961426,
    3.416315793991089,
    3.467736005783081,
    2.9275057315826416,
    2.527541399002075,
    2.521808624267578,
    2.683457374572754,
    2.770470142364502,
    2.8264150619506836,
    2.713273525238037,
    2.771329402923584,
    2.969205141067505,
    3.1943132877349854,
    3.1766488552093506,
    3.252016544342041,
    3.3680267333984375,
    3.046255111694336,
    3.3647966384887695,
    3.0880448818206787,
    3.1551144123077393,
    3.3997809886932373,
    3.169062614440918,
    3.2019283771514893,
    3.3626139163970947,
    3.433941125869751,
    3.4149982929229736,
    3.5478713512420654,
    3.681520938873291,
    3.6367554664611816,
    3.360170841217041,
    3.435291051864624,
    3.451115369796753,
    3.3779804706573486,
    3.409113645553589,
    3.543755054473877,
    3.3548731803894043,
    3.2833855152130127,
    3.3447582721710205,
    3.5429253578186035,
    3.3345870971679688,
    3.2230851650238037,
    3.2180533409118652,
    2.87930965423584,
    3.420660972595215,
    3.31006121635437,
    3.2200369834899902,
    2.941859722137451,
    2.9464480876922607,
    2.8882813453674316,
    2.9554944038391113,
    3.00771427154541,
    3.0027122497558594,
    3.059950351715088,
    3.2284529209136963,
    3.0091254711151123,
    2.9528098106384277,
    3.0500288009643555,
    3.062743902206421,
    3.085083246231079,
    2.9974093437194824,
    3.1073336601257324,
    3.1206939220428467,
    3.023101568222046,
    3.1835741996765137,
    3.1614115238189697,
    2.9632608890533447,
    2.978900194168091,
    2.9107511043548584,
    3.167365550994873,
    3.0833187103271484,
    3.054771661758423,
    3.206983804702759,
    3.1855533123016357,
    2.93392014503479,
    3.051285982131958,
    3.1447367668151855,
    3.1764628887176514,
    3.233022928237915,
    3.2989919185638428,
    3.396824359893799,
    3.3432793617248535,
    3.0594711303710938,
    2.954176902770996,
    3.0621073246002197,
    3.1840057373046875,
    3.058563232421875,
    2.9061191082000732,
    3.2133476734161377,
    3.3999969959259033,
    3.3315012454986572,
    2.833306074142456,
    2.597632884979248,
    2.93269681930542,
    3.03621506690979,
    3.285308361053467,
    3.6743783950805664,
    3.625730276107788,
    3.2618346214294434,
    3.462143659591675,
    3.542475461959839,
    3.495842695236206,
    3.4783992767333984,
    3.2102439403533936,
