{
  "name": "hat_combined002_all",
  "seed": 42,
  "n_states": 256,
  "sigma_c2c": 0.01,
  "sigma_d2d": 0.02,
  "analog_layers": [
    0,
    1,
    2,
    3,
    4,
    5,
    6,
    7,
    8,
    9,
    10,
    11,
    12,
    13,
    14,
    15,
    16,
    17,
    18,
    19,
    20,
    21,
    22,
    23
  ],
  "lr": 1e-05,
  "max_steps": 200,
  "ppl_before": 1633.6345164480783,
  "ppl_after": 1.67906468854103,
  "losses": [
    7.896188735961914,
    7.354767322540283,
    6.808640003204346,
    7.488684177398682,
    6.80110502243042,
    6.689923286437988,
    6.773232460021973,
    6.474349021911621,
    5.936388969421387,
    6.11825704574585,
    6.444005012512207,
    6.12451696395874,
    6.094142436981201,
    6.161417484283447,
    6.132962226867676,
    5.975456714630127,
    5.915774822235107,
    6.5711350440979,
    5.914238452911377,
    5.9846649169921875,
    5.7197113037109375,
    5.676996231079102,
    5.46014404296875,
    6.212981700897217,
    6.340671062469482,
    6.023165225982666,
    5.900285720825195,
    5.96175479888916,
    5.923558235168457,
    6.044206142425537,
    6.1428680419921875,
    5.6871466636657715,
    5.675624847412109,
    5.44226598739624,
    5.073451042175293,
    5.583356857299805,
    5.735598564147949,
    5.653017044067383,
    5.699470520019531,
    5.928910255432129,
    5.571228981018066,
    5.6187238693237305,
    5.843946933746338,
    5.868675231933594,
    5.938621997833252,
    5.754232406616211,
    5.358572483062744,
    4.849543571472168,
    4.934638023376465,
    5.296260833740234,
    5.4785943031311035,
    4.839665412902832,
    5.377642631530762,
    5.556019306182861,
    6.136673450469971,
    6.019656181335449,
    5.776950359344482,
    5.934543609619141,
    5.770035266876221,
    5.994838237762451,
    5.507822036743164,
    5.251499176025391,
    5.3732523918151855,
    5.187236309051514,
    5.42753267288208,
    5.356661319732666,
    5.378668308258057,
    5.436726093292236,
    5.223158836364746,
    5.52453088760376,
    5.049803733825684,
    4.932165622711182,
    4.566448211669922,
    4.979062557220459,
    4.97878885269165,
    5.177976131439209,
    4.844162464141846,
    5.328366279602051,
    5.331150054931641,
    5.176967144012451,
    5.104156970977783,
    5.111560821533203,
    5.125532627105713,
    5.287246227264404,
    5.246333122253418,
    5.021031856536865,
    5.099643707275391,
    5.373015403747559,
    5.016292095184326,
    4.84311580657959,
    4.247373104095459,
    4.632760047912598,
    4.566090106964111,
    4.727313041687012,
    4.9589715003967285,
    4.926907062530518,
    4.56723165512085,
    4.622288227081299,
    4.612861156463623,
    4.96022367477417,
    4.733031749725342,
    4.657846450805664,
    4.43552303314209,
    4.517437934875488,
    4.183377265930176,
    4.776037693023682,
    4.77249813079834,
    4.32680082321167,
    4.531891345977783,
    4.7030768394470215,
    4.824395179748535,
    4.839488983154297,
    4.433886528015137,
    4.335843563079834,
    4.50907564163208,
    4.1828813552856445,
    3.968031167984009,
    3.970989942550659,
    3.8915319442749023,
    3.8492329120635986,
    3.2945895195007324,
    3.2137155532836914,
    3.472647190093994,
    3.5337860584259033,
    3.303464412689209,
    3.2003138065338135,
    3.1532561779022217,
    3.106904983520508,
    3.4410300254821777,
    3.399425506591797,
    3.3055057525634766,
    2.9205570220947266,
    2.922269344329834,
    2.622140884399414,
    3.0868444442749023,
    3.309190511703491,
    2.8093531131744385,
    3.127207040786743,
    2.927889347076416,
    3.050794839859009,
    3.110138416290283,
    2.6728458404541016,
    2.69681978225708,
    2.7767322063446045,
    2.358400583267212,
    2.4123001098632812,
    2.596419334411621,
    2.425243377685547,
    2.240100383758545,
    2.178623676300049,
    1.7268998622894287,
    1.8647056818008423,
    2.025385856628418,
    1.7307807207107544,
    1.898181438446045,
    1.87735915184021,
    1.7260671854019165,
    1.4967643022537231,
    1.6066392660140991,
    1.6308180093765259,
    1.577907919883728,
    1.5190409421920776,
    1.779756784439087,
    1.6094601154327393,
    1.4047791957855225,
    1.2478934526443481,
    1.3212890625,
    1.4505289793014526,
    1.1444356441497803,
    1.3146218061447144,
    1.1771271228790283,
    1.2944053411483765,
    0.915734052658081,
    1.17153000831604,
    0.8830907940864563,
    1.1083590984344482,
    0.99306720495224,
    1.001695990562439,
    0.8687484860420227,
    0.9510553479194641,
    1.0283849239349365,
    0.9997344613075256,
    0.904155433177948,
    1.0894297361373901,
    0.7802197337150574,
    0.8588292598724365,
    0.8215920925140381,
    1.1466643810272217,
    0.815403401851654,
    0.8032371997833252,
    0.7559305429458618,
    0.9050995111465454,
    0.7961241006851196,
    0.6340698599815369,
    0.6011045575141907,
    0.62615966796875,
    0.46379080414772034,
    0.4834808111190796,
    0.655669629573822,
    0.4821445047855377
  ]
}