{
  "name": "hat_d2d004_1024",
  "seed": 42,
  "n_states": 256,
  "sigma_c2c": 0.0,
  "sigma_d2d": 0.04,
  "analog_layers": [
    0,
    1,
    2,
    3,
    4,
    5,
    6,
    7,
    8,
    9,
    10,
    11,
    12,
    13,
    14,
    15,
    16,
    17,
    18,
    19,
    20,
    21,
    22,
    23
  ],
  "lr": 1e-05,
  "max_steps": 200,
  "ppl_before": 5042.929055884171,
  "ppl_after": 242.72244580388505,
  "losses": [
    9.039887428283691,
    8.34679126739502,
    8.162099838256836,
    8.553241729736328,
    7.2579874992370605,
    7.415455341339111,
    7.73198127746582,
    7.912324905395508,
    7.497255325317383,
    6.929534435272217,
    6.776451110839844,
    7.2700886726379395,
    7.000478744506836,
    6.817713260650635,
    7.110374927520752,
    7.117934703826904,
    6.333213806152344,
    6.892942428588867,
    7.103598117828369,
    6.872344017028809,
    6.803862571716309,
    7.100839614868164,
    6.764808177947998,
    6.7311601638793945,
    6.73595666885376,
    6.432313442230225,
    7.00828742980957,
    6.872426986694336,
    7.078835487365723,
    7.121368885040283,
    6.613160133361816,
    6.568758964538574,
    6.384364604949951,
    6.382462978363037,
    6.417158603668213,
    6.424972057342529,
    6.406735897064209,
    6.371294975280762,
    6.795849323272705,
    6.4578728675842285,
    6.40561580657959,
    6.6688103675842285,
    6.424445629119873,
    6.519374847412109,
    6.407242774963379,
    6.3650665283203125,
    6.33505392074585,
    6.59934139251709,
    6.359831809997559,
    6.430098056793213,
    6.406291484832764,
    6.464242458343506,
    6.424246311187744,
    6.392505645751953,
    6.814280986785889,
    6.746000289916992,
    6.750155925750732,
    6.544178009033203,
    6.6936492919921875,
    6.173555374145508,
    5.891278266906738,
    5.920951843261719,
    5.788210391998291,
    6.008723258972168,
    6.386877059936523,
    6.199121475219727,
    6.433234691619873,
    6.343024253845215,
    6.062935829162598,
    6.117972373962402,
    6.060235023498535,
    6.097149848937988,
    6.042471408843994,
    6.197038650512695,
    5.847951412200928,
    5.875479698181152,
    5.788455009460449,
    5.681975364685059,
    5.782190322875977,
    5.885672092437744,
    5.734816074371338,
    5.780623435974121,
    5.777482509613037,
    5.64420223236084,
    5.320549011230469,
    5.631698131561279,
    5.592503547668457,
    5.704095363616943,
    5.650226593017578,
    5.790853500366211,
    6.070835113525391,
    6.068356990814209,
    6.20892333984375,
    6.256059169769287,
    6.458310127258301,
    6.514459133148193,
    6.028665542602539,
    6.115514755249023,
    5.945079803466797,
    5.864120006561279,
    5.877214431762695,
    6.0086493492126465,
    6.144815921783447,
    6.200832366943359,
    5.8249831199646,
    5.781121253967285,
    5.719854354858398,
    5.76393461227417,
    5.522838592529297,
    5.83389949798584,
    6.159839630126953,
    5.865052223205566,
    5.712934970855713,
    5.6711201667785645,
    5.5784592628479,
    6.286623954772949,
    6.417606353759766,
    6.299429893493652,
    6.113064289093018,
    6.1521100997924805,
    5.569663047790527,
    5.712801933288574,
    6.12501859664917,
    5.979990005493164,
    5.67620325088501,
    5.754532337188721,
    5.667262554168701,
    5.333075046539307,
    5.5677170753479,
    5.775169372558594,
    5.983087539672852,
    5.733758926391602,
    5.398288249969482,
    5.444503307342529,
    6.1881184577941895,
    6.228743553161621,
    5.810730457305908,
    5.6491570472717285,
    5.728294849395752,
    5.464287757873535,
    5.383547306060791,
    5.5977020263671875,
    5.567484378814697,
    5.616119861602783,
    5.675778865814209,
    5.536262035369873,
    5.635523319244385,
    5.6206278800964355,
    5.721039295196533,
    5.6495513916015625,
    5.3455095291137695,
    5.450674057006836,
    5.530441761016846,
    5.793581485748291,
    5.898435115814209,
    5.40211296081543,
    5.961729526519775,
    5.836666107177734,
    5.768285751342773,
    6.061856269836426,
    5.829001426696777,
    5.6350555419921875,
    6.010234355926514,
    6.010852336883545,
    5.925358772277832,
    5.835812091827393,
    5.7631707191467285,
    5.220254421234131,
    5.511679172515869,
    5.57144021987915,
    5.7459845542907715,
    5.787420272827148,
    5.613173007965088,
    5.7378458976745605,
    5.568771839141846,
    5.362847328186035,
    5.538949966430664,
    5.2187347412109375,
    5.399478912353516,
    5.598098278045654,
    5.728958606719971,
    5.572875022888184,
    5.423526763916016,
    5.641547679901123,
    5.496486663818359,
    5.507216453552246,
    5.2834296226501465,
    5.245304584503174,
    5.288818836212158,
    5.289506912231445,
    5.159572124481201,
    5.1533122062683105,
    5.306697845458984,
    5.4459004402160645,
    5.810087203979492,
    5.419538974761963,
    5.515201091766357,
    5.5618791580200195,
    5.743629455566406,
    5.556692123413086
  ]
}