{
  "name": "hat_combined_500_v2",
  "seed": 123,
  "n_states": 256,
  "sigma_c2c": 0.01,
  "sigma_d2d": 0.02,
  "analog_layers": [
    0,
    1,
    2,
    3,
    4,
    5,
    6,
    7,
    8,
    9,
    10,
    11,
    12,
    13,
    14,
    15,
    16,
    17,
    18,
    19,
    20,
    21,
    22,
    23
  ],
  "lr": 1e-05,
  "max_steps": 500,
  "retention_step_time": 0.0,
  "ppl_before": 136.2043118067109,
  "ppl_after": 25.996418535481183,
  "losses": [
    4.852466583251953,
    4.9972710609436035,
    5.045779705047607,
    5.247136116027832,
    4.7760396003723145,
    4.780020236968994,
    4.465034008026123,
    4.257658958435059,
    4.002798557281494,
    4.309511184692383,
    4.3882951736450195,
    4.03363037109375,
    4.3050665855407715,
    4.495796203613281,
    4.2807841300964355,
    4.326808929443359,
    4.159925937652588,
    4.195699214935303,
    4.072937488555908,
    3.8977267742156982,
    4.034472465515137,
    3.918363094329834,
    3.8622210025787354,
    4.150165557861328,
    4.0739827156066895,
    4.074814319610596,
    4.338089466094971,
    4.201233386993408,
    3.8310275077819824,
    4.078824996948242,
    4.343801975250244,
    4.003245830535889,
    3.7618424892425537,
    3.8446104526519775,
    3.5634195804595947,
    3.806288480758667,
    4.054301738739014,
    4.098931312561035,
    4.120729446411133,
    4.24653434753418,
    4.230377197265625,
    4.0916972160339355,
    4.089789867401123,
    4.254432678222656,
    4.348581790924072,
    4.147502899169922,
    3.734053373336792,
    3.0800743103027344,
    3.163032293319702,
    3.6287829875946045,
    3.8178632259368896,
    3.5638558864593506,
    3.254565954208374,
    3.6460044384002686,
    3.9742960929870605,
    3.966586112976074,
    3.7940242290496826,
    3.841481924057007,
    3.8738205432891846,
    3.6925852298736572,
    3.3972182273864746,
    3.4715757369995117,
    3.5108063220977783,
    3.382267713546753,
    3.526254892349243,
    3.6532187461853027,
    3.5416722297668457,
    3.8255553245544434,
    3.789170503616333,
    3.676518201828003,
    3.46372127532959,
    3.164982795715332,
    3.193840742111206,
    3.3492555618286133,
    3.416959047317505,
    3.587423324584961,
    3.58255672454834,
    3.527906894683838,
    3.7365164756774902,
    3.88010835647583,
    3.9088611602783203,
    3.925241708755493,
    3.8073785305023193,
    4.111617088317871,
    3.655195713043213,
    3.3545992374420166,
    3.6578292846679688,
    3.933450222015381,
    3.5803613662719727,
    3.119534730911255,
    3.1020591259002686,
    3.215404748916626,
    3.345551013946533,
    3.485625743865967,
    3.789201498031616,
    3.8907384872436523,
    3.5123400688171387,
    3.2078657150268555,
    3.5202958583831787,
    3.817476272583008,
    3.85557222366333,
    3.7481536865234375,
    3.6653733253479004,
    3.479538679122925,
    3.5172760486602783,
    3.9280405044555664,
    3.3900463581085205,
    3.210397720336914,
    3.4885332584381104,
    3.961317539215088,
    4.048253059387207,
    3.9849703311920166,
    3.8614344596862793,
    3.8997414112091064,
    4.104844093322754,
    3.897468090057373,
    3.5862066745758057,
    3.824702501296997,
    3.26932430267334,
    3.1088151931762695,
    3.1173529624938965,
    3.206991672515869,
    3.275946855545044,
    3.208543300628662,
    3.24528169631958,
    3.35015606880188,
    3.1164071559906006,
    3.228167772293091,
    3.4781768321990967,
    3.4875376224517822,
    3.1091296672821045,
    3.1360533237457275,
    3.238800525665283,
    3.491286277770996,
    3.462470769882202,
    3.507887840270996,
    3.568260431289673,
    3.609758138656616,
    3.551997184753418,
    3.504185914993286,
    3.6485471725463867,
    3.6411948204040527,
    3.5986618995666504,
    3.6385836601257324,
    3.457700490951538,
    3.7219111919403076,
    3.911249876022339,
    3.7236554622650146,
    3.5934228897094727,
    3.4016833305358887,
    3.3953301906585693,
    3.413987874984741,
    3.3341288566589355,
    3.545908212661743,
    3.704925298690796,
    3.6257314682006836,
    3.3240511417388916,
    3.622316837310791,
    3.8563973903656006,
    3.617551326751709,
    3.3170254230499268,
    3.4439547061920166,
    3.571732759475708,
    3.4552276134490967,
    3.338047981262207,
    3.3539340496063232,
    3.6354663372039795,
    3.5467944145202637,
    3.2283151149749756,
    3.308159112930298,
    3.514932155609131,
    3.5134527683258057,
    3.5812182426452637,
    3.768739938735962,
    3.4867663383483887,
    3.4871785640716553,
    3.6692698001861572,
    3.4491264820098877,
    3.33072566986084,
    3.370774507522583,
    3.673861026763916,
    3.331101655960083,
    3.5132882595062256,
    3.6918466091156006,
    3.6497812271118164,
    3.645061492919922,
    3.764415979385376,
    4.075240135192871,
    4.275200366973877,
    4.407018184661865,
    4.041435241699219,
    3.772643804550171,
    3.4581522941589355,
    3.3337607383728027,
    3.516615867614746,
    3.432068347930908,
    3.1878862380981445,
    3.308138132095337,
    3.34965443611145,
    3.6294331550598145,
    3.584364652633667,
    3.374744415283203,
    3.542654514312744,
    3.5214130878448486,
    3.564286708831787,
    3.464614152908325,
    3.554633140563965,
    3.4341237545013428,
    3.083585023880005,
    3.4510819911956787,
    3.7449862957000732,
    3.1498467922210693,
    2.999608278274536,
    3.101179599761963,
    3.0688974857330322,
    3.365161657333374,
    3.26640248298645,
    3.246015787124634,
    3.428257703781128,
    3.4268276691436768,
    3.5380804538726807,
    3.6647815704345703,
    3.237891674041748,
    2.8477749824523926,
    2.766507387161255,
    2.9378411769866943,
    3.0657806396484375,
    3.115781307220459,
    3.047130823135376,
    3.009256601333618,
    3.3021740913391113,
    3.377992868423462,
    3.442699909210205,
    3.6324925422668457,
    3.5729682445526123,
    3.2461299896240234,
    3.483225107192993,
    3.3658318519592285,
    3.4021055698394775,
    3.647188186645508,
    3.4256269931793213,
    3.4380056858062744,
    3.6140623092651367,
    3.6800224781036377,
    3.6650314331054688,
    3.7518842220306396,
    3.9754931926727295,
    3.8239712715148926,
    3.544123411178589,
    3.554767370223999,
    3.627941846847534,
    3.509167432785034,
    3.6466622352600098,
    3.7733066082000732,
    3.6315057277679443,
    3.4546544551849365,
    3.5082716941833496,
    3.7268240451812744,
    3.5693647861480713,
    3.5214715003967285,
    3.4321064949035645,
    3.260542154312134,
    3.6685895919799805,
    3.5283939838409424,
    3.4707889556884766,
    3.2292094230651855,
    3.220120668411255,
    3.1587350368499756,
    3.1031086444854736,
    3.2688050270080566,
    3.266817569732666,
    3.36265230178833,
    3.488940954208374,
    3.247662305831909,
    3.155116319656372,
    3.306771755218506,
    3.370556354522705,
    3.37601375579834,
    3.2540230751037598,
    3.3280303478240967,
    3.3288259506225586,
    3.271207809448242,
    3.4420149326324463,
    3.4096031188964844,
    3.196131944656372,
    3.120211362838745,
    3.1229708194732666,
    3.364537000656128,
    3.3193740844726562,
    3.3566513061523438,
    3.476752281188965,
    3.3958678245544434,
    3.16877818107605,
    3.200756072998047,
    3.3420331478118896,
    3.4514975547790527,
    3.3472166061401367,
    3.5099542140960693,
    3.5672078132629395,
    3.551562786102295,
    3.2506141662597656,
    3.1008477210998535,
    3.2556943893432617,
    3.383732795715332,
    3.2966268062591553,
    3.0888946056365967,
    3.48215651512146,
    3.6711020469665527,
    3.58461856842041,
    3.1721158027648926,
    2.86448073387146,
    3.153107166290283,
    3.3512487411499023,
    3.6223042011260986,
    3.934749126434326,
    3.8722705841064453,
    3.52311372756958,
    3.6564643383026123,
    3.733457088470459,
    3.838878870010376,
    3.758765459060669,
