{
  "name": "hat_d2d0035_1024",
  "seed": 42,
  "n_states": 256,
  "sigma_c2c": 0.0,
  "sigma_d2d": 0.035,
  "analog_layers": [
    0,
    1,
    2,
    3,
    4,
    5,
    6,
    7,
    8,
    9,
    10,
    11,
    12,
    13,
    14,
    15,
    16,
    17,
    18,
    19,
    20,
    21,
    22,
    23
  ],
  "lr": 1e-05,
  "max_steps": 200,
  "ppl_before": 4220.753414516421,
  "ppl_after": 220.2658939296062,
  "losses": [
    8.878599166870117,
    8.451805114746094,
    7.995433330535889,
    8.456686019897461,
    7.262908935546875,
    7.3315958976745605,
    7.629119396209717,
    7.7375640869140625,
    7.463981628417969,
    6.953333854675293,
    6.770577430725098,
    7.146907329559326,
    6.9895734786987305,
    6.766903877258301,
    7.023231029510498,
    7.069264888763428,
    6.373513698577881,
    6.780190944671631,
    7.024803161621094,
    6.903325080871582,
    6.874636650085449,
    7.07059907913208,
    6.790151119232178,
    6.699569225311279,
    6.780209064483643,
    6.369277000427246,
    7.017324447631836,
    6.906979084014893,
    7.14851188659668,
    7.078792095184326,
    6.596928119659424,
    6.596156120300293,
    6.405250549316406,
    6.354580879211426,
    6.363216400146484,
    6.270511150360107,
    6.329925060272217,
    6.3898515701293945,
    6.700957775115967,
    6.516369342803955,
    6.313534259796143,
    6.641283988952637,
    6.457755088806152,
    6.492544651031494,
    6.448205947875977,
    6.310314178466797,
    6.3164825439453125,
    6.597039699554443,
    6.401665210723877,
    6.449387073516846,
    6.460170269012451,
    6.508518218994141,
    6.499673366546631,
    6.389012813568115,
    6.707653045654297,
    6.700470447540283,
    6.764059066772461,
    6.467804431915283,
    6.61106538772583,
    6.215738773345947,
    5.936601161956787,
    5.886192798614502,
    5.876079559326172,
    5.992283344268799,
    6.4070940017700195,
    6.199540615081787,
    6.377845287322998,
    6.234568119049072,
    5.982598304748535,
    6.106832027435303,
    6.018680095672607,
    6.046834468841553,
    6.101576328277588,
    6.135583400726318,
    5.791244983673096,
    5.772549152374268,
    5.803350448608398,
    5.64959716796875,
    5.737508296966553,
    5.866661548614502,
    5.734643459320068,
    5.718112468719482,
    5.749473571777344,
    5.606470584869385,
    5.261695384979248,
    5.519214153289795,
    5.606709957122803,
    5.740011215209961,
    5.6552276611328125,
    5.797088623046875,
    6.008829593658447,
    6.013195037841797,
    6.050218105316162,
    6.269330024719238,
    6.4855875968933105,
    6.368873596191406,
    5.886660099029541,
    6.003539562225342,
    5.8606977462768555,
    5.732429027557373,
    5.802736759185791,
    5.9513397216796875,
    6.106883525848389,
    6.067833423614502,
    5.785800457000732,
    5.792830944061279,
    5.545212745666504,
    5.613644599914551,
    5.524571418762207,
    5.74810791015625,
    6.107903003692627,
    5.848471164703369,
    5.617771148681641,
    5.560088634490967,
    5.478966236114502,
    6.206368446350098,
    6.444394588470459,
    6.17700719833374,
    5.958114147186279,
    6.006040573120117,
    5.4690470695495605,
    5.535837173461914,
    6.047100067138672,
    5.929440498352051,
    5.638168811798096,
    5.6799397468566895,
    5.750979423522949,
    5.304327487945557,
    5.46633768081665,
    5.75222110748291,
    5.8517866134643555,
    5.712977409362793,
    5.386828899383545,
    5.32121467590332,
    6.219474792480469,
    6.099788188934326,
    5.683204174041748,
    5.60112190246582,
    5.625945568084717,
    5.475984573364258,
    5.4299187660217285,
    5.5453033447265625,
    5.527950286865234,
    5.643189430236816,
    5.6076788902282715,
    5.535065650939941,
    5.5380778312683105,
    5.45420503616333,
    5.5547637939453125,
    5.582454681396484,
    5.26326322555542,
    5.358691215515137,
    5.456697940826416,
    5.734132289886475,
    5.86496639251709,
    5.311501502990723,
    5.825826644897461,
    5.747934341430664,
    5.722952365875244,
    5.991744041442871,
    5.789401531219482,
    5.596502780914307,
    5.882201194763184,
    5.886891841888428,
    5.711294651031494,
    5.707482814788818,
    5.653207302093506,
    5.194915771484375,
    5.481213092803955,
    5.497663497924805,
    5.573083877563477,
    5.628075122833252,
    5.550680160522461,
    5.655269145965576,
    5.4095048904418945,
    5.328460216522217,
    5.244600772857666,
    5.067410469055176,
    5.326047897338867,
    5.443723201751709,
    5.638282775878906,
    5.495217800140381,
    5.244768142700195,
    5.34519100189209,
    5.405017852783203,
    5.3684306144714355,
    5.219728469848633,
    5.08161735534668,
    5.220487594604492,
    5.167640686035156,
    5.070909023284912,
    5.056502819061279,
    5.240203857421875,
    5.381858825683594,
    5.595571517944336,
    5.298009872436523,
    5.5780134201049805,
    5.560502529144287,
    5.677664756774902,
    5.484424591064453
  ]
}