{
  "name": "hat_c2c001_500_v2",
  "seed": 123,
  "n_states": 256,
  "sigma_c2c": 0.01,
  "sigma_d2d": 0.0,
  "analog_layers": [
    0,
    1,
    2,
    3,
    4,
    5,
    6,
    7,
    8,
    9,
    10,
    11,
    12,
    13,
    14,
    15,
    16,
    17,
    18,
    19,
    20,
    21,
    22,
    23
  ],
  "lr": 1e-05,
  "max_steps": 500,
  "retention_step_time": 0.0,
  "ppl_before": 64.40398552447563,
  "ppl_after": 21.36555460677864,
  "losses": [
    4.2570695877075195,
    4.20451021194458,
    4.217148780822754,
    4.532696723937988,
    4.060756206512451,
    4.24204158782959,
    4.075119495391846,
    3.4534823894500732,
    3.584259510040283,
    3.782604694366455,
    3.8036231994628906,
    3.499723196029663,
    3.7047150135040283,
    3.991666316986084,
    3.896329164505005,
    3.8070833683013916,
    3.734835386276245,
    3.5449705123901367,
    3.4630768299102783,
    3.425142288208008,
    3.645362138748169,
    3.71711802482605,
    3.3180837631225586,
    3.7085962295532227,
    3.5173542499542236,
    3.6243817806243896,
    4.051400661468506,
    3.9037561416625977,
    3.370784044265747,
    3.613215446472168,
    3.8013522624969482,
    3.6323025226593018,
    3.4566547870635986,
    3.3120715618133545,
    3.2150988578796387,
    3.5592143535614014,
    3.537633180618286,
    3.5939509868621826,
    3.72538423538208,
    3.7578771114349365,
    3.8021509647369385,
    3.644500970840454,
    3.806586265563965,
    3.7763047218322754,
    3.9227404594421387,
    3.68399715423584,
    3.2808725833892822,
    2.7007827758789062,
    2.6154377460479736,
    3.146801233291626,
    3.380429267883301,
    3.2352890968322754,
    3.0575413703918457,
    3.327547311782837,
    3.3856453895568848,
    3.490182638168335,
    3.473468780517578,
    3.462858200073242,
    3.2507388591766357,
    3.1459851264953613,
    3.0480709075927734,
    3.078326463699341,
    3.1711273193359375,
    2.962266445159912,
    3.098100423812866,
    3.1332781314849854,
    3.1892333030700684,
    3.585270404815674,
    3.3586621284484863,
    3.330141305923462,
    3.1040666103363037,
    2.7618496417999268,
    2.8452706336975098,
    3.1263275146484375,
    3.152590274810791,
    3.174341917037964,
    3.1061885356903076,
    2.975399971008301,
    3.332138776779175,
    3.6998186111450195,
    3.496608018875122,
    3.4980692863464355,
    3.7166073322296143,
    3.748680591583252,
    3.378617286682129,
    3.115147590637207,
    3.3094375133514404,
    3.569317579269409,
    3.168412446975708,
    2.804133653640747,
    2.7805521488189697,
    2.8976783752441406,
    3.1052663326263428,
    3.1787078380584717,
    3.412876605987549,
    3.5339908599853516,
    3.224714517593384,
    2.9864373207092285,
    3.17106294631958,
    3.610553026199341,
    3.5149130821228027,
    3.400984287261963,
    3.3552238941192627,
    3.162958860397339,
    3.2081239223480225,
    3.4663805961608887,
    2.9687857627868652,
    2.8246889114379883,
    3.1055774688720703,
    3.4285035133361816,
    3.532850980758667,
    3.3690876960754395,
    3.327437162399292,
    3.5624513626098633,
    3.602037191390991,
    3.3839845657348633,
    3.25282883644104,
    3.3991599082946777,
    2.9299778938293457,
    2.6887102127075195,
    2.877405881881714,
    2.909306287765503,
    2.984813690185547,
    2.873056411743164,
    2.845768928527832,
    2.9475793838500977,
    2.893404006958008,
    2.9558448791503906,
    3.1983394622802734,
    3.120180130004883,
    2.768664836883545,
    2.8186419010162354,
    2.879338264465332,
    3.071467638015747,
    3.061187505722046,
    3.2108914852142334,
    3.4313061237335205,
    3.377227306365967,
    3.287184000015259,
    3.241898536682129,
    3.3635878562927246,
    3.3788070678710938,
    3.3781566619873047,
    3.343261957168579,
    3.278961658477783,
    3.451942205429077,
    3.6154916286468506,
    3.4481070041656494,
    3.371403455734253,
    3.2193546295166016,
    3.1038124561309814,
    3.1763620376586914,
    3.1937670707702637,
    3.2968549728393555,
    3.383284568786621,
    3.3057727813720703,
    3.045797348022461,
    3.4160842895507812,
    3.5689990520477295,
    3.3206279277801514,
    3.0770161151885986,
    3.144357442855835,
    3.334965705871582,
    3.151862382888794,
    3.0989794731140137,
    3.142493724822998,
    3.400782585144043,
    3.3020148277282715,
    3.0356316566467285,
    3.1647415161132812,
    3.253586530685425,
    3.36533260345459,
    3.36283016204834,
    3.5585246086120605,
    3.287055492401123,
    3.2054598331451416,
    3.3720033168792725,
    3.2760848999023438,
    3.1022074222564697,
    3.1024301052093506,
    3.1526880264282227,
    3.0376641750335693,
    3.2586143016815186,
    3.409611463546753,
    3.394536256790161,
    3.3486480712890625,
    3.5152132511138916,
    3.743896245956421,
    3.910907030105591,
    4.036505699157715,
    3.7641067504882812,
    3.531508207321167,
    3.1494436264038086,
    3.0643157958984375,
    3.241466522216797,
    3.1834020614624023,
    2.893177032470703,
    3.06673526763916,
    3.0965476036071777,
    3.2132396697998047,
    3.312779426574707,
    3.129741668701172,
    3.267197847366333,
    3.2031540870666504,
    3.3951032161712646,
    3.2517030239105225,
    3.3074960708618164,
    3.21578311920166,
    2.8108043670654297,
    3.186959743499756,
    3.502955436706543,
    3.0024349689483643,
    2.7187020778656006,
    2.6586148738861084,
    2.871304750442505,
    3.1793038845062256,
    3.049950122833252,
    3.0828537940979004,
    3.2072484493255615,
    3.2019476890563965,
    3.457213878631592,
    3.392375946044922,
    2.9813196659088135,
    2.580174207687378,
    2.449984073638916,
    2.643216848373413,
    2.795651435852051,
    2.780427932739258,
    2.7747297286987305,
    2.716444730758667,
    3.029383420944214,
    3.1978025436401367,
    3.136043071746826,
    3.1980559825897217,
    3.3087949752807617,
    3.101614236831665,
    3.347780466079712,
    3.0791611671447754,
    3.089688301086426,
    3.436722993850708,
    3.1594364643096924,
    3.2922897338867188,
    3.387518882751465,
    3.4478847980499268,
    3.457477569580078,
    3.4926087856292725,
    3.6925299167633057,
    3.720459222793579,
    3.3664002418518066,
    3.414571762084961,
    3.5073463916778564,
    3.373366117477417,
    3.437690019607544,
    3.508763074874878,
    3.357048273086548,
    3.3143675327301025,
    3.3065857887268066,
    3.5317697525024414,
    3.3289852142333984,
    3.2467334270477295,
    3.1610124111175537,
    2.966092109680176,
    3.439720869064331,
    3.3037283420562744,
    3.235680103302002,
    2.9623825550079346,
    2.9742581844329834,
    2.922830820083618,
    2.8938863277435303,
    2.942662000656128,
    3.0399892330169678,
    3.017219305038452,
    3.230701208114624,
    3.0210165977478027,
    2.9611661434173584,
    3.014444589614868,
    3.0866997241973877,
    3.0837173461914062,
    2.949636220932007,
    3.122642755508423,
    3.109158754348755,
    3.009725570678711,
    3.092893362045288,
    3.189209461212158,
    2.9672434329986572,
    2.9596288204193115,
    2.8553810119628906,
    3.1256821155548096,
    3.0868351459503174,
    3.064049005508423,
    3.193248987197876,
    3.1875782012939453,
    2.996018886566162,
    3.033999443054199,
    3.054354190826416,
    3.110245943069458,
    3.1538312435150146,
    3.3433408737182617,
    3.3869519233703613,
    3.3082199096679688,
    3.0186071395874023,
    2.930072069168091,
    3.0726161003112793,
    3.184643507003784,
    3.1023523807525635,
    2.933671474456787,
    3.22198224067688,
    3.374021053314209,
    3.3111793994903564,
    2.845853328704834,
    2.6225035190582275,
    2.8985228538513184,
    3.0211517810821533,
    3.2964158058166504,
    3.625427007675171,
    3.6336352825164795,
    3.322166681289673,
    3.4095377922058105,
    3.5336110591888428,
    3.4971415996551514,
