{
  "name": "hat_d2d004_500_v2_d2dseed1001",
  "train_seed": 42,
  "d2d_seed": 1001,
  "n_states": 256,
  "sigma_c2c": 0.0,
  "sigma_d2d": 0.04,
  "analog_layers": [
    0,
    1,
    2,
    3,
    4,
    5,
    6,
    7,
    8,
    9,
    10,
    11,
    12,
    13,
    14,
    15,
    16,
    17,
    18,
    19,
    20,
    21,
    22,
    23
  ],
  "lr": 1e-05,
  "max_steps": 500,
  "retention_step_time": 0.0,
  "ppl_before": 367.2733896818061,
  "ppl_after": 35.69252427387839,
  "losses": [
    6.384125709533691,
    5.559874057769775,
    5.981777191162109,
    6.028351306915283,
    5.457910537719727,
    5.689526557922363,
    5.618618488311768,
    4.938380241394043,
    4.798562526702881,
    4.930593013763428,
    5.104028701782227,
    4.831272602081299,
    5.030206203460693,
    5.147461414337158,
    5.112943172454834,
    4.886139392852783,
    5.250737190246582,
    4.883613109588623,
    4.560460567474365,
    4.63621711730957,
    4.595036506652832,
    4.707785606384277,
    4.568110466003418,
    4.834211349487305,
    4.656495094299316,
    4.654975891113281,
    4.913837432861328,
    4.744787216186523,
    4.471611022949219,
    5.053613662719727,
    5.026705265045166,
    4.5552167892456055,
    4.367409706115723,
    4.243749618530273,
    4.100182056427002,
    4.511603355407715,
    4.704719543457031,
    4.642916202545166,
    4.645159721374512,
    4.675754547119141,
    4.726609706878662,
    4.526882648468018,
    4.656801700592041,
    4.594987392425537,
    4.737360954284668,
    4.643706321716309,
    4.300639629364014,
    3.7695419788360596,
    3.8008875846862793,
    4.136590003967285,
    4.455062389373779,
    4.106073379516602,
    3.9206955432891846,
    4.190694808959961,
    4.511939525604248,
    4.747073173522949,
    4.380594730377197,
    4.427592754364014,
    4.26123046875,
    4.304900646209717,
    3.9657130241394043,
    4.176914215087891,
    4.2281880378723145,
    3.9475646018981934,
    4.201650142669678,
    4.0691447257995605,
    4.152519226074219,
    4.177332878112793,
    4.325106143951416,
    4.2221221923828125,
    4.000156402587891,
    3.7455008029937744,
    3.6307027339935303,
    3.978799343109131,
    4.027380466461182,
    4.104572296142578,
    4.089510917663574,
    4.086751461029053,
    4.194809436798096,
    4.297477722167969,
    4.360623359680176,
    4.266428470611572,
    4.351212501525879,
    4.442183017730713,
    4.155365467071533,
    3.8927128314971924,
    4.140822410583496,
    4.300895690917969,
    4.0144944190979,
    3.6690759658813477,
    3.5080223083496094,
    3.680943012237549,
    3.7684028148651123,
    3.9830191135406494,
    4.193850994110107,
    4.29240608215332,
    3.9512064456939697,
    3.7997653484344482,
    3.826591730117798,
    4.197593688964844,
    4.377840042114258,
    4.339921474456787,
    4.1038594245910645,
    3.919154167175293,
    3.978256940841675,
    4.373917102813721,
    3.8778817653656006,
    3.6206774711608887,
    3.9597184658050537,
    4.471067905426025,
    4.591433525085449,
    4.366901397705078,
    4.220918655395508,
    4.401399612426758,
    4.425734519958496,
    4.255244255065918,
    4.10892391204834,
    4.353379249572754,
    3.8325653076171875,
    3.5166430473327637,
    3.819258451461792,
    3.6934235095977783,
    3.771848201751709,
    3.767690896987915,
    3.5308847427368164,
    3.6524314880371094,
    3.546419382095337,
    3.702880620956421,
    4.000540733337402,
    4.08963680267334,
    3.804753541946411,
    3.7188727855682373,
    3.6703503131866455,
    3.9291186332702637,
    4.122302055358887,
    3.899815082550049,
    3.9592790603637695,
    4.056258201599121,
    3.889997720718384,
    3.9019603729248047,
    3.991838216781616,
    4.025981426239014,
    3.96742844581604,
    4.041990756988525,
    3.999354362487793,
    4.119052410125732,
    4.12512731552124,
    4.020873546600342,
    3.9515395164489746,
    3.683715343475342,
    3.727813959121704,
    3.8826169967651367,
    3.791191577911377,
    3.823997735977173,
    4.031408309936523,
    3.911501884460449,
    3.788752555847168,
    3.9080357551574707,
    4.211834907531738,
    4.032893657684326,
    3.8041326999664307,
    3.7607221603393555,
    3.850471258163452,
    3.7159006595611572,
    3.740170955657959,
    3.7134592533111572,
    3.945106029510498,
    3.9605557918548584,
    3.510951519012451,
    3.635507345199585,
    3.739485740661621,
    3.8293020725250244,
    3.988776922225952,
    3.9180727005004883,
    3.7560598850250244,
    3.8436715602874756,
    4.0620856285095215,
    3.7856063842773438,
    3.6880500316619873,
    3.64933443069458,
    3.840101480484009,
    3.663217306137085,
    3.926360845565796,
    3.936570167541504,
    3.9546496868133545,
    3.958407402038574,
    4.229092121124268,
    4.3904314041137695,
    4.66441535949707,
    4.70796012878418,
    4.565061569213867,
    4.049135684967041,
    3.9121499061584473,
    3.6807405948638916,
    3.793262243270874,
    3.7710840702056885,
    3.6600186824798584,
    3.604583263397217,
    3.679471254348755,
    3.917405843734741,
    3.938507080078125,
    3.735851764678955,
    3.8690102100372314,
    3.906815767288208,
    3.9578661918640137,
    3.962921619415283,
    3.8698809146881104,
    3.8585245609283447,
    3.301873207092285,
    3.718374252319336,
    4.035882472991943,
    3.4303834438323975,
    3.2786285877227783,
    3.2630772590637207,
    3.4568448066711426,
    3.6382150650024414,
    3.586618423461914,
    3.6880548000335693,
    3.739814281463623,
    3.6462104320526123,
    3.988680124282837,
    4.089016914367676,
    3.620408773422241,
    3.2693536281585693,
    3.141268014907837,
    3.278069019317627,
    3.511467933654785,
    3.6179819107055664,
    3.3993945121765137,
    3.3155291080474854,
    3.6257503032684326,
    3.8637681007385254,
    3.886018991470337,
    3.9359452724456787,
    4.12573766708374,
    3.785147190093994,
    3.9706029891967773,
    3.8929221630096436,
    3.7567169666290283,
    3.877756357192993,
    3.758319854736328,
    3.8408241271972656,
    3.9346837997436523,
    3.958608388900757,
    3.999115228652954,
    4.036065101623535,
    4.193583965301514,
    4.190863132476807,
    3.70017409324646,
    3.9014623165130615,
    3.896061658859253,
    3.8359792232513428,
    3.954193115234375,
    3.9783973693847656,
    3.832244873046875,
    3.739089012145996,
    3.7500243186950684,
    3.866781711578369,
    3.7299187183380127,
    3.7076478004455566,
    3.771345376968384,
    3.620652198791504,
    3.9841864109039307,
    3.8523271083831787,
    3.7987143993377686,
    3.521562337875366,
    3.4941585063934326,
    3.5643978118896484,
    3.500471353530884,
    3.4721434116363525,
    3.70898175239563,
    3.665140151977539,
    3.8200416564941406,
    3.8034651279449463,
    3.5523500442504883,
    3.6712331771850586,
    3.7113986015319824,
    3.6471800804138184,
    3.4996533393859863,
    3.5948069095611572,
    3.6107544898986816,
    3.490297555923462,
    3.558407783508301,
    3.8132431507110596,
    3.6040189266204834,
    3.472841739654541,
    3.4341447353363037,
    3.638359308242798,
    3.6699154376983643,
    3.594444751739502,
    3.8095555305480957,
    3.6948137283325195,
    3.3652443885803223,
    3.5532987117767334,
    3.709566116333008,
    3.6811506748199463,
    3.719480276107788,
    3.766846179962158,
    3.848602771759033,
    3.8669040203094482,
    3.6655547618865967,
    3.419022560119629,
    3.4556758403778076,
    3.4876785278320312,
    3.647855281829834,
    3.3357651233673096,
    3.6298282146453857,
    3.9177021980285645,
    4.045090198516846,
    3.5322723388671875,
    3.2934911251068115,
    3.693107843399048,
    3.7337327003479004,
    3.8483340740203857,
    4.242347717285156,
    4.210779190063477,
    3.9381723403930664,
    3.9744887351989746,
    4.110997200012207,
    4.191063404083252,
    4.102770805358887,
