{
  "name": "hat_d2d0035_500_ctx512",
  "seed": 42,
  "n_states": 256,
  "sigma_c2c": 0.0,
  "sigma_d2d": 0.035,
  "analog_layers": [
    0,
    1,
    2,
    3,
    4,
    5,
    6,
    7,
    8,
    9,
    10,
    11,
    12,
    13,
    14,
    15,
    16,
    17,
    18,
    19,
    20,
    21,
    22,
    23
  ],
  "lr": 1e-05,
  "max_steps": 500,
  "ppl_before": 376.0924772295475,
  "ppl_after": 29.465055514167148,
  "losses": [
    6.519773483276367,
    5.825547218322754,
    5.703391075134277,
    6.241835594177246,
    5.360630035400391,
    5.335771560668945,
    5.129970550537109,
    4.650064945220947,
    4.5399370193481445,
    4.7574357986450195,
    5.002045631408691,
    4.594029426574707,
    4.789644718170166,
    4.898898124694824,
    4.693579196929932,
    4.6432623863220215,
    4.8512959480285645,
    4.587315559387207,
    4.305512428283691,
    4.32487154006958,
    4.450064659118652,
    4.421093940734863,
    4.2409281730651855,
    4.375094890594482,
    4.3747148513793945,
    4.5092573165893555,
    4.751890659332275,
    4.662081241607666,
    4.27131986618042,
    4.461676597595215,
    4.790933132171631,
    4.435949325561523,
    4.17626953125,
    4.009631156921387,
    3.8166778087615967,
    4.2669501304626465,
    4.364323139190674,
    4.261685371398926,
    4.3197150230407715,
    4.653890132904053,
    4.463473796844482,
    4.489227771759033,
    4.533376216888428,
    4.558371543884277,
    4.697378635406494,
    4.438711643218994,
    3.9091944694519043,
    3.3057830333709717,
    3.167221784591675,
    3.8594908714294434,
    4.271037578582764,
    3.8507823944091797,
    3.93794846534729,
    4.137167930603027,
    4.276739597320557,
    4.387077331542969,
    4.246395587921143,
    4.099593639373779,
    4.060551166534424,
    4.153039455413818,
    3.7702584266662598,
    3.8271968364715576,
    3.924130916595459,
    3.8079721927642822,
    3.8706624507904053,
    3.769423007965088,
    4.033387184143066,
    4.1498332023620605,
    4.051202774047852,
    3.9325742721557617,
    3.7454395294189453,
    3.510394811630249,
    3.4614624977111816,
    3.698439121246338,
    3.6527771949768066,
    3.8365397453308105,
    4.097533702850342,
    3.86742901802063,
    4.022227764129639,
    4.237093448638916,
    4.181464195251465,
    4.038475513458252,
    4.162143230438232,
    4.29695463180542,
    3.97941517829895,
    3.602159261703491,
    3.710463285446167,
    4.164400577545166,
    3.946458578109741,
    3.3959462642669678,
    3.2619521617889404,
    3.4522993564605713,
    3.640528440475464,
    3.6732845306396484,
    3.8825995922088623,
    4.121335506439209,
    3.6881728172302246,
    3.4056997299194336,
    3.7408640384674072,
    3.9965367317199707,
    4.124966621398926,
    3.992506742477417,
    3.800309658050537,
    3.729853868484497,
    3.7474184036254883,
    4.176919460296631,
    3.6814582347869873,
    3.3719465732574463,
    3.718712329864502,
    4.331930160522461,
    4.318354606628418,
    4.0953192710876465,
    3.9808545112609863,
    4.094522953033447,
    4.27532434463501,
    3.963949203491211,
    3.9010825157165527,
    4.13236141204834,
    3.6396474838256836,
    3.3788607120513916,
    3.365875244140625,
    3.434450626373291,
    3.552290439605713,
    3.4376204013824463,
    3.45458984375,
    3.4234721660614014,
    3.3511762619018555,
    3.4803435802459717,
    3.626713275909424,
    3.779099464416504,
    3.564117670059204,
    3.418733596801758,
    3.4780731201171875,
    3.6480088233947754,
    3.686648368835449,
    3.8691859245300293,
    3.783125638961792,
    3.77726674079895,
    3.7390100955963135,
    3.729447841644287,
    3.7254674434661865,
    3.9135711193084717,
    3.774341583251953,
    3.846994161605835,
    3.7790427207946777,
    3.859311103820801,
    3.9882919788360596,
    3.9163272380828857,
    3.752779483795166,
    3.6270461082458496,
    3.543452739715576,
    3.602627754211426,
    3.6783149242401123,
    3.755706548690796,
    3.820702075958252,
    3.8702499866485596,
    3.4790725708007812,
    3.8060171604156494,
    4.068298816680908,
    3.901590585708618,
    3.631260633468628,
    3.666682720184326,
    3.663642168045044,
    3.604886531829834,
    3.52407169342041,
    3.581315040588379,
    3.7643232345581055,
    3.664790391921997,
    3.3339672088623047,
    3.5149004459381104,
    3.6101505756378174,
    3.6183454990386963,
    3.785878896713257,
    3.8902347087860107,
    3.680683135986328,
    3.7859883308410645,
    3.8494713306427,
    3.6400094032287598,
    3.5460121631622314,
    3.5470473766326904,
    3.702423572540283,
    3.525937557220459,
    3.8046715259552,
    3.840533971786499,
    3.857581377029419,
    3.860940933227539,
    3.932410478591919,
    4.327396869659424,
    4.542657375335693,
    4.619848728179932,
    4.36287784576416,
    3.9897711277008057,
    3.598308563232422,
    3.4113986492156982,
    3.6826512813568115,
    3.554155111312866,
    3.4978933334350586,
    3.5760812759399414,
    3.6317977905273438,
    3.666574239730835,
    3.6902198791503906,
    3.5310862064361572,
    3.7035586833953857,
    3.789032220840454,
    3.7239224910736084,
    3.634765148162842,
    3.7474379539489746,
    3.660139560699463,
    3.184422731399536,
    3.592514753341675,
    3.8632442951202393,
    3.2842955589294434,
    3.060535430908203,
    2.9795806407928467,
    3.2080190181732178,
    3.5637192726135254,
    3.5044009685516357,
    3.4353647232055664,
    3.5895795822143555,
    3.6714892387390137,
    3.7742207050323486,
    3.857926368713379,
    3.4972784519195557,
    3.1972198486328125,
    2.907536268234253,
    3.1255059242248535,
    3.3385822772979736,
    3.396135091781616,
    3.317695379257202,
    3.2676501274108887,
    3.4712164402008057,
    3.635058641433716,
    3.715146541595459,
    3.81015944480896,
    3.7750017642974854,
    3.505826473236084,
    3.7596428394317627,
    3.608856678009033,
    3.5943264961242676,
    3.716474771499634,
    3.516502857208252,
    3.6199846267700195,
    3.7317824363708496,
    3.744608163833618,
    3.714385747909546,
    3.9150400161743164,
    4.132780075073242,
    4.05191707611084,
    3.705496072769165,
    3.6850342750549316,
    3.714334487915039,
    3.7008485794067383,
    3.82844614982605,
    3.9391822814941406,
    3.6983916759490967,
    3.688549041748047,
    3.6980984210968018,
    3.8623099327087402,
    3.667402744293213,
    3.6705162525177,
    3.6283180713653564,
    3.459585189819336,
    3.838365077972412,
    3.678011655807495,
    3.690040111541748,
    3.3482863903045654,
    3.353308916091919,
    3.4415202140808105,
    3.3718650341033936,
    3.3811442852020264,
    3.5470757484436035,
    3.493579149246216,
    3.8038361072540283,
    3.5650877952575684,
    3.4205522537231445,
    3.5588338375091553,
    3.6321380138397217,
    3.4928927421569824,
    3.3154242038726807,
    3.371683120727539,
    3.470696210861206,
    3.3918044567108154,
    3.5962162017822266,
    3.6651105880737305,
    3.4303274154663086,
    3.3454086780548096,
    3.2533671855926514,
    3.6039626598358154,
    3.5961380004882812,
    3.432264566421509,
    3.6695568561553955,
    3.5798532962799072,
    3.2593562602996826,
    3.4564568996429443,
    3.5019936561584473,
    3.5777156352996826,
    3.6716866493225098,
    3.6328909397125244,
    3.7295544147491455,
    3.6426820755004883,
    3.3928959369659424,
    3.272692918777466,
    3.386888027191162,
    3.495480537414551,
    3.4242634773254395,
    3.2713072299957275,
    3.55405330657959,
    3.858335018157959,
    3.7345762252807617,
    3.376614809036255,
    3.069230079650879,
    3.596579074859619,
    3.5393917560577393,
    3.7607386112213135,
    4.041436672210693,
    4.091087341308594,
    3.802537441253662,
    3.8415956497192383,
    3.911743402481079,
    3.957404375076294,
    3.9294931888580322,
    3.7993030548095703,
    3.6873440742492676,
