{
  "name": "hat_d2d005_all",
  "seed": 42,
  "n_states": 256,
  "sigma_c2c": 0.0,
  "sigma_d2d": 0.05,
  "analog_layers": [
    0,
    1,
    2,
    3,
    4,
    5,
    6,
    7,
    8,
    9,
    10,
    11,
    12,
    13,
    14,
    15,
    16,
    17,
    18,
    19,
    20,
    21,
    22,
    23
  ],
  "lr": 1e-05,
  "max_steps": 200,
  "ppl_before": 5897.188243397555,
  "ppl_after": 177.03061374859575,
  "losses": [
    9.695127487182617,
    8.868894577026367,
    7.873907089233398,
    8.647209167480469,
    7.796468257904053,
    7.612344264984131,
    7.559067726135254,
    7.159503936767578,
    7.078164100646973,
    7.141936779022217,
    7.160699367523193,
    7.046358585357666,
    6.955771446228027,
    6.985568523406982,
    6.993326663970947,
    6.969724655151367,
    7.234753131866455,
    7.478712558746338,
    6.777454376220703,
    6.694047451019287,
    6.669656276702881,
    6.623542785644531,
    6.3261895179748535,
    7.127701282501221,
    6.957770347595215,
    6.624466419219971,
    6.766432285308838,
    6.768634796142578,
    6.574184417724609,
    6.909812927246094,
    6.934329986572266,
    6.491819858551025,
    6.397833824157715,
    6.332525253295898,
    5.938801288604736,
    6.4165873527526855,
    6.642360687255859,
    6.481940269470215,
    6.711496353149414,
    6.679669380187988,
    6.362450122833252,
    6.386348247528076,
    6.706821441650391,
    6.6866068840026855,
    6.679100513458252,
    6.4165215492248535,
    6.310671329498291,
    6.154938697814941,
    6.089514255523682,
    6.365529537200928,
    6.402103900909424,
    5.89522647857666,
    5.911280632019043,
    6.63961124420166,
    7.052493095397949,
    6.95688009262085,
    6.590864658355713,
    6.788016319274902,
    6.922037601470947,
    6.867443561553955,
    6.2057271003723145,
    6.116306781768799,
    6.177417755126953,
    6.021039962768555,
    6.026793003082275,
    6.17650842666626,
    6.093068599700928,
    6.157681465148926,
    5.878599166870117,
    5.893301486968994,
    5.844783306121826,
    5.5769195556640625,
    5.339266777038574,
    5.82946252822876,
    5.8428850173950195,
    5.933015823364258,
    6.015080451965332,
    6.281506061553955,
    6.240910053253174,
    6.073665142059326,
    6.122971057891846,
    6.0990519523620605,
    6.080860614776611,
    6.193521022796631,
    6.213703155517578,
    5.891778469085693,
    5.974883556365967,
    6.01126766204834,
    6.112799644470215,
    5.733047962188721,
    5.548817157745361,
    5.846391201019287,
    5.611660957336426,
    5.808732986450195,
    6.025092601776123,
    5.963958263397217,
    5.886368274688721,
    5.573559284210205,
    5.781276226043701,
    6.037817478179932,
    5.888014793395996,
    5.964170455932617,
    5.790925979614258,
    5.745650291442871,
    5.731100559234619,
    6.193609237670898,
    5.926913738250732,
    5.586354732513428,
    6.081726551055908,
    6.178188800811768,
    6.360385894775391,
    6.29433536529541,
    6.030754089355469,
    6.006819248199463,
    6.172954082489014,
    6.1688385009765625,
    5.971900939941406,
    6.0649027824401855,
    6.449479103088379,
    5.909733295440674,
    5.297379016876221,
    5.445767879486084,
    5.5897064208984375,
    5.48155403137207,
    5.190347194671631,
    5.463901519775391,
    5.294619560241699,
    5.393843173980713,
    5.755908966064453,
    5.979804515838623,
    5.796350002288818,
    5.450973987579346,
    5.5629496574401855,
    5.749392986297607,
    6.13239049911499,
    5.710592269897461,
    5.516548156738281,
    5.612896919250488,
    5.579508304595947,
    5.640122890472412,
    5.604994773864746,
    5.550088405609131,
    5.3448405265808105,
    5.426059246063232,
    5.474096298217773,
    5.459711074829102,
    5.694925785064697,
    5.518074035644531,
    5.4579339027404785,
    5.110600471496582,
    4.9274516105651855,
    5.227514266967773,
    5.266129970550537,
    5.25747537612915,
    5.254484176635742,
    5.161202907562256,
    5.124050140380859,
    5.028647422790527,
    5.25769567489624,
    5.3866963386535645,
    5.211281776428223,
    5.359545707702637,
    5.262451648712158,
    5.1421589851379395,
    5.111937522888184,
    5.0341105461120605,
    5.240236282348633,
    5.182291507720947,
    4.633174419403076,
    4.716426372528076,
    4.928043842315674,
    4.9596123695373535,
    5.065415859222412,
    5.1623854637146,
    5.003504753112793,
    5.150354862213135,
    5.3535332679748535,
    5.077704906463623,
    4.897496223449707,
    4.979416370391846,
    5.411591529846191,
    5.585625648498535,
    5.56076192855835,
    5.48480749130249,
    5.419057369232178,
    5.688352584838867,
    5.771239757537842,
    5.800419330596924,
    5.913372039794922,
    5.962095260620117,
    5.906055927276611,
    5.450237274169922,
    5.452363967895508,
    5.099007606506348,
    5.32142972946167,
    5.236591339111328,
    5.0943708419799805,
    5.016765117645264,
    5.104841232299805,
    4.934074401855469
  ]
}