{
  "name": "hat_d2d004_500_v2_d2dseed789",
  "train_seed": 42,
  "d2d_seed": 789,
  "n_states": 256,
  "sigma_c2c": 0.0,
  "sigma_d2d": 0.04,
  "analog_layers": [
    0,
    1,
    2,
    3,
    4,
    5,
    6,
    7,
    8,
    9,
    10,
    11,
    12,
    13,
    14,
    15,
    16,
    17,
    18,
    19,
    20,
    21,
    22,
    23
  ],
  "lr": 1e-05,
  "max_steps": 500,
  "retention_step_time": 0.0,
  "ppl_before": 317.2978118506589,
  "ppl_after": 35.20895192925687,
  "losses": [
    6.293773651123047,
    5.425113201141357,
    5.477143287658691,
    6.174932956695557,
    5.3514838218688965,
    5.4672651290893555,
    5.303712368011475,
    4.84490442276001,
    4.576306343078613,
    4.895997047424316,
    4.858665943145752,
    4.76507043838501,
    4.891952037811279,
    5.016653537750244,
    4.902007102966309,
    4.833322525024414,
    4.7591400146484375,
    4.971482753753662,
    4.574245452880859,
    4.634202003479004,
    4.329232215881348,
    4.529841899871826,
    4.224353790283203,
    4.713136196136475,
    4.587502479553223,
    4.5673394203186035,
    4.97101354598999,
    4.710778713226318,
    4.497694492340088,
    4.8161821365356445,
    4.995411396026611,
    4.534058570861816,
    4.340907573699951,
    4.395928859710693,
    3.9585113525390625,
    4.386140823364258,
    4.636071681976318,
    4.580226898193359,
    4.775559902191162,
    4.647444725036621,
    4.66785192489624,
    4.632772922515869,
    4.623276710510254,
    4.700323581695557,
    4.670978546142578,
    4.6061248779296875,
    4.124984264373779,
    3.6667497158050537,
    3.746760368347168,
    3.9439165592193604,
    4.367641925811768,
    4.003606796264648,
    3.84145450592041,
    4.188792705535889,
    4.609234809875488,
    4.516636371612549,
    4.364316940307617,
    4.3295464515686035,
    4.2756524085998535,
    4.125004768371582,
    3.951352834701538,
    4.058187961578369,
    4.132935047149658,
    4.007618427276611,
    4.041844844818115,
    3.915269374847412,
    4.087175369262695,
    4.249000549316406,
    4.256438732147217,
    4.255581855773926,
    3.9184768199920654,
    3.623495101928711,
    3.6233394145965576,
    3.900242328643799,
    3.7214503288269043,
    4.043968677520752,
    4.084352970123291,
    3.9675655364990234,
    4.145437240600586,
    4.371404647827148,
    4.1673173904418945,
    4.185622215270996,
    4.326613903045654,
    4.425131797790527,
    4.185561180114746,
    3.9121310710906982,
    4.182827949523926,
    4.295618057250977,
    4.181255340576172,
    3.5806899070739746,
    3.5224788188934326,
    3.6589348316192627,
    3.638339042663574,
    3.875009298324585,
    4.255413055419922,
    4.343284606933594,
    3.9113032817840576,
    3.6655983924865723,
    3.933295726776123,
    4.206682205200195,
    4.288768291473389,
    4.227530002593994,
    4.198304653167725,
    3.9762892723083496,
    3.951901435852051,
    4.247315883636475,
    3.8997182846069336,
    3.553420066833496,
    3.9431509971618652,
    4.395889759063721,
    4.642401695251465,
    4.365662097930908,
    4.167630672454834,
    4.354226589202881,
    4.554306507110596,
    4.2518630027771,
    4.121425151824951,
    4.25465726852417,
    3.785269260406494,
    3.453458309173584,
    3.695718765258789,
    3.5932700634002686,
    3.9607691764831543,
    3.643219232559204,
    3.5758652687072754,
    3.7254011631011963,
    3.603700876235962,
    3.7347421646118164,
    3.974992513656616,
    3.973308801651001,
    3.80241322517395,
    3.776106119155884,
    3.8000736236572266,
    3.9313747882843018,
    4.0414910316467285,
    4.003158092498779,
    4.112392425537109,
    3.9062998294830322,
    3.9538862705230713,
    3.985025644302368,
    3.9366323947906494,
    4.093788146972656,
    3.9771230220794678,
    3.9580185413360596,
    3.9398012161254883,
    4.150416374206543,
    4.275849342346191,
    4.128474235534668,
    3.8895652294158936,
    3.8193283081054688,
    3.570103168487549,
    3.841224431991577,
    3.7799296379089355,
    3.8848695755004883,
    4.058155059814453,
    4.043901443481445,
    3.675713539123535,
    3.8741133213043213,
    4.124362468719482,
    4.058084964752197,
    3.672443151473999,
    3.7740514278411865,
    3.814221143722534,
    3.73414945602417,
    3.6769661903381348,
    3.7408981323242188,
    3.9256272315979004,
    3.9167091846466064,
    3.4601333141326904,
    3.689565420150757,
    3.723825216293335,
    3.7641477584838867,
    3.8307697772979736,
    3.981290817260742,
    3.725538492202759,
    3.861279249191284,
    3.9888181686401367,
    3.840761184692383,
    3.6434214115142822,
    3.5793023109436035,
    3.7885680198669434,
    3.74440598487854,
    3.933727979660034,
    4.043095588684082,
    3.943025588989258,
    4.029620170593262,
    4.2410430908203125,
    4.487757682800293,
    4.613221168518066,
    4.81086540222168,
    4.57059383392334,
    4.0128326416015625,
    3.8030872344970703,
    3.7507853507995605,
    3.889881134033203,
    3.9810473918914795,
    3.495856285095215,
    3.7227752208709717,
    3.729163885116577,
    3.9731061458587646,
    3.9870989322662354,
    3.787684202194214,
    3.9339096546173096,
    3.911555290222168,
    4.033575057983398,
    3.9526453018188477,
    3.877087116241455,
    3.8356740474700928,
    3.3658037185668945,
    3.810863494873047,
    4.083402156829834,
    3.456076145172119,
    3.2847812175750732,
    3.2831244468688965,
    3.4309535026550293,
    3.6528313159942627,
    3.6404919624328613,
    3.7950990200042725,
    3.76345157623291,
    3.7445590496063232,
    4.024495601654053,
    4.014580726623535,
    3.575176477432251,
    3.2614943981170654,
    3.1156325340270996,
    3.2732489109039307,
    3.392101526260376,
    3.551578998565674,
    3.553616762161255,
    3.402540922164917,
    3.7092385292053223,
    3.713085412979126,
    3.9334845542907715,
    4.130793571472168,
    4.036926746368408,
    3.692462682723999,
    3.9409735202789307,
    3.8735580444335938,
    3.7251269817352295,
    3.9477291107177734,
    3.697002649307251,
    3.7536613941192627,
    3.970747947692871,
    3.949923276901245,
    3.947185754776001,
    4.03529167175293,
    4.285946369171143,
    4.237807273864746,
    3.8447413444519043,
    3.8750076293945312,
    3.9743030071258545,
    3.954390048980713,
    3.9461722373962402,
    4.076376914978027,
    3.872617721557617,
    3.8726823329925537,
    3.6618947982788086,
    3.958043336868286,
    3.7388992309570312,
    3.7450053691864014,
    3.7905683517456055,
    3.658200740814209,
    3.960197925567627,
    3.8402881622314453,
    3.745265483856201,
    3.6214494705200195,
    3.5245869159698486,
    3.6178014278411865,
    3.486633539199829,
    3.517638921737671,
    3.725206136703491,
    3.657134532928467,
    3.781116485595703,
    3.848968505859375,
    3.5601463317871094,
    3.8402676582336426,
    3.8488080501556396,
    3.638533115386963,
    3.540337562561035,
    3.557697296142578,
    3.659432888031006,
    3.5389416217803955,
    3.672659158706665,
    3.8449606895446777,
    3.5667991638183594,
    3.498260259628296,
    3.387267589569092,
    3.857750177383423,
    3.7008235454559326,
    3.6063027381896973,
    3.866994857788086,
    3.6975605487823486,
    3.3354651927948,
    3.58790922164917,
    3.7578327655792236,
    3.6456446647644043,
    3.6282410621643066,
    3.9540395736694336,
    3.912153959274292,
    3.9075875282287598,
    3.6138956546783447,
    3.35945725440979,
    3.5289909839630127,
    3.650162935256958,
    3.6117708683013916,
    3.4189813137054443,
    3.813845157623291,
    3.9609789848327637,
    3.909626007080078,
    3.5554592609405518,
    3.192260980606079,
    3.6324117183685303,
    3.7779524326324463,
    3.904045581817627,
    4.220139026641846,
    4.134032726287842,
    3.9078445434570312,
    4.037859916687012,
    4.0766801834106445,
    4.135240077972412,
    4.267684459686279,
