{
  "name": "hat_d2d0025_500_v2",
  "seed": 42,
  "n_states": 256,
  "sigma_c2c": 0.0,
  "sigma_d2d": 0.025,
  "analog_layers": [
    0,
    1,
    2,
    3,
    4,
    5,
    6,
    7,
    8,
    9,
    10,
    11,
    12,
    13,
    14,
    15,
    16,
    17,
    18,
    19,
    20,
    21,
    22,
    23
  ],
  "lr": 1e-05,
  "max_steps": 500,
  "retention_step_time": 0.0,
  "ppl_before": 152.11470365150754,
  "ppl_after": 27.465345707201067,
  "losses": [
    5.278246879577637,
    5.040400505065918,
    5.102099418640137,
    5.605871200561523,
    4.968567371368408,
    4.769371032714844,
    4.509207725524902,
    4.230995178222656,
    4.122360706329346,
    4.465190410614014,
    4.504053592681885,
    4.16157341003418,
    4.421095371246338,
    4.662417411804199,
    4.338253498077393,
    4.450716495513916,
    4.256761074066162,
    4.356183052062988,
    4.193325996398926,
    4.0453314781188965,
    4.094447135925293,
    4.027840614318848,
    3.7926011085510254,
    4.03367280960083,
    4.077522277832031,
    4.113775730133057,
    4.441103935241699,
    4.301023006439209,
    3.943610191345215,
    4.194004058837891,
    4.47737455368042,
    4.030230522155762,
    3.8775289058685303,
    3.869877576828003,
    3.650165557861328,
    4.0100908279418945,
    4.225846290588379,
    4.051985740661621,
    4.222315311431885,
    4.320249557495117,
    4.248195648193359,
    4.076876163482666,
    4.212751388549805,
    4.3662309646606445,
    4.444343090057373,
    4.245997905731201,
    3.861469030380249,
    3.251436471939087,
    3.189328193664551,
    3.552579641342163,
    3.9203147888183594,
    3.5635125637054443,
    3.3452534675598145,
    3.8606598377227783,
    4.008965969085693,
    4.062702655792236,
    3.9359824657440186,
    3.933516502380371,
    3.854689121246338,
    3.825030565261841,
    3.5250823497772217,
    3.7227439880371094,
    3.5596837997436523,
    3.6063661575317383,
    3.5973668098449707,
    3.675147294998169,
    3.610349178314209,
    3.9332504272460938,
    3.8861663341522217,
    3.7657053470611572,
    3.523066997528076,
    3.1852805614471436,
    3.2324953079223633,
    3.4699277877807617,
    3.385097026824951,
    3.592848777770996,
    3.659358024597168,
    3.6140854358673096,
    3.7602949142456055,
    4.04519510269165,
    3.945114850997925,
    4.021997928619385,
    3.867835521697998,
    4.121066570281982,
    3.756309747695923,
    3.4575202465057373,
    3.733161211013794,
    3.990065813064575,
    3.663801908493042,
    3.2560198307037354,
    3.136000156402588,
    3.2575435638427734,
    3.432666540145874,
    3.587935447692871,
    3.8075244426727295,
    4.062925338745117,
    3.6431524753570557,
    3.292501926422119,
    3.5291683673858643,
    3.8623619079589844,
    3.8639137744903564,
    3.8682479858398438,
    3.761035203933716,
    3.533003091812134,
    3.504688262939453,
    3.94765305519104,
    3.4664480686187744,
    3.2644853591918945,
    3.533480644226074,
    4.01546573638916,
    4.088711261749268,
    3.9979140758514404,
    3.991588830947876,
    4.000515937805176,
    4.175707817077637,
    3.949610710144043,
    3.7373578548431396,
    3.9296531677246094,
    3.3821513652801514,
    3.13708758354187,
    3.1664023399353027,
    3.237652063369751,
    3.380021810531616,
    3.323866367340088,
    3.2152585983276367,
    3.390176296234131,
    3.266096830368042,
    3.305867910385132,
    3.4805166721343994,
    3.6611883640289307,
    3.3195159435272217,
    3.331015110015869,
    3.4147918224334717,
    3.602442502975464,
    3.5050125122070312,
    3.5998079776763916,
    3.6685566902160645,
    3.686115026473999,
    3.645214796066284,
    3.5391898155212402,
    3.7161052227020264,
    3.6935877799987793,
    3.6414456367492676,
    3.6811118125915527,
    3.5446720123291016,
    3.7430455684661865,
    3.939505100250244,
    3.7723872661590576,
    3.6274828910827637,
    3.4470388889312744,
    3.388415813446045,
    3.4995737075805664,
    3.522676467895508,
    3.5883536338806152,
    3.726043939590454,
    3.6917672157287598,
    3.423755645751953,
    3.689762592315674,
    3.947383165359497,
    3.678091526031494,
    3.348153591156006,
    3.4969940185546875,
    3.5715246200561523,
    3.480599880218506,
    3.4451675415039062,
    3.368793487548828,
    3.649066209793091,
    3.543956756591797,
    3.2735016345977783,
    3.4115242958068848,
    3.5136303901672363,
    3.5230140686035156,
    3.6507620811462402,
    3.8535773754119873,
    3.521848678588867,
    3.5530083179473877,
    3.708932876586914,
    3.5079822540283203,
    3.317796230316162,
    3.3726062774658203,
    3.609203577041626,
    3.405048131942749,
    3.5690510272979736,
    3.7187256813049316,
    3.6819310188293457,
    3.678868055343628,
    3.722703456878662,
    4.070957660675049,
    4.327727317810059,
    4.393125057220459,
    4.192563056945801,
    3.7447688579559326,
    3.491523027420044,
    3.3619613647460938,
    3.495485305786133,
    3.604238510131836,
    3.2258055210113525,
    3.421046018600464,
    3.3841779232025146,
    3.572803258895874,
    3.6099491119384766,
    3.3649656772613525,
    3.6024317741394043,
    3.608548641204834,
    3.6519839763641357,
    3.526799201965332,
    3.6356265544891357,
    3.4964404106140137,
    3.1176400184631348,
    3.501378297805786,
    3.7882351875305176,
    3.168246269226074,
    3.0022542476654053,
    3.0898234844207764,
    3.1099603176116943,
    3.382812738418579,
    3.3207640647888184,
    3.3450818061828613,
    3.5422213077545166,
    3.519770383834839,
    3.5903971195220947,
    3.7519609928131104,
    3.2723631858825684,
    2.9585797786712646,
    2.8139541149139404,
    2.9284772872924805,
    3.074981689453125,
    3.191765308380127,
    3.0694830417633057,
    3.0579662322998047,
    3.313291072845459,
    3.4723689556121826,
    3.554595470428467,
    3.666569948196411,
    3.7705166339874268,
    3.3112919330596924,
    3.542898654937744,
    3.438896656036377,
    3.5395596027374268,
    3.6315863132476807,
    3.4703660011291504,
    3.483382225036621,
    3.6274890899658203,
    3.7038815021514893,
    3.7106175422668457,
    3.7769877910614014,
    4.046708106994629,
    3.915149450302124,
    3.5799760818481445,
    3.661862850189209,
    3.633422374725342,
    3.646214723587036,
    3.6944849491119385,
    3.8195528984069824,
    3.603919267654419,
    3.472731351852417,
    3.4996676445007324,
    3.7590816020965576,
    3.6242799758911133,
    3.5067362785339355,
    3.496084213256836,
    3.245805263519287,
    3.6350858211517334,
    3.559992551803589,
    3.53085994720459,
    3.1910200119018555,
    3.265808582305908,
    3.2015326023101807,
    3.171910285949707,
    3.267070770263672,
    3.39082932472229,
    3.4318108558654785,
    3.597245454788208,
    3.3815269470214844,
    3.2345736026763916,
    3.472402572631836,
    3.4525763988494873,
    3.4390103816986084,
    3.269592761993408,
    3.3528473377227783,
    3.3527777194976807,
    3.2663683891296387,
    3.438406467437744,
    3.486830949783325,
    3.2578253746032715,
    3.19986629486084,
    3.163518190383911,
    3.4339587688446045,
    3.4086148738861084,
    3.4005818367004395,
    3.598545551300049,
    3.385572671890259,
    3.1556713581085205,
    3.254215717315674,
    3.404360294342041,
    3.486358404159546,
    3.395787000656128,
    3.5356996059417725,
    3.623702049255371,
    3.5866458415985107,
    3.28225040435791,
    3.210099220275879,
    3.2138092517852783,
    3.423015832901001,
    3.3449394702911377,
    3.14292311668396,
    3.5211544036865234,
    3.672206163406372,
    3.7032158374786377,
    3.2630319595336914,
    2.868018388748169,
    3.3167262077331543,
    3.414893388748169,
    3.6138241291046143,
    3.8841254711151123,
    3.9348816871643066,
    3.543954372406006,
    3.7064456939697266,
    3.774655342102051,
    3.8856165409088135,
    3.790358304977417,
