{
  "name": "hat_c2c001_last1_500_ctx512",
  "seed": 42,
  "n_states": 256,
  "sigma_c2c": 0.01,
  "sigma_d2d": 0.0,
  "analog_layers": [
    23
  ],
  "lr": 1e-05,
  "max_steps": 500,
  "ppl_before": 22.663454240881705,
  "ppl_after": 18.06098906322557,
  "losses": [
    3.0753402709960938,
    3.2692651748657227,
    3.5159366130828857,
    3.6881136894226074,
    3.4264354705810547,
    3.4344115257263184,
    3.310469627380371,
    2.9843740463256836,
    3.012399435043335,
    3.208855628967285,
    3.2356481552124023,
    2.901201009750366,
    3.2053542137145996,
    3.5106756687164307,
    3.2348456382751465,
    3.213345527648926,
    3.0495636463165283,
    2.824469804763794,
    2.834474802017212,
    2.98401141166687,
    3.1434621810913086,
    3.2291159629821777,
    2.9112722873687744,
    3.1755356788635254,
    3.0607521533966064,
    3.1066553592681885,
    3.4920246601104736,
    3.3930771350860596,
    2.915950059890747,
    3.193073034286499,
    3.4215385913848877,
    3.2580225467681885,
    3.029670476913452,
    2.940243721008301,
    2.7593181133270264,
    2.971896171569824,
    3.0618224143981934,
    3.223249673843384,
    3.188154458999634,
    3.2373504638671875,
    3.422250747680664,
    3.2626354694366455,
    3.2766823768615723,
    3.412405252456665,
    3.4172732830047607,
    3.264991044998169,
    2.8226935863494873,
    2.275864601135254,
    2.1822116374969482,
    2.733616590499878,
    2.9665937423706055,
    2.79472279548645,
    2.601254940032959,
    2.943769693374634,
    2.9367692470550537,
    2.912689447402954,
    3.1196112632751465,
    2.957465171813965,
    2.6432909965515137,
    2.686779737472534,
    2.6631603240966797,
    2.6514699459075928,
    2.638925552368164,
    2.5778439044952393,
    2.487990140914917,
    2.564258098602295,
    2.7858378887176514,
    3.1075053215026855,
    2.953564405441284,
    2.843686819076538,
    2.7013885974884033,
    2.4042372703552246,
    2.4740123748779297,
    2.768002510070801,
    2.7100729942321777,
    2.6985208988189697,
    2.541947841644287,
    2.515148162841797,
    2.95914363861084,
    3.383741855621338,
    3.233672857284546,
    3.2590768337249756,
    3.340954303741455,
    3.4519035816192627,
    3.0621066093444824,
    2.8228681087493896,
    2.919595718383789,
    3.1650421619415283,
    2.901859760284424,
    2.49849271774292,
    2.307812213897705,
    2.607936143875122,
    2.7917373180389404,
    2.7765464782714844,
    3.029794692993164,
    3.1904714107513428,
    2.8551692962646484,
    2.5706944465637207,
    2.8514609336853027,
    3.2221474647521973,
    3.1799328327178955,
    3.0544192790985107,
    2.948216676712036,
    2.852865695953369,
    2.875591516494751,
    3.1065611839294434,
    2.51920747756958,
    2.4364113807678223,
    2.7215373516082764,
    2.9688186645507812,
    3.0439224243164062,
    2.9925217628479004,
    2.957425594329834,
    3.164675235748291,
    3.1954612731933594,
    2.9784328937530518,
    2.9444186687469482,
    3.1387457847595215,
    2.632530927658081,
    2.365399122238159,
    2.6003787517547607,
    2.641141414642334,
    2.6875803470611572,
    2.6144988536834717,
    2.5937721729278564,
    2.7337265014648438,
    2.661046266555786,
    2.6655397415161133,
    2.8883471488952637,
    2.863510847091675,
    2.425002336502075,
    2.4904298782348633,
    2.611353874206543,
    2.8094465732574463,
    2.7398393154144287,
    2.887892007827759,
    3.1357421875,
    3.057466745376587,
    3.0484652519226074,
    3.0441219806671143,
    3.06083083152771,
    3.0814554691314697,
    3.081268072128296,
    3.147634983062744,
    3.005837917327881,
    3.274073839187622,
    3.408202648162842,
    3.228034496307373,
    3.1430845260620117,
    3.050072431564331,
    2.9669740200042725,
    2.9702625274658203,
    2.890777111053467,
    3.0561752319335938,
    3.2043099403381348,
    3.0930511951446533,
    2.8124499320983887,
    3.112039089202881,
    3.2508280277252197,
    3.0187528133392334,
    2.8132870197296143,
    2.900360107421875,
    3.1316945552825928,
    2.9967713356018066,
    2.899677276611328,
    2.9204208850860596,
    3.121706247329712,
    3.065704345703125,
    2.8315982818603516,
    3.0037660598754883,
    3.0841164588928223,
    3.1128439903259277,
    3.1121344566345215,
    3.2818005084991455,
    3.097238302230835,
    3.03922438621521,
    3.211266279220581,
    3.03296160697937,
    2.851879596710205,
    2.8243441581726074,
    2.8131649494171143,
    2.7739131450653076,
    2.9905717372894287,
    3.1665055751800537,
    3.156007766723633,
    3.1163926124572754,
    3.267024517059326,
    3.5681076049804688,
    3.589334487915039,
    3.7055130004882812,
    3.4971559047698975,
    3.259024143218994,
    2.873030424118042,
    2.7706305980682373,
    3.0106496810913086,
    2.8899154663085938,
    2.677689552307129,
    2.861515522003174,
    2.9137561321258545,
    3.004420757293701,
    3.0699453353881836,
    2.9466772079467773,
    3.0488967895507812,
    3.033451795578003,
    3.143275022506714,
    2.9690027236938477,
    3.0310845375061035,
    2.99889874458313,
    2.583986282348633,
    3.0172553062438965,
    3.3248300552368164,
    2.8136374950408936,
    2.594743013381958,
    2.4990925788879395,
    2.665266990661621,
    2.9592125415802,
    2.8487884998321533,
    2.9087319374084473,
    3.081315755844116,
    3.0512454509735107,
    3.199953317642212,
    3.22951078414917,
    2.741029739379883,
    2.379128932952881,
    2.2268519401550293,
    2.3389368057250977,
    2.543804168701172,
    2.559065818786621,
    2.4961702823638916,
    2.560206651687622,
    2.8118391036987305,
    2.9304800033569336,
    2.8170483112335205,
    2.933406114578247,
    3.095343828201294,
    2.8523123264312744,
    3.134428024291992,
    2.857321262359619,
    2.8786864280700684,
    3.1834230422973633,
    2.9845128059387207,
    3.045443534851074,
    3.1801719665527344,
    3.277113914489746,
    3.1986429691314697,
    3.276257276535034,
    3.4813427925109863,
    3.5352020263671875,
    3.159210681915283,
    3.2509448528289795,
    3.289076089859009,
    3.239992141723633,
    3.2229995727539062,
    3.286457061767578,
    3.1566693782806396,
    3.129214286804199,
    3.1356704235076904,
    3.36917781829834,
    3.1610424518585205,
    3.0565478801727295,
    2.9190497398376465,
    2.6798596382141113,
    3.0716421604156494,
    2.9610419273376465,
    2.995650053024292,
    2.73740553855896,
    2.686467409133911,
    2.6569108963012695,
    2.6777503490448,
    2.734016180038452,
    2.8311421871185303,
    2.7839736938476562,
    2.965825319290161,
    2.799437999725342,
    2.6639647483825684,
    2.7350306510925293,
    2.7982001304626465,
    2.897104024887085,
    2.835745334625244,
    2.896674394607544,
    2.869965076446533,
    2.82269549369812,
    2.9335875511169434,
    2.917037010192871,
    2.766056776046753,
    2.813410997390747,
    2.667677640914917,
    2.9125616550445557,
    2.8714725971221924,
    2.8632826805114746,
    3.0180344581604004,
    2.951174259185791,
    2.721801519393921,
    2.7819745540618896,
    2.8752081394195557,
    2.9815032482147217,
    3.0028789043426514,
    3.098567247390747,
    3.23162579536438,
    3.1314642429351807,
    2.873044967651367,
    2.770676374435425,
    2.8991596698760986,
    3.021959066390991,
    2.8952903747558594,
    2.786760091781616,
    3.068359613418579,
    3.1284971237182617,
    3.076009511947632,
    2.6575944423675537,
    2.3828036785125732,
    2.68420147895813,
    2.744535207748413,
    3.072664976119995,
    3.425938606262207,
    3.4100539684295654,
    3.0760436058044434,
    3.170557975769043,
    3.330791711807251,
    3.2934067249298096,
    3.1334927082061768,
    2.932488441467285,
    2.912785053253174,
    3.0229415893554688,
    3.0219225883483887,
    3.0699353218078613,
    3.100872039794922,
    2.7856063842773438,
    2.3345046043395996,
