{
  "name": "hat_c2c001_500_ctx512",
  "seed": 123,
  "n_states": 256,
  "sigma_c2c": 0.01,
  "sigma_d2d": 0.0,
  "analog_layers": [
    0,
    1,
    2,
    3,
    4,
    5,
    6,
    7,
    8,
    9,
    10,
    11,
    12,
    13,
    14,
    15,
    16,
    17,
    18,
    19,
    20,
    21,
    22,
    23
  ],
  "lr": 1e-05,
  "max_steps": 500,
  "ppl_before": 42.16499685667556,
  "ppl_after": 20.06124089440274,
  "losses": [
    3.833347797393799,
    3.909815549850464,
    4.187070369720459,
    4.304060459136963,
    3.8606045246124268,
    3.9638335704803467,
    3.755373239517212,
    3.2514195442199707,
    3.3972675800323486,
    3.5500948429107666,
    3.5469541549682617,
    3.1993606090545654,
    3.569441556930542,
    3.826080560684204,
    3.540466785430908,
    3.5956263542175293,
    3.5018959045410156,
    3.213984251022339,
    3.246213674545288,
    3.2413859367370605,
    3.3712844848632812,
    3.4714224338531494,
    3.237426996231079,
    3.438218593597412,
    3.337476968765259,
    3.4070615768432617,
    3.7723567485809326,
    3.6988322734832764,
    3.235875129699707,
    3.4602439403533936,
    3.6982014179229736,
    3.511423110961914,
    3.324324131011963,
    3.1599316596984863,
    3.0530426502227783,
    3.326852798461914,
    3.3103325366973877,
    3.377218008041382,
    3.4619178771972656,
    3.4708545207977295,
    3.64449405670166,
    3.5103914737701416,
    3.4721274375915527,
    3.5882837772369385,
    3.6944329738616943,
    3.585949420928955,
    3.0326716899871826,
    2.4692888259887695,
    2.4145889282226562,
    2.9296176433563232,
    3.2513504028320312,
    3.088674783706665,
    2.839953899383545,
    3.1654365062713623,
    3.250579595565796,
    3.270947217941284,
    3.3881897926330566,
    3.243565559387207,
    2.901996612548828,
    3.0425360202789307,
    2.914006471633911,
    2.84123158454895,
    2.8246192932128906,
    2.8367016315460205,
    2.8743624687194824,
    2.8992080688476562,
    3.007969856262207,
    3.2809560298919678,
    3.244083881378174,
    3.0418496131896973,
    2.8865737915039062,
    2.561255693435669,
    2.6717641353607178,
    2.9398345947265625,
    2.9744367599487305,
    3.003382444381714,
    2.8430347442626953,
    2.7204015254974365,
    3.258326292037964,
    3.5911731719970703,
    3.4528708457946777,
    3.4632630348205566,
    3.5223233699798584,
    3.6286871433258057,
    3.2750515937805176,
    2.9975156784057617,
    3.1089768409729004,
    3.355952739715576,
    3.0878498554229736,
    2.6883978843688965,
    2.589498996734619,
    2.791367530822754,
    3.0225462913513184,
    2.9546213150024414,
    3.241934299468994,
    3.358018159866333,
    3.057878017425537,
    2.8073787689208984,
    2.9808268547058105,
    3.377711057662964,
    3.42160701751709,
    3.2905185222625732,
    3.1692700386047363,
    3.0250933170318604,
    3.057851552963257,
    3.3343899250030518,
    2.691204786300659,
    2.6244752407073975,
    2.849540948867798,
    3.14925479888916,
    3.191551685333252,
    3.2509236335754395,
    3.0966594219207764,
    3.388786554336548,
    3.4174320697784424,
    3.1924686431884766,
    3.0523691177368164,
    3.2717666625976562,
    2.80241060256958,
    2.5822229385375977,
    2.7147436141967773,
    2.7660953998565674,
    2.8261940479278564,
    2.739703893661499,
    2.748131036758423,
    2.8607871532440186,
    2.7706453800201416,
    2.819284677505493,
    3.008131980895996,
    3.0634000301361084,
    2.6657276153564453,
    2.6795921325683594,
    2.795823335647583,
    2.919719696044922,
    2.8647403717041016,
    3.039026975631714,
    3.271422863006592,
    3.1890981197357178,
    3.165430784225464,
    3.1896262168884277,
    3.197984457015991,
    3.2409420013427734,
    3.2264761924743652,
    3.2667548656463623,
    3.1520347595214844,
    3.401481866836548,
    3.511244535446167,
    3.3570072650909424,
    3.2874035835266113,
    3.1683189868927,
    3.0962164402008057,
    3.0999350547790527,
    3.0374813079833984,
    3.188251256942749,
    3.2774646282196045,
    3.2274529933929443,
    2.9202821254730225,
    3.2484498023986816,
    3.4518826007843018,
    3.1922121047973633,
    2.9400956630706787,
    3.035851240158081,
    3.3327438831329346,
    3.097266674041748,
    3.0412166118621826,
    3.1200616359710693,
    3.2681820392608643,
    3.2260687351226807,
    2.96992564201355,
    3.0907697677612305,
    3.1860733032226562,
    3.2133326530456543,
    3.3015623092651367,
    3.411980390548706,
    3.199188470840454,
    3.1418616771698,
    3.320669174194336,
    3.181007146835327,
    2.9810867309570312,
    2.9617233276367188,
    3.0221779346466064,
    2.9517855644226074,
    3.1081767082214355,
    3.258300304412842,
    3.267141342163086,
    3.260084390640259,
    3.4031097888946533,
    3.6584527492523193,
    3.735501766204834,
    3.8946850299835205,
    3.68938946723938,
    3.402148485183716,
    3.0544662475585938,
    2.921952724456787,
    3.083914279937744,
    3.0212717056274414,
    2.7965564727783203,
    2.9578468799591064,
    3.0189368724823,
    3.1217660903930664,
    3.2272236347198486,
    3.1172614097595215,
    3.181478261947632,
    3.244213104248047,
    3.302954912185669,
    3.152944564819336,
    3.179394483566284,
    3.1475837230682373,
    2.7367606163024902,
    3.1006407737731934,
    3.439286708831787,
    2.9136769771575928,
    2.6939697265625,
    2.5938212871551514,
    2.780076742172241,
    3.0983824729919434,
    2.9983747005462646,
    3.0502946376800537,
    3.1249773502349854,
    3.139893054962158,
    3.342135190963745,
    3.315319061279297,
    2.8675408363342285,
    2.5492262840270996,
    2.355816602706909,
    2.4707815647125244,
    2.645557403564453,
    2.6524550914764404,
    2.5987234115600586,
    2.664098024368286,
    2.874216318130493,
    3.066014289855957,
    3.049415349960327,
    3.0347492694854736,
    3.194119930267334,
    2.9146478176116943,
    3.265594005584717,
    3.0014877319335938,
    3.00392484664917,
    3.2618627548217773,
    3.084923505783081,
    3.0895445346832275,
    3.278313159942627,
    3.3904712200164795,
    3.332498550415039,
    3.441265344619751,
    3.597513437271118,
    3.625649929046631,
    3.2803499698638916,
    3.3675994873046875,
    3.353574275970459,
    3.3243067264556885,
    3.3325729370117188,
    3.4435670375823975,
    3.2798569202423096,
    3.24389910697937,
    3.2157931327819824,
    3.4478230476379395,
    3.274221420288086,
    3.1886937618255615,
    3.0913589000701904,
    2.8693461418151855,
    3.32385516166687,
    3.1809394359588623,
    3.173793315887451,
    2.8697173595428467,
    2.8659045696258545,
    2.840200901031494,
    2.8269829750061035,
    2.9149386882781982,
    2.950838088989258,
    2.959123134613037,
    3.13795804977417,
    2.9380569458007812,
    2.827396869659424,
    2.9215922355651855,
    2.9474945068359375,
    2.9677634239196777,
    2.919226884841919,
    2.980858564376831,
    3.096487045288086,
    3.0101592540740967,
    3.151163339614868,
    3.088440179824829,
    2.911135196685791,
    2.8956453800201416,
    2.7556872367858887,
    3.036356210708618,
    2.9608795642852783,
    2.959512710571289,
    3.1437013149261475,
    3.093003511428833,
    2.8517074584960938,
    2.9676785469055176,
    3.054929733276367,
    3.064584493637085,
    3.039494276046753,
    3.2410335540771484,
    3.334759473800659,
    3.2134158611297607,
    2.9667956829071045,
    2.8626346588134766,
    2.9905195236206055,
    3.142245054244995,
    3.008531332015991,
    2.849207639694214,
    3.1741020679473877,
    3.3225653171539307,
    3.2263782024383545,
    2.7578165531158447,
    2.4779934883117676,
    2.784980058670044,
    2.9104719161987305,
    3.206282138824463,
    3.507101058959961,
    3.4915969371795654,
    3.172471284866333,
    3.2827565670013428,
    3.438621997833252,
    3.354052782058716,
    3.281677007675171,
