{
  "name": "hat_d2d004_200_ctx512",
  "seed": 42,
  "n_states": 256,
  "sigma_c2c": 0.0,
  "sigma_d2d": 0.04,
  "analog_layers": [
    0,
    1,
    2,
    3,
    4,
    5,
    6,
    7,
    8,
    9,
    10,
    11,
    12,
    13,
    14,
    15,
    16,
    17,
    18,
    19,
    20,
    21,
    22,
    23
  ],
  "lr": 1e-05,
  "max_steps": 200,
  "ppl_before": 652.368170014244,
  "ppl_after": 42.46495948145436,
  "losses": [
    7.225284099578857,
    6.358785629272461,
    6.162809371948242,
    6.757596969604492,
    5.775803565979004,
    5.738818168640137,
    5.5561723709106445,
    5.071791648864746,
    4.957484722137451,
    5.104431629180908,
    5.4214653968811035,
    5.016071319580078,
    5.069043159484863,
    5.199662685394287,
    4.943456172943115,
    4.956130504608154,
    5.1843414306640625,
    4.963224411010742,
    4.580313682556152,
    4.613004684448242,
    4.628469944000244,
    4.663676738739014,
    4.429589748382568,
    4.741940021514893,
    4.760122776031494,
    4.775265216827393,
    4.95443058013916,
    4.8376922607421875,
    4.5114665031433105,
    4.750114440917969,
    5.030646800994873,
    4.633645057678223,
    4.336166858673096,
    4.183877944946289,
    4.04426908493042,
    4.439737319946289,
    4.4596452713012695,
    4.480412006378174,
    4.5445733070373535,
    4.8139472007751465,
    4.698867321014404,
    4.700304985046387,
    4.706209182739258,
    4.6570234298706055,
    4.90054988861084,
    4.526700973510742,
    4.2014617919921875,
    3.625128746032715,
    3.333942174911499,
    4.0396647453308105,
    4.38118314743042,
    3.931124687194824,
    4.100382328033447,
    4.2803850173950195,
    4.517106533050537,
    4.617419242858887,
    4.399368762969971,
    4.338742256164551,
    4.286909580230713,
    4.365196228027344,
    4.004227161407471,
    3.944636821746826,
    4.144218444824219,
    3.92790150642395,
    4.12481689453125,
    4.030092239379883,
    4.272514820098877,
    4.345475673675537,
    4.279406547546387,
    4.1897478103637695,
    3.9889535903930664,
    3.6759209632873535,
    3.69551420211792,
    3.9112191200256348,
    3.8230929374694824,
    4.116092681884766,
    4.160052299499512,
    4.094128608703613,
    4.184469699859619,
    4.28497838973999,
    4.284311294555664,
    4.279736518859863,
    4.31934118270874,
    4.417391777038574,
    4.177942276000977,
    3.7589612007141113,
    3.863603353500366,
    4.266183853149414,
    4.050387382507324,
    3.482907295227051,
    3.321747064590454,
    3.555171251296997,
    3.7057511806488037,
    3.765953540802002,
    4.09492826461792,
    4.236059188842773,
    3.8539936542510986,
    3.5736072063446045,
    3.9017698764801025,
    4.171422481536865,
    4.262059211730957,
    4.147024154663086,
    4.018258571624756,
    3.8630425930023193,
    3.8520267009735107,
    4.3299784660339355,
    3.8862593173980713,
    3.4996836185455322,
    3.8862173557281494,
    4.466926574707031,
    4.605609893798828,
    4.1964616775512695,
    4.155889987945557,
    4.249592304229736,
    4.387354373931885,
    4.156208515167236,
    4.094941139221191,
    4.310009002685547,
    3.6881868839263916,
    3.4938440322875977,
    3.527836322784424,
    3.4409303665161133,
    3.7102017402648926,
    3.5901522636413574,
    3.562988042831421,
    3.6109111309051514,
    3.5358245372772217,
    3.6095128059387207,
    3.7501118183135986,
    3.9665632247924805,
    3.6598377227783203,
    3.5996196269989014,
    3.657447338104248,
    3.7732057571411133,
    3.8187520503997803,
    4.039156436920166,
    3.9189770221710205,
    3.860678195953369,
    3.865457773208618,
    3.8777084350585938,
    3.887638807296753,
    4.0382399559021,
    3.8943498134613037,
    3.9546709060668945,
    3.9038007259368896,
    3.98085618019104,
    4.101806163787842,
    3.997469186782837,
    3.861337184906006,
    3.715127944946289,
    3.6928441524505615,
    3.737137794494629,
    3.7427613735198975,
    3.877441644668579,
    3.9787397384643555,
    3.962841749191284,
    3.650562047958374,
    3.9824154376983643,
    4.22484016418457,
    3.9949944019317627,
    3.744382858276367,
    3.786714792251587,
    3.7317543029785156,
    3.71563458442688,
    3.6194913387298584,
    3.6275196075439453,
    3.9048478603363037,
    3.8363585472106934,
    3.4732089042663574,
    3.630866765975952,
    3.7318010330200195,
    3.6575305461883545,
    3.879927635192871,
    3.9980640411376953,
    3.8100855350494385,
    3.8357737064361572,
    3.9369776248931885,
    3.6945550441741943,
    3.631599187850952,
    3.6536309719085693,
    3.764781951904297,
    3.6267707347869873,
    3.845747232437134,
    3.8545846939086914,
    3.9412827491760254,
    3.9454641342163086,
    4.0219573974609375,
    4.444210052490234,
    4.5898308753967285,
    4.6691694259643555,
    4.388330936431885,
    4.121012210845947,
    3.6315882205963135,
    3.5713462829589844,
    3.793968915939331,
    3.6406946182250977,
    3.5692288875579834,
    3.6740429401397705,
    3.8066468238830566,
    3.783581256866455
  ]
}