{
  "name": "hat_c2c001_last1_500_v2",
  "seed": 42,
  "n_states": 256,
  "sigma_c2c": 0.01,
  "sigma_d2d": 0.0,
  "analog_layers": [
    23
  ],
  "lr": 1e-05,
  "max_steps": 500,
  "ppl_before": 23.068707484965284,
  "ppl_after": 18.142868917353248,
  "losses": [
    3.086294174194336,
    3.2916557788848877,
    3.5237109661102295,
    3.6967403888702393,
    3.4347612857818604,
    3.4618964195251465,
    3.334975242614746,
    2.9876489639282227,
    3.0280282497406006,
    3.2536630630493164,
    3.2591631412506104,
    2.951798915863037,
    3.228919267654419,
    3.518167734146118,
    3.2212929725646973,
    3.19937801361084,
    3.0680243968963623,
    2.8186898231506348,
    2.8671038150787354,
    2.9802236557006836,
    3.181344985961914,
    3.2581918239593506,
    2.9473493099212646,
    3.201037645339966,
    3.067312479019165,
    3.1143062114715576,
    3.5465915203094482,
    3.4622912406921387,
    2.9388084411621094,
    3.199817419052124,
    3.425543785095215,
    3.262624740600586,
    3.034560203552246,
    2.9370172023773193,
    2.770643472671509,
    3.0079762935638428,
    3.0793583393096924,
    3.235379695892334,
    3.203305959701538,
    3.2657992839813232,
    3.4220666885375977,
    3.282888412475586,
    3.298393964767456,
    3.413771390914917,
    3.439720869064331,
    3.2805938720703125,
    2.8284404277801514,
    2.2733538150787354,
    2.202044725418091,
    2.723329782485962,
    2.975817918777466,
    2.8094482421875,
    2.6151418685913086,
    2.9758658409118652,
    2.9769835472106934,
    2.9667036533355713,
    3.1367461681365967,
    3.002310037612915,
    2.6996333599090576,
    2.709662437438965,
    2.664890766143799,
    2.6981613636016846,
    2.6207637786865234,
    2.5892183780670166,
    2.5327346324920654,
    2.594465494155884,
    2.8125264644622803,
    3.1371920108795166,
    2.9653918743133545,
    2.8766918182373047,
    2.710174322128296,
    2.425727605819702,
    2.4787163734436035,
    2.7671005725860596,
    2.702033758163452,
    2.6965444087982178,
    2.561580181121826,
    2.496807813644409,
    2.9798076152801514,
    3.3972840309143066,
    3.2840216159820557,
    3.2964985370635986,
    3.3553032875061035,
    3.4798524379730225,
    3.1020612716674805,
    2.7997050285339355,
    2.923532009124756,
    3.1797590255737305,
    2.943371534347534,
    2.5264270305633545,
    2.32906436920166,
    2.6241414546966553,
    2.803863286972046,
    2.833686590194702,
    3.060953378677368,
    3.248046636581421,
    2.879218578338623,
    2.570232629776001,
    2.8369922637939453,
    3.2324461936950684,
    3.1990559101104736,
    3.108710527420044,
    3.0132369995117188,
    2.876267194747925,
    2.891835927963257,
    3.1408276557922363,
    2.53429913520813,
    2.45841646194458,
    2.768153667449951,
    3.015075445175171,
    3.042078971862793,
    3.006526231765747,
    3.004223585128784,
    3.156852960586548,
    3.2535128593444824,
    2.992729902267456,
    2.939124345779419,
    3.1535987854003906,
    2.61649751663208,
    2.4038870334625244,
    2.602778673171997,
    2.6583778858184814,
    2.737301826477051,
    2.6314802169799805,
    2.6209092140197754,
    2.756983518600464,
    2.696816921234131,
    2.6812124252319336,
    2.9125757217407227,
    2.903691291809082,
    2.425014019012451,
    2.517047882080078,
    2.658277750015259,
    2.8586478233337402,
    2.746569871902466,
    2.884270429611206,
    3.1255249977111816,
    3.0739471912384033,
    3.067587375640869,
    3.055412530899048,
    3.110217571258545,
    3.1139442920684814,
    3.1181509494781494,
    3.1526546478271484,
    3.0188541412353516,
    3.269989252090454,
    3.409860134124756,
    3.2267816066741943,
    3.1371371746063232,
    3.0563127994537354,
    2.9807288646698,
    2.9813332557678223,
    2.905184030532837,
    3.071504592895508,
    3.2213268280029297,
    3.09193754196167,
    2.8233883380889893,
    3.1468636989593506,
    3.279400110244751,
    3.042898416519165,
    2.7988970279693604,
    2.9220705032348633,
    3.132464647293091,
    2.996110677719116,
    2.899986982345581,
    2.920912981033325,
    3.131589889526367,
    3.0990681648254395,
    2.8172214031219482,
    3.004559278488159,
    3.0948803424835205,
    3.0995752811431885,
    3.1419599056243896,
    3.3008129596710205,
    3.0958750247955322,
    3.0294151306152344,
    3.2089786529541016,
    3.0513370037078857,
    2.8504319190979004,
    2.822957754135132,
    2.8343167304992676,
    2.8158907890319824,
    3.0043907165527344,
    3.1926755905151367,
    3.1879048347473145,
    3.1485657691955566,
    3.2906157970428467,
    3.577479600906372,
    3.5903704166412354,
    3.7317190170288086,
    3.5220088958740234,
    3.2680840492248535,
    2.883577585220337,
    2.7554397583007812,
    3.021322727203369,
    2.9081594944000244,
    2.6968142986297607,
    2.8618264198303223,
    2.930989980697632,
    3.0154099464416504,
    3.0636727809906006,
    2.968827247619629,
    3.0766513347625732,
    3.0582852363586426,
    3.1454405784606934,
    2.9894638061523438,
    3.032688617706299,
    3.0500547885894775,
    2.5925493240356445,
    3.042358160018921,
    3.327789783477783,
    2.8299286365509033,
    2.604706287384033,
    2.5005245208740234,
    2.699267625808716,
    2.983604669570923,
    2.8526203632354736,
    2.9062275886535645,
    3.0827689170837402,
    3.0577449798583984,
    3.211880922317505,
    3.2684788703918457,
    2.7695939540863037,
    2.365459680557251,
    2.2221264839172363,
    2.3469202518463135,
    2.567291259765625,
    2.5851762294769287,
    2.5049567222595215,
    2.5518202781677246,
    2.8099212646484375,
    2.9395787715911865,
    2.8522703647613525,
    2.931591033935547,
    3.0759592056274414,
    2.8358142375946045,
    3.117126226425171,
    2.8497111797332764,
    2.8623766899108887,
    3.197115182876587,
    2.994584083557129,
    3.009106159210205,
    3.186638593673706,
    3.2861135005950928,
    3.20306134223938,
    3.2924649715423584,
    3.481760263442993,
    3.5294992923736572,
    3.1810624599456787,
    3.2696518898010254,
    3.270565986633301,
    3.2452220916748047,
    3.246807336807251,
    3.3011443614959717,
    3.1355385780334473,
    3.1373660564422607,
    3.1510109901428223,
    3.3755500316619873,
    3.1571645736694336,
    3.060760736465454,
    2.9342072010040283,
    2.666534662246704,
    3.0554988384246826,
    2.9603400230407715,
    3.0075902938842773,
    2.7633590698242188,
    2.7200989723205566,
    2.6885507106781006,
    2.6875879764556885,
    2.7711188793182373,
    2.844719648361206,
    2.8050694465637207,
    2.9791691303253174,
    2.8223283290863037,
    2.703897476196289,
    2.765730142593384,
    2.8316421508789062,
    2.905780553817749,
    2.845463514328003,
    2.908487558364868,
    2.9009928703308105,
    2.857201337814331,
    2.9404985904693604,
    2.949814796447754,
    2.7876598834991455,
    2.8201169967651367,
    2.714850425720215,
    2.9415853023529053,
    2.8663313388824463,
    2.865380048751831,
    3.031273365020752,
    2.970721483230591,
    2.7390553951263428,
    2.785560131072998,
    2.8671791553497314,
    2.9817445278167725,
    3.0055649280548096,
    3.0944316387176514,
    3.241105079650879,
    3.1210711002349854,
    2.8573954105377197,
    2.774719476699829,
    2.860117197036743,
    3.0043721199035645,
    2.9094717502593994,
    2.789646625518799,
    3.071314811706543,
    3.1675219535827637,
    3.1015002727508545,
    2.6672089099884033,
    2.3862974643707275,
    2.7239673137664795,
    2.7677559852600098,
    3.0767431259155273,
    3.4387941360473633,
    3.411998748779297,
    3.0829834938049316,
    3.192704677581787,
    3.3469772338867188,
    3.306901454925537,
    3.1405386924743652,
    2.9036452770233154,
    2.925201892852783,
    3.0449907779693604,
    3.038771867752075,
    3.066469192504883,
    3.117759943008423,
    2.8021399974823,
