{
  "name": "hat_d2d005_500_ctx512",
  "seed": 42,
  "n_states": 256,
  "sigma_c2c": 0.0,
  "sigma_d2d": 0.05,
  "analog_layers": [
    0,
    1,
    2,
    3,
    4,
    5,
    6,
    7,
    8,
    9,
    10,
    11,
    12,
    13,
    14,
    15,
    16,
    17,
    18,
    19,
    20,
    21,
    22,
    23
  ],
  "lr": 1e-05,
  "max_steps": 500,
  "ppl_before": 1988.754834542631,
  "ppl_after": 40.183741531951995,
  "losses": [
    7.536296844482422,
    7.3050456047058105,
    7.2599968910217285,
    7.820099830627441,
    6.656396389007568,
    6.5636749267578125,
    6.42731237411499,
    6.0041632652282715,
    5.719266891479492,
    5.822432518005371,
    6.281230926513672,
    5.787136077880859,
    5.682218551635742,
    5.9563374519348145,
    5.774777412414551,
    5.724823951721191,
    5.92262601852417,
    5.804605007171631,
    5.309503555297852,
    5.313282489776611,
    5.273842811584473,
    5.121850967407227,
    4.9832353591918945,
    5.346288204193115,
    5.3386921882629395,
    5.407212257385254,
    5.506086826324463,
    5.273824214935303,
    5.053187370300293,
    5.392484664916992,
    5.5875396728515625,
    5.15744161605835,
    4.8973188400268555,
    4.621657371520996,
    4.5200066566467285,
    4.999741077423096,
    5.018406867980957,
    4.936460971832275,
    5.055127143859863,
    5.2892985343933105,
    5.019979953765869,
    5.228729724884033,
    5.107842445373535,
    5.1793389320373535,
    5.274425506591797,
    4.955515384674072,
    4.7244696617126465,
    4.492407321929932,
    4.02015495300293,
    4.50784969329834,
    4.861077308654785,
    4.47674560546875,
    4.377707481384277,
    4.6890130043029785,
    4.945450305938721,
    5.183649063110352,
    4.854568958282471,
    4.637232780456543,
    4.854058742523193,
    4.798007011413574,
    4.451579570770264,
    4.478601455688477,
    4.5256853103637695,
    4.397206783294678,
    4.454603672027588,
    4.34893274307251,
    4.521443843841553,
    4.712375640869141,
    4.619384765625,
    4.529134273529053,
    4.265594005584717,
    4.096096515655518,
    3.960132598876953,
    4.441295146942139,
    4.29002571105957,
    4.482290267944336,
    4.448040962219238,
    4.501234531402588,
    4.622104644775391,
    4.609830379486084,
    4.565333366394043,
    4.545881271362305,
    4.538533687591553,
    4.7462477684021,
    4.579439640045166,
    4.188300132751465,
    4.19617223739624,
    4.676032543182373,
    4.562697410583496,
    3.8164687156677246,
    3.6618847846984863,
    3.9467124938964844,
    4.092935562133789,
    4.126699447631836,
    4.350478649139404,
    4.468131065368652,
    4.128040313720703,
    3.94578218460083,
    4.145842552185059,
    4.406905174255371,
    4.42451810836792,
    4.471457481384277,
    4.354125499725342,
    4.122245788574219,
    4.126161098480225,
    4.59197998046875,
    4.285133361816406,
    3.841373920440674,
    4.190039157867432,
    4.742114543914795,
    4.928112030029297,
    4.557398796081543,
    4.5569939613342285,
    4.625253677368164,
    4.800525665283203,
    4.535868167877197,
    4.452512264251709,
    4.57363748550415,
    4.132857322692871,
    3.7478437423706055,
    3.7807493209838867,
    3.700639247894287,
    4.017671585083008,
    3.7383792400360107,
    3.8370540142059326,
    3.9630661010742188,
    3.783613681793213,
    3.8667068481445312,
    4.193329334259033,
    4.381045341491699,
    4.068897247314453,
    3.9884073734283447,
    4.037097930908203,
    4.069882392883301,
    4.143761157989502,
    4.246110916137695,
    4.203927040100098,
    4.177736282348633,
    4.152749538421631,
    4.159953594207764,
    4.188815593719482,
    4.2501044273376465,
    4.210442066192627,
    4.21303129196167,
    4.074731826782227,
    4.321519374847412,
    4.384506702423096,
    4.30580997467041,
    4.186331748962402,
    3.960322856903076,
    3.9963152408599854,
    3.9616572856903076,
    3.9809064865112305,
    4.088230133056641,
    4.2300896644592285,
    4.221506595611572,
    3.8655567169189453,
    4.180862903594971,
    4.3644914627075195,
    4.209029674530029,
    4.0571088790893555,
    3.9920220375061035,
    3.9718713760375977,
    4.002376556396484,
    3.836107015609741,
    3.8952412605285645,
    4.207237720489502,
    4.202341556549072,
    3.6393260955810547,
    3.8879570960998535,
    3.947061061859131,
    3.937307596206665,
    4.173026084899902,
    4.174746513366699,
    4.024925708770752,
    4.104743957519531,
    4.193984031677246,
    3.9101977348327637,
    3.90525484085083,
    3.916595220565796,
    4.067320823669434,
    3.924095392227173,
    4.121490001678467,
    4.147986888885498,
    4.1997761726379395,
    4.18614387512207,
    4.363611221313477,
    4.663288593292236,
    4.815390110015869,
    4.85319709777832,
    4.707418918609619,
    4.301499843597412,
    3.935389280319214,
    3.8013980388641357,
    4.040208339691162,
    3.889646530151367,
    3.790764093399048,
    3.8702259063720703,
    4.01918363571167,
    4.031828880310059,
    3.9770567417144775,
    3.865628957748413,
    4.013733386993408,
    4.114112854003906,
    4.126777172088623,
    4.109891891479492,
    4.07388973236084,
    4.055806636810303,
    3.640958786010742,
    3.9625244140625,
    4.105893611907959,
    3.590524435043335,
    3.431394100189209,
    3.41154408454895,
    3.4879941940307617,
    3.8130111694335938,
    3.855783700942993,
    3.797788619995117,
    3.8839151859283447,
    3.9350152015686035,
    4.099181652069092,
    4.243376731872559,
    3.854083776473999,
    3.5272467136383057,
    3.3191792964935303,
    3.5288503170013428,
    3.6995108127593994,
    3.8467602729797363,
    3.688289165496826,
    3.5170984268188477,
    3.846848726272583,
    4.009200572967529,
    4.076317310333252,
    4.294435024261475,
    4.190013408660889,
    3.8835952281951904,
    4.152990341186523,
    3.9720265865325928,
    3.9495654106140137,
    4.058762550354004,
    3.8772222995758057,
    3.9463086128234863,
    4.12677526473999,
    3.994713544845581,
    3.9891538619995117,
    4.226630687713623,
    4.494695663452148,
    4.328774929046631,
    3.9471218585968018,
    3.92096209526062,
    3.990178346633911,
    4.031782627105713,
    4.204505920410156,
    4.1578240394592285,
    3.9910449981689453,
    3.983783006668091,
    3.9098803997039795,
    4.164648056030273,
    3.941279411315918,
    3.9318416118621826,
    3.9732015132904053,
    3.714418649673462,
    4.1904401779174805,
    4.014258861541748,
    4.042952060699463,
    3.769015312194824,
    3.668599843978882,
    3.81650972366333,
    3.7151567935943604,
    3.7433528900146484,
    3.892402410507202,
    3.808337450027466,
    4.077643871307373,
    3.9030778408050537,
    3.7903504371643066,
    3.864076614379883,
    3.9331464767456055,
    3.6957404613494873,
    3.6986515522003174,
    3.7286176681518555,
    3.789829730987549,
    3.668522357940674,
    3.9103481769561768,
    3.9911086559295654,
    3.7958953380584717,
    3.605466365814209,
    3.499009370803833,
    3.8649463653564453,
    3.8147144317626953,
    3.739126443862915,
    4.063715934753418,
    3.9497900009155273,
    3.503819704055786,
    3.7376339435577393,
    3.837597370147705,
    3.83569073677063,
    3.9396820068359375,
    3.913804054260254,
    4.003159999847412,
    3.982743978500366,
    3.7178242206573486,
    3.4931280612945557,
    3.598487615585327,
    3.673133611679077,
    3.744907855987549,
    3.5147488117218018,
    3.8762760162353516,
    4.1504292488098145,
    4.093677997589111,
    3.777703285217285,
    3.518512010574341,
    3.8688125610351562,
    3.8804256916046143,
    4.149224281311035,
    4.339856147766113,
    4.323448657989502,
    4.145587921142578,
    4.164069175720215,
    4.248290538787842,
    4.296034336090088,
    4.375439167022705,
    4.098844051361084,
    4.084359169006348,
    4.012274265289307,
    3.888780355453491,
    3.9290735721588135,
