{
  "name": "hat_d2d004_500_ctx512",
  "seed": 42,
  "n_states": 256,
  "sigma_c2c": 0.0,
  "sigma_d2d": 0.04,
  "analog_layers": [
    0,
    1,
    2,
    3,
    4,
    5,
    6,
    7,
    8,
    9,
    10,
    11,
    12,
    13,
    14,
    15,
    16,
    17,
    18,
    19,
    20,
    21,
    22,
    23
  ],
  "lr": 1e-05,
  "max_steps": 500,
  "ppl_before": 652.368170014244,
  "ppl_after": 31.846189151566637,
  "losses": [
    7.225284099578857,
    6.358785629272461,
    6.162809371948242,
    6.757596969604492,
    5.775803565979004,
    5.738818168640137,
    5.5561723709106445,
    5.071791648864746,
    4.957484722137451,
    5.104431629180908,
    5.4214653968811035,
    5.016071319580078,
    5.069043159484863,
    5.199662685394287,
    4.943456172943115,
    4.956130504608154,
    5.1843414306640625,
    4.963224411010742,
    4.580313682556152,
    4.613004684448242,
    4.628469944000244,
    4.663676738739014,
    4.429589748382568,
    4.741940021514893,
    4.760122776031494,
    4.775265216827393,
    4.95443058013916,
    4.8376922607421875,
    4.5114665031433105,
    4.750114440917969,
    5.030646800994873,
    4.633645057678223,
    4.336166858673096,
    4.183877944946289,
    4.04426908493042,
    4.439737319946289,
    4.4596452713012695,
    4.480412006378174,
    4.5445733070373535,
    4.8139472007751465,
    4.698867321014404,
    4.700304985046387,
    4.706209182739258,
    4.6570234298706055,
    4.90054988861084,
    4.526700973510742,
    4.2014617919921875,
    3.625128746032715,
    3.333942174911499,
    4.0396647453308105,
    4.38118314743042,
    3.931124687194824,
    4.100382328033447,
    4.2803850173950195,
    4.517106533050537,
    4.617419242858887,
    4.399368762969971,
    4.338742256164551,
    4.286909580230713,
    4.365196228027344,
    4.004227161407471,
    3.944636821746826,
    4.144218444824219,
    3.92790150642395,
    4.12481689453125,
    4.030092239379883,
    4.272514820098877,
    4.345475673675537,
    4.279406547546387,
    4.1897478103637695,
    3.9889535903930664,
    3.6759209632873535,
    3.69551420211792,
    3.9112191200256348,
    3.8230929374694824,
    4.116092681884766,
    4.160052299499512,
    4.094128608703613,
    4.184469699859619,
    4.28497838973999,
    4.284311294555664,
    4.279736518859863,
    4.31934118270874,
    4.417391777038574,
    4.177942276000977,
    3.7589612007141113,
    3.863603353500366,
    4.266183853149414,
    4.050387382507324,
    3.482907295227051,
    3.321747064590454,
    3.555171251296997,
    3.7057511806488037,
    3.765953540802002,
    4.09492826461792,
    4.236059188842773,
    3.8539936542510986,
    3.5736072063446045,
    3.9017698764801025,
    4.171422481536865,
    4.262059211730957,
    4.147024154663086,
    4.018258571624756,
    3.8630425930023193,
    3.8520267009735107,
    4.3299784660339355,
    3.8862593173980713,
    3.4996836185455322,
    3.8862173557281494,
    4.466926574707031,
    4.605609893798828,
    4.1964616775512695,
    4.155889987945557,
    4.249592304229736,
    4.387354373931885,
    4.156208515167236,
    4.094941139221191,
    4.310009002685547,
    3.6881868839263916,
    3.4938440322875977,
    3.527836322784424,
    3.4409303665161133,
    3.7102017402648926,
    3.5901522636413574,
    3.562988042831421,
    3.6109111309051514,
    3.5358245372772217,
    3.6095128059387207,
    3.7501118183135986,
    3.9665632247924805,
    3.6598377227783203,
    3.5996196269989014,
    3.657447338104248,
    3.7732057571411133,
    3.8187520503997803,
    4.039156436920166,
    3.9189770221710205,
    3.860678195953369,
    3.865457773208618,
    3.8777084350585938,
    3.887638807296753,
    4.0382399559021,
    3.8943498134613037,
    3.9546709060668945,
    3.9038007259368896,
    3.98085618019104,
    4.101806163787842,
    3.997469186782837,
    3.861337184906006,
    3.715127944946289,
    3.6928441524505615,
    3.737137794494629,
    3.7427613735198975,
    3.877441644668579,
    3.9787397384643555,
    3.962841749191284,
    3.650562047958374,
    3.9824154376983643,
    4.22484016418457,
    3.9949944019317627,
    3.744382858276367,
    3.786714792251587,
    3.7317543029785156,
    3.71563458442688,
    3.6194913387298584,
    3.6275196075439453,
    3.9048478603363037,
    3.8363585472106934,
    3.4732089042663574,
    3.630866765975952,
    3.7318010330200195,
    3.6575305461883545,
    3.879927635192871,
    3.9980640411376953,
    3.8100855350494385,
    3.8357737064361572,
    3.9369776248931885,
    3.6945550441741943,
    3.631599187850952,
    3.6536309719085693,
    3.764781951904297,
    3.6267707347869873,
    3.845747232437134,
    3.8545846939086914,
    3.9412827491760254,
    3.9454641342163086,
    4.0219573974609375,
    4.444210052490234,
    4.5898308753967285,
    4.6691694259643555,
    4.388330936431885,
    4.121012210845947,
    3.6315882205963135,
    3.5713462829589844,
    3.793968915939331,
    3.6406946182250977,
    3.5692288875579834,
    3.6740429401397705,
    3.8066468238830566,
    3.783581256866455,
    3.757969379425049,
    3.621328830718994,
    3.77506422996521,
    3.8548145294189453,
    3.82710862159729,
    3.774343967437744,
    3.8512563705444336,
    3.842282295227051,
    3.3897666931152344,
    3.718378782272339,
    3.854900360107422,
    3.4420156478881836,
    3.2519800662994385,
    3.2838759422302246,
    3.3526813983917236,
    3.649829864501953,
    3.6573519706726074,
    3.5066139698028564,
    3.722057580947876,
    3.695741653442383,
    3.8527536392211914,
    3.941190242767334,
    3.5486652851104736,
    3.262951612472534,
    3.0651650428771973,
    3.265723705291748,
    3.386392831802368,
    3.5254812240600586,
    3.4210853576660156,
    3.30729079246521,
    3.602369546890259,
    3.6963348388671875,
    3.725388765335083,
    3.9005777835845947,
    3.8522534370422363,
    3.611943006515503,
    3.828289270401001,
    3.645291328430176,
    3.686272382736206,
    3.7716281414031982,
    3.673175096511841,
    3.705590009689331,
    3.841277599334717,
    3.8353209495544434,
    3.8026885986328125,
    3.9801456928253174,
    4.211038112640381,
    4.117310523986816,
    3.7946465015411377,
    3.7565648555755615,
    3.844546318054199,
    3.789473533630371,
    4.062383651733398,
    4.031850814819336,
    3.800825834274292,
    3.7991411685943604,
    3.7523274421691895,
    4.030610084533691,
    3.7738730907440186,
    3.76132869720459,
    3.7693545818328857,
    3.4813625812530518,
    3.865835428237915,
    3.772005319595337,
    3.7648842334747314,
    3.5096189975738525,
    3.456378698348999,
    3.554265022277832,
    3.5048303604125977,
    3.41605281829834,
    3.594560146331787,
    3.5590782165527344,
    3.8659255504608154,
    3.5853359699249268,
    3.5406720638275146,
    3.6349384784698486,
    3.687451124191284,
    3.5312657356262207,
    3.463399648666382,
    3.501098871231079,
    3.6209676265716553,
    3.4423413276672363,
    3.613903045654297,
    3.7279889583587646,
    3.5363142490386963,
    3.4472241401672363,
    3.2834296226501465,
    3.6086714267730713,
    3.67037296295166,
    3.540552854537964,
    3.804042100906372,
    3.7191293239593506,
    3.3225860595703125,
    3.458209753036499,
    3.558532953262329,
    3.600435733795166,
    3.736872434616089,
    3.725945472717285,
    3.8225064277648926,
    3.7527339458465576,
    3.4705841541290283,
    3.2696022987365723,
    3.3693389892578125,
    3.513312339782715,
    3.5866730213165283,
    3.338334798812866,
    3.623988389968872,
    3.9643805027008057,
    3.8588314056396484,
    3.4673471450805664,
    3.2226855754852295,
    3.5714449882507324,
    3.619255542755127,
    3.804614543914795,
    4.076289653778076,
    4.064324378967285,
    3.8361377716064453,
    3.8915836811065674,
    3.9670493602752686,
    4.024542808532715,
    4.074881076812744,
    3.820723295211792,
    3.7916510105133057,
