{
  "name": "hat_d2d002_c2c001_500_ctx512",
  "seed": 123,
  "n_states": 256,
  "sigma_c2c": 0.01,
  "sigma_d2d": 0.02,
  "analog_layers": [
    0,
    1,
    2,
    3,
    4,
    5,
    6,
    7,
    8,
    9,
    10,
    11,
    12,
    13,
    14,
    15,
    16,
    17,
    18,
    19,
    20,
    21,
    22,
    23
  ],
  "lr": 1e-05,
  "max_steps": 500,
  "ppl_before": 103.51809654984338,
  "ppl_after": 23.681412970458066,
  "losses": [
    4.932004928588867,
    4.462109565734863,
    4.702968120574951,
    5.00101900100708,
    4.306118488311768,
    4.40933084487915,
    4.350401401519775,
    3.8773813247680664,
    3.7914085388183594,
    4.132233619689941,
    4.275374889373779,
    3.7213611602783203,
    4.096528053283691,
    4.3075432777404785,
    4.206005573272705,
    3.9995813369750977,
    4.034457206726074,
    3.8957958221435547,
    3.5511717796325684,
    3.6938562393188477,
    3.728741407394409,
    3.9487688541412354,
    3.5307726860046387,
    3.7702510356903076,
    3.908872127532959,
    3.8664817810058594,
    4.265068531036377,
    4.144190311431885,
    3.6907453536987305,
    3.8523874282836914,
    4.11248779296875,
    3.9387435913085938,
    3.7308194637298584,
    3.5400497913360596,
    3.295043706893921,
    3.7357850074768066,
    3.9531795978546143,
    3.83743953704834,
    3.9384732246398926,
    4.048554420471191,
    4.1026482582092285,
    3.9465677738189697,
    3.8657987117767334,
    4.1594438552856445,
    4.118429660797119,
    3.958768129348755,
    3.4085726737976074,
    2.886406183242798,
    2.795790195465088,
    3.3095219135284424,
    3.678973436355591,
    3.369499444961548,
    3.1822290420532227,
    3.687680959701538,
    3.766758441925049,
    3.9207603931427,
    3.7545082569122314,
    3.73301362991333,
    3.5437607765197754,
    3.4268693923950195,
    3.2818381786346436,
    3.3743362426757812,
    3.2929835319519043,
    3.377270221710205,
    3.3442444801330566,
    3.3451766967773438,
    3.5601611137390137,
    3.6003899574279785,
    3.795456647872925,
    3.3747572898864746,
    3.266136884689331,
    2.929450511932373,
    3.0319724082946777,
    3.2227981090545654,
    3.2680485248565674,
    3.4530465602874756,
    3.3699376583099365,
    3.3212788105010986,
    3.5519611835479736,
    3.894965171813965,
    3.681281566619873,
    3.7987184524536133,
    3.9145002365112305,
    3.9049417972564697,
    3.5664377212524414,
    3.263784408569336,
    3.5581631660461426,
    3.711559295654297,
    3.3649516105651855,
    3.0051615238189697,
    2.8601062297821045,
    3.0587027072906494,
    3.3037281036376953,
    3.290726900100708,
    3.5442326068878174,
    3.650935649871826,
    3.391791582107544,
    3.01427960395813,
    3.3273673057556152,
    3.6875386238098145,
    3.6716842651367188,
    3.55464243888855,
    3.5527586936950684,
    3.274466037750244,
    3.3291282653808594,
    3.6472043991088867,
    3.1570842266082764,
    3.002858877182007,
    3.325683116912842,
    3.791849136352539,
    3.795797824859619,
    3.6427745819091797,
    3.587085485458374,
    3.740828514099121,
    3.8238143920898438,
    3.6264989376068115,
    3.4207205772399902,
    3.6028428077697754,
    3.154465675354004,
    2.9335098266601562,
    3.0662760734558105,
    3.140615463256836,
    3.230769634246826,
    3.064176559448242,
    3.0858705043792725,
    3.1801934242248535,
    3.054270029067993,
    3.1828536987304688,
    3.2964303493499756,
    3.396653890609741,
    3.0434470176696777,
    3.0453226566314697,
    3.037663221359253,
    3.2781450748443604,
    3.282977342605591,
    3.3426318168640137,
    3.5113723278045654,
    3.4867546558380127,
    3.3600010871887207,
    3.4305429458618164,
    3.4368906021118164,
    3.4784109592437744,
    3.49971604347229,
    3.523073434829712,
    3.5145649909973145,
    3.6309709548950195,
    3.820967197418213,
    3.6291685104370117,
    3.4657561779022217,
    3.385606288909912,
    3.317953109741211,
    3.395050287246704,
    3.226639986038208,
    3.3739686012268066,
    3.5080838203430176,
    3.440401077270508,
    3.147458791732788,
    3.532391309738159,
    3.771594285964966,
    3.5266356468200684,
    3.245532274246216,
    3.29194712638855,
    3.5087034702301025,
    3.309511661529541,
    3.13555645942688,
    3.306262731552124,
    3.4401631355285645,
    3.424936294555664,
    3.1137075424194336,
    3.2456889152526855,
    3.3983147144317627,
    3.424004554748535,
    3.485830068588257,
    3.653357982635498,
    3.3840091228485107,
    3.313791513442993,
    3.5579614639282227,
    3.3498008251190186,
    3.2426629066467285,
    3.2634382247924805,
    3.3166310787200928,
    3.1712489128112793,
    3.37095046043396,
    3.511404037475586,
    3.5669219493865967,
    3.4861221313476562,
    3.6100494861602783,
    3.9705698490142822,
    3.9863712787628174,
    4.265536308288574,
    4.109737873077393,
    3.666175365447998,
    3.320303201675415,
    3.202056407928467,
    3.4188742637634277,
    3.3099594116210938,
    3.0741817951202393,
    3.2170348167419434,
    3.3401756286621094,
    3.331336259841919,
    3.3949995040893555,
    3.310792922973633,
    3.3553802967071533,
    3.455310344696045,
    3.472804546356201,
    3.358485698699951,
    3.366983652114868,
    3.3358912467956543,
    2.9004414081573486,
    3.3889870643615723,
    3.6404151916503906,
    3.0966272354125977,
    2.8831260204315186,
    2.806655168533325,
    3.03709077835083,
    3.275120973587036,
    3.223322629928589,
    3.201674222946167,
    3.3515472412109375,
    3.357494354248047,
    3.532273769378662,
    3.6109073162078857,
    3.131394624710083,
    2.7897350788116455,
    2.602924346923828,
    2.8003244400024414,
    2.9290077686309814,
    2.9594919681549072,
    2.8581058979034424,
    2.900085210800171,
    3.1971538066864014,
    3.308027505874634,
    3.318796157836914,
    3.285168409347534,
    3.5455286502838135,
    3.1497786045074463,
    3.5027835369110107,
    3.253704071044922,
    3.2229533195495605,
    3.518375873565674,
    3.2759690284729004,
    3.316087484359741,
    3.480053663253784,
    3.606304168701172,
    3.556302070617676,
    3.626915216445923,
    3.837172031402588,
    3.81115984916687,
    3.4344918727874756,
    3.5218071937561035,
    3.5728094577789307,
    3.4384748935699463,
    3.5661261081695557,
    3.676823139190674,
    3.429225444793701,
    3.4434878826141357,
    3.39727520942688,
    3.620560646057129,
    3.428743839263916,
    3.3594448566436768,
    3.270297050476074,
    3.0218262672424316,
    3.506256341934204,
    3.3726842403411865,
    3.2881431579589844,
    3.1446802616119385,
    3.0388901233673096,
    3.0544049739837646,
    2.9972527027130127,
    3.09505295753479,
    3.133179187774658,
    3.2030699253082275,
    3.335477352142334,
    3.2866053581237793,
    3.073986053466797,
    3.242582321166992,
    3.219120502471924,
    3.210575819015503,
    3.143198013305664,
    3.159329414367676,
    3.2917630672454834,
    3.1478488445281982,
    3.2262656688690186,
    3.2773261070251465,
    3.1303656101226807,
    3.173610210418701,
    2.947322130203247,
    3.224271297454834,
    3.2167325019836426,
    3.126610279083252,
    3.4164316654205322,
    3.2629075050354004,
    3.016477584838867,
    3.1408960819244385,
    3.2098450660705566,
    3.2820591926574707,
    3.2522246837615967,
    3.4169156551361084,
    3.437643527984619,
    3.3915748596191406,
    3.1619839668273926,
    3.0212271213531494,
    3.161151885986328,
    3.3044984340667725,
    3.1656494140625,
    3.027945041656494,
    3.3085155487060547,
    3.5324349403381348,
    3.4741268157958984,
    3.0136640071868896,
    2.691133737564087,
    3.049973964691162,
    3.2160205841064453,
    3.4147257804870605,
    3.726944923400879,
    3.732569932937622,
    3.39974308013916,
    3.4850776195526123,
    3.6417429447174072,
    3.641634225845337,
    3.644913673400879,
