{
  "name": "hat_d2d002_500_freshd2d_last2",
  "train_seed": 42,
  "d2d_seed": 42,
  "n_states": 256,
  "sigma_c2c": 0.0,
  "sigma_d2d": 0.02,
  "analog_layers": [
    22,
    23
  ],
  "lr": 1e-05,
  "max_steps": 500,
  "retention_step_time": 0.0,
  "ppl_before": 24.926148809356928,
  "ppl_after": 18.686349231124538,
  "losses": [
    3.1678926944732666,
    3.3789544105529785,
    3.6205689907073975,
    3.764294147491455,
    3.5271737575531006,
    3.5196125507354736,
    3.3590872287750244,
    3.063563108444214,
    3.0546305179595947,
    3.2662973403930664,
    3.3012197017669678,
    2.972231864929199,
    3.2852394580841064,
    3.570768356323242,
    3.296193838119507,
    3.309148073196411,
    3.1713480949401855,
    2.9179277420043945,
    2.942909002304077,
    3.006520986557007,
    3.2243030071258545,
    3.280600070953369,
    3.0159730911254883,
    3.247298240661621,
    3.105466604232788,
    3.1679465770721436,
    3.5914969444274902,
    3.461472272872925,
    2.998349905014038,
    3.276024103164673,
    3.4847426414489746,
    3.2945337295532227,
    3.099821090698242,
    2.987114667892456,
    2.832646131515503,
    3.090172290802002,
    3.1099226474761963,
    3.2552950382232666,
    3.2346622943878174,
    3.273878574371338,
    3.4647042751312256,
    3.3720548152923584,
    3.3801674842834473,
    3.506833791732788,
    3.5178463459014893,
    3.321141242980957,
    2.8586041927337646,
    2.3035566806793213,
    2.2492871284484863,
    2.761505603790283,
    3.003815174102783,
    2.8264265060424805,
    2.6644320487976074,
    3.03959584236145,
    3.030681848526001,
    3.0417325496673584,
    3.1564524173736572,
    3.0023996829986572,
    2.7399909496307373,
    2.746739387512207,
    2.7636473178863525,
    2.7368345260620117,
    2.720585823059082,
    2.733912706375122,
    2.5928335189819336,
    2.628485918045044,
    2.9055190086364746,
    3.2093615531921387,
    3.0387656688690186,
    2.881657123565674,
    2.765535354614258,
    2.4575610160827637,
    2.540287494659424,
    2.8263673782348633,
    2.7650458812713623,
    2.7165303230285645,
    2.636817693710327,
    2.5851187705993652,
    3.0018279552459717,
    3.4821276664733887,
    3.330345630645752,
    3.3334176540374756,
    3.3889377117156982,
    3.4949309825897217,
    3.1435024738311768,
    2.866668939590454,
    2.982625722885132,
    3.2528507709503174,
    2.965834140777588,
    2.5720489025115967,
    2.4029252529144287,
    2.683260202407837,
    2.816859006881714,
    2.8478360176086426,
    3.1222686767578125,
    3.2968053817749023,
    2.9224793910980225,
    2.6515679359436035,
    2.887197494506836,
    3.2619762420654297,
    3.2184157371520996,
    3.1331799030303955,
    3.0211596488952637,
    2.897284984588623,
    2.9336655139923096,
    3.165040969848633,
    2.61350679397583,
    2.439316511154175,
    2.8103268146514893,
    3.08056902885437,
    3.166529655456543,
    3.0432302951812744,
    3.0220277309417725,
    3.186469316482544,
    3.304112434387207,
    3.0329482555389404,
    2.9978249073028564,
    3.1987061500549316,
    2.702507257461548,
    2.41379976272583,
    2.6632039546966553,
    2.6916582584381104,
    2.7375190258026123,
    2.705148696899414,
    2.703035831451416,
    2.8024134635925293,
    2.6928482055664062,
    2.708250045776367,
    2.967625856399536,
    2.8974268436431885,
    2.5202243328094482,
    2.6236636638641357,
    2.697235584259033,
    2.879150629043579,
    2.7769570350646973,
    2.9656264781951904,
    3.1645493507385254,
    3.124997854232788,
    3.0958447456359863,
    3.1063122749328613,
    3.103759765625,
    3.1489133834838867,
    3.1431615352630615,
    3.2255301475524902,
    3.0712311267852783,
    3.3292384147644043,
    3.4160032272338867,
    3.253720998764038,
    3.201930284500122,
    3.090564489364624,
    2.9751229286193848,
    3.0215182304382324,
    2.9420902729034424,
    3.104393243789673,
    3.264285087585449,
    3.1127207279205322,
    2.8432090282440186,
    3.1677584648132324,
    3.311265468597412,
    3.0623388290405273,
    2.8652429580688477,
    2.956139326095581,
    3.16037654876709,
    3.001433849334717,
    2.9309000968933105,
    2.9505817890167236,
    3.1666886806488037,
    3.1202447414398193,
    2.8875796794891357,
    3.0132901668548584,
    3.131030321121216,
    3.1417977809906006,
    3.1844329833984375,
    3.3115367889404297,
    3.1287052631378174,
    3.069049119949341,
    3.232090950012207,
    3.099417209625244,
    2.9264986515045166,
    2.869396924972534,
    2.8598663806915283,
    2.8465354442596436,
    3.0255792140960693,
    3.23941707611084,
    3.2110283374786377,
    3.1455695629119873,
    3.328115463256836,
    3.5697619915008545,
    3.592806816101074,
    3.750910520553589,
    3.592865228652954,
    3.3280599117279053,
    2.94199800491333,
    2.80668306350708,
    3.0622313022613525,
    2.934419870376587,
    2.7451388835906982,
    2.921201467514038,
    2.9416792392730713,
    3.033339500427246,
    3.1322176456451416,
    3.001035451889038,
    3.096635103225708,
    3.0608983039855957,
    3.148911237716675,
    2.9958395957946777,
    3.064854383468628,
    3.0430972576141357,
    2.6265347003936768,
    3.0997018814086914,
    3.370741128921509,
    2.8417069911956787,
    2.6423003673553467,
    2.5488533973693848,
    2.7175374031066895,
    2.9821791648864746,
    2.902634382247925,
    2.93070125579834,
    3.0971269607543945,
    3.0777933597564697,
    3.237877607345581,
    3.270540952682495,
    2.8084235191345215,
    2.409662961959839,
    2.2756638526916504,
    2.3696165084838867,
    2.5865938663482666,
    2.6078596115112305,
    2.5647709369659424,
    2.589216947555542,
    2.868255615234375,
    2.997762441635132,
    2.892366886138916,
    2.982367992401123,
    3.167863607406616,
    2.885303020477295,
    3.188676357269287,
    2.8914239406585693,
    2.9302308559417725,
    3.2512712478637695,
    3.00838565826416,
    3.0069680213928223,
    3.1992692947387695,
    3.3324368000030518,
    3.248811960220337,
    3.3306643962860107,
    3.5346784591674805,
    3.5804860591888428,
    3.2190353870391846,
    3.314998149871826,
    3.3592495918273926,
    3.297590732574463,
    3.3109078407287598,
    3.3288800716400146,
    3.1581714153289795,
    3.163625717163086,
    3.158565044403076,
    3.3840556144714355,
    3.1980247497558594,
    3.0875463485717773,
    2.9796574115753174,
    2.7266030311584473,
    3.1349048614501953,
    3.0140533447265625,
    3.0261898040771484,
    2.7578580379486084,
    2.7184982299804688,
    2.7342772483825684,
    2.7322545051574707,
    2.7750988006591797,
    2.8642141819000244,
    2.8367202281951904,
    3.015434980392456,
    2.8404128551483154,
    2.739060878753662,
    2.7916927337646484,
    2.8211793899536133,
    2.9041779041290283,
    2.853452205657959,
    2.940265417098999,
    2.951906442642212,
    2.9120047092437744,
    2.9848673343658447,
    2.953906297683716,
    2.843367338180542,
    2.82205867767334,
    2.73533034324646,
    2.9356188774108887,
    2.8980209827423096,
    2.877154588699341,
    3.038262367248535,
    2.9637014865875244,
    2.7507543563842773,
    2.806525230407715,
    2.8769798278808594,
    2.9862189292907715,
    3.017948627471924,
    3.1055798530578613,
    3.279780387878418,
    3.1579055786132812,
    2.907273054122925,
    2.817708969116211,
    2.921872854232788,
    3.0153441429138184,
    2.9626545906066895,
    2.8351168632507324,
    3.109755039215088,
    3.166083335876465,
    3.1214702129364014,
    2.7017457485198975,
    2.4381630420684814,
    2.7235219478607178,
    2.783675193786621,
    3.1219961643218994,
    3.443394422531128,
    3.430565118789673,
    3.108954906463623,
    3.2437057495117188,
    3.388361930847168,
    3.318296194076538,
    3.149183511734009,
    2.9923830032348633,
    2.9641427993774414,
    3.092207670211792,
    3.0710177421569824,
