{
  "name": "hat_d2d002_500_v2_d2dseed42",
  "train_seed": 42,
  "d2d_seed": 42,
  "n_states": 256,
  "sigma_c2c": 0.0,
  "sigma_d2d": 0.02,
  "analog_layers": [
    0,
    1,
    2,
    3,
    4,
    5,
    6,
    7,
    8,
    9,
    10,
    11,
    12,
    13,
    14,
    15,
    16,
    17,
    18,
    19,
    20,
    21,
    22,
    23
  ],
  "lr": 1e-05,
  "max_steps": 500,
  "retention_step_time": 0.0,
  "ppl_before": 116.07844742354874,
  "ppl_after": 25.16537540615768,
  "losses": [
    4.962560653686523,
    4.650896072387695,
    4.79509973526001,
    5.013139724731445,
    4.783837795257568,
    4.7938737869262695,
    4.478474140167236,
    4.043127536773682,
    3.8911054134368896,
    4.174026966094971,
    4.3756632804870605,
    3.9228944778442383,
    4.177357196807861,
    4.356027603149414,
    4.241101264953613,
    4.188507556915283,
    4.186387062072754,
    4.202902317047119,
    4.011440753936768,
    3.9441628456115723,
    3.928908586502075,
    4.062372207641602,
    3.665290355682373,
    3.9384074211120605,
    3.821096658706665,
    3.980069398880005,
    4.245398998260498,
    4.147246360778809,
    3.8639841079711914,
    4.011778831481934,
    4.29387903213501,
    3.929178476333618,
    3.714827299118042,
    3.7274558544158936,
    3.4726810455322266,
    3.924858570098877,
    3.963567018508911,
    4.004925727844238,
    4.110285758972168,
    4.1948442459106445,
    4.220850467681885,
    4.052407264709473,
    4.0703206062316895,
    4.261274814605713,
    4.218798637390137,
    4.112368106842041,
    3.5832889080047607,
    2.8924472332000732,
    3.0032875537872314,
    3.4746205806732178,
    3.9496405124664307,
    3.477306604385376,
    3.2663421630859375,
    3.7379586696624756,
    3.878641128540039,
    3.825688123703003,
    3.9592015743255615,
    3.7731809616088867,
    3.6514475345611572,
    3.6730544567108154,
    3.429332971572876,
    3.519548177719116,
    3.5022852420806885,
    3.542407274246216,
    3.4965031147003174,
    3.5305423736572266,
    3.5875210762023926,
    3.7252724170684814,
    3.803316593170166,
    3.5287301540374756,
    3.4697694778442383,
    3.064584970474243,
    3.186711072921753,
    3.320215940475464,
    3.3883886337280273,
    3.5626914501190186,
    3.554316997528076,
    3.446424722671509,
    3.5902140140533447,
    3.9184629917144775,
    3.726917266845703,
    3.891272783279419,
    3.876762628555298,
    4.106692790985107,
    3.6556918621063232,
    3.400155782699585,
    3.537005662918091,
    3.8575243949890137,
    3.550016403198242,
    3.086251974105835,
    3.0063557624816895,
    3.2941761016845703,
    3.3752357959747314,
    3.4641692638397217,
    3.6499035358428955,
    3.8260552883148193,
    3.491485834121704,
    3.138033151626587,
    3.339689254760742,
    3.739091157913208,
    3.796198844909668,
    3.7232718467712402,
    3.5654327869415283,
    3.4114062786102295,
    3.4622766971588135,
    3.892813205718994,
    3.2708065509796143,
    3.059723377227783,
    3.5710079669952393,
    3.8881781101226807,
    3.8629767894744873,
    3.866894245147705,
    3.7244958877563477,
    3.769188165664673,
    4.004814147949219,
    3.7118701934814453,
    3.5285532474517822,
    3.704655408859253,
    3.277961492538452,
    3.0472095012664795,
    3.2087960243225098,
    3.218672037124634,
    3.3322043418884277,
    3.1849193572998047,
    3.154808282852173,
    3.220128297805786,
    3.1992428302764893,
    3.2081754207611084,
    3.5241613388061523,
    3.4861979484558105,
    3.0627079010009766,
    3.085561990737915,
    3.210158109664917,
    3.521108865737915,
    3.38390851020813,
    3.524357318878174,
    3.6328938007354736,
    3.5467236042022705,
    3.4957079887390137,
    3.5528995990753174,
    3.574002742767334,
    3.6310322284698486,
    3.5314948558807373,
    3.6668667793273926,
    3.6264209747314453,
    3.6402523517608643,
    3.8728997707366943,
    3.697655439376831,
    3.531954288482666,
    3.4375505447387695,
    3.305800676345825,
    3.425180435180664,
    3.368716239929199,
    3.447207450866699,
    3.6821134090423584,
    3.559292793273926,
    3.3409574031829834,
    3.6025164127349854,
    3.8657920360565186,
    3.57071590423584,
    3.291865348815918,
    3.326629877090454,
    3.564302682876587,
    3.3885934352874756,
    3.295771837234497,
    3.3824734687805176,
    3.6129708290100098,
    3.4879159927368164,
    3.1518094539642334,
    3.266331911087036,
    3.4085896015167236,
    3.3664937019348145,
    3.590409994125366,
    3.6827986240386963,
    3.435025215148926,
    3.43764066696167,
    3.608259677886963,
    3.4064173698425293,
    3.2822625637054443,
    3.298083543777466,
    3.4392879009246826,
    3.291487455368042,
    3.4276933670043945,
    3.592571258544922,
    3.6365418434143066,
    3.5657968521118164,
    3.758096218109131,
    4.1298322677612305,
    4.1795334815979,
    4.258508205413818,
    4.049373626708984,
    3.7112791538238525,
    3.366518974304199,
    3.2903239727020264,
    3.49070143699646,
    3.4026618003845215,
    3.2042620182037354,
    3.2843868732452393,
    3.3307077884674072,
    3.40621280670166,
    3.4351115226745605,
    3.3865926265716553,
    3.3949806690216064,
    3.5418612957000732,
    3.5546882152557373,
    3.5257530212402344,
    3.500225782394409,
    3.4644010066986084,
    3.052457809448242,
    3.444248914718628,
    3.711904525756836,
    3.142951488494873,
    2.9657340049743652,
    2.9539287090301514,
    3.1622257232666016,
    3.3082196712493896,
    3.226820945739746,
    3.2523226737976074,
    3.371549129486084,
    3.4879517555236816,
    3.5832700729370117,
    3.6824421882629395,
    3.181364059448242,
    2.759092330932617,
    2.696536064147949,
    2.8641293048858643,
    3.016766309738159,
    3.057765483856201,
    2.9564907550811768,
    2.915098190307617,
    3.251326084136963,
    3.409526824951172,
    3.4888219833374023,
    3.500012159347534,
    3.5832836627960205,
    3.268697738647461,
    3.512730121612549,
    3.3664231300354004,
    3.2987539768218994,
    3.6074445247650146,
    3.417161226272583,
    3.395399808883667,
    3.620729446411133,
    3.6521661281585693,
    3.6374118328094482,
    3.8053841590881348,
    3.868269681930542,
    3.917386770248413,
    3.537389039993286,
    3.5031700134277344,
    3.6735453605651855,
    3.583766222000122,
    3.6799612045288086,
    3.766160726547241,
    3.4479758739471436,
    3.4479103088378906,
    3.482781171798706,
    3.6554555892944336,
    3.5433480739593506,
    3.4364142417907715,
    3.3789615631103516,
    3.236116409301758,
    3.583413600921631,
    3.3967690467834473,
    3.4914000034332275,
    3.1502439975738525,
    3.175100564956665,
    3.1872446537017822,
    3.166963815689087,
    3.199927806854248,
    3.2351067066192627,
    3.2995173931121826,
    3.5537960529327393,
    3.314108371734619,
    3.065056562423706,
    3.286466121673584,
    3.252241849899292,
    3.247532367706299,
    3.1352455615997314,
    3.259507894515991,
    3.3033447265625,
    3.229123115539551,
    3.328789234161377,
    3.3859736919403076,
    3.233255386352539,
    3.1477880477905273,
    2.9744274616241455,
    3.282238245010376,
    3.3352556228637695,
    3.303051471710205,
    3.3864517211914062,
    3.361159563064575,
    3.0431854724884033,
    3.1455626487731934,
    3.268795967102051,
    3.274415969848633,
    3.341190814971924,
    3.4833226203918457,
    3.5594003200531006,
    3.4443249702453613,
    3.216703176498413,
    3.053300619125366,
    3.155409812927246,
    3.3155601024627686,
    3.241077423095703,
    3.0154826641082764,
    3.412508487701416,
    3.514155626296997,
    3.5637941360473633,
    3.147616147994995,
    2.8124661445617676,
    3.1613593101501465,
    3.2913858890533447,
    3.5591301918029785,
    3.8891351222991943,
    3.7694857120513916,
    3.5174758434295654,
    3.576061248779297,
    3.7814149856567383,
