{
  "name": "hat_d2d001_500_ctx1024",
  "seed": 42,
  "n_states": 256,
  "sigma_c2c": 0.0,
  "sigma_d2d": 0.01,
  "analog_layers": [
    0,
    1,
    2,
    3,
    4,
    5,
    6,
    7,
    8,
    9,
    10,
    11,
    12,
    13,
    14,
    15,
    16,
    17,
    18,
    19,
    20,
    21,
    22,
    23
  ],
  "lr": 1e-05,
  "max_steps": 500,
  "ppl_before": 36.29689767014778,
  "ppl_after": 17.010853460335703,
  "losses": [
    3.7528235912323,
    3.957958459854126,
    3.9565787315368652,
    3.7084856033325195,
    3.4379634857177734,
    3.664271593093872,
    3.7388765811920166,
    3.5275559425354004,
    3.437041997909546,
    3.227224826812744,
    3.2779510021209717,
    3.243856191635132,
    3.501211166381836,
    3.4997799396514893,
    3.2967000007629395,
    3.637582302093506,
    3.1167752742767334,
    3.2563107013702393,
    3.3191514015197754,
    3.4809038639068604,
    3.492185592651367,
    3.5893499851226807,
    3.3023970127105713,
    2.7659292221069336,
    2.8035807609558105,
    3.0447585582733154,
    3.068608045578003,
    3.1642467975616455,
    3.070068597793579,
    2.9269886016845703,
    2.8790154457092285,
    2.8133745193481445,
    2.858161211013794,
    3.156205654144287,
    3.0745089054107666,
    2.855393171310425,
    2.7571427822113037,
    2.865842819213867,
    3.04366397857666,
    3.259345531463623,
    3.410078763961792,
    3.3786849975585938,
    3.0682175159454346,
    3.0728838443756104,
    2.785318613052368,
    2.755739212036133,
    3.1134209632873535,
    3.122518539428711,
    3.0664217472076416,
    3.190730094909668,
    3.2048001289367676,
    3.0949113368988037,
    2.9254438877105713,
    2.752511739730835,
    3.0186879634857178,
    3.221208333969116,
    3.22772216796875,
    3.274333953857422,
    2.9826369285583496,
    2.753774404525757,
    2.648582935333252,
    2.778613805770874,
    2.793085813522339,
    2.906531572341919,
    2.8073132038116455,
    2.6037838459014893,
    2.772585391998291,
    3.1037302017211914,
    3.193901538848877,
    3.163891315460205,
    3.254945755004883,
    3.219719886779785,
    3.3148586750030518,
    3.4175314903259277,
    3.2132680416107178,
    3.0590147972106934,
    3.2003378868103027,
    3.212533712387085,
    3.233882427215576,
    3.236576795578003,
    3.0333986282348633,
    3.1480607986450195,
    3.172194242477417,
    3.125298023223877,
    3.10223650932312,
    3.2741119861602783,
    3.2408249378204346,
    3.264657735824585,
    3.1387429237365723,
    3.0000293254852295,
    2.9965882301330566,
    3.0592145919799805,
    3.2439091205596924,
    3.520185947418213,
    3.643235921859741,
    3.2921390533447266,
    3.0937514305114746,
    2.9934909343719482,
    2.857760429382324,
    3.089994430541992,
    3.161609411239624,
    3.1230146884918213,
    3.208954334259033,
    2.9290764331817627,
    3.050596237182617,
    3.0660269260406494,
    2.6989026069641113,
    2.8498263359069824,
    3.0715065002441406,
    3.2652995586395264,
    3.1296026706695557,
    2.5436956882476807,
    2.4542386531829834,
    2.6335654258728027,
    2.7082648277282715,
    2.918337821960449,
    2.946887969970703,
    3.124290704727173,
    3.0345184803009033,
    3.0389840602874756,
    3.090751886367798,
    3.2009730339050293,
    3.4016642570495605,
    3.338063955307007,
    3.3188211917877197,
    3.2716777324676514,
    3.291408061981201,
    3.2791874408721924,
    3.230372905731201,
    3.185842752456665,
    3.095331907272339,
    3.032543897628784,
    2.7926688194274902,
    2.7079453468322754,
    2.8099305629730225,
    3.016603469848633,
    2.9132683277130127,
    2.8506298065185547,
    2.879401683807373,
    2.9264791011810303,
    3.0047807693481445,
    2.9738218784332275,
    2.777470111846924,
    2.830063819885254,
    2.974672794342041,
    2.923307180404663,
    2.9313197135925293,
    3.0604135990142822,
    3.1296918392181396,
    3.136073112487793,
    2.9696648120880127,
    2.9603707790374756,
    3.074594020843506,
    3.126946449279785,
    2.8710999488830566,
    2.5896146297454834,
    3.171935558319092,
    3.299306631088257,
    3.240294933319092,
    3.2528562545776367,
    3.035382032394409,
    2.992631673812866,
    3.18367600440979,
    2.812957763671875,
    2.5892410278320312,
    2.8497378826141357,
    2.9016177654266357,
    2.528548002243042,
    2.6347930431365967,
    2.754920482635498,
    2.664813280105591,
    2.837966203689575,
    3.0800654888153076,
    3.1106016635894775,
    2.830214262008667,
    2.5869834423065186,
    2.6435608863830566,
    2.3325507640838623,
    2.3063790798187256,
    2.8308441638946533,
    2.973733901977539,
    2.8785665035247803,
    3.0078940391540527,
    3.1618340015411377,
    3.165769577026367,
    2.970172166824341,
    3.142407178878784,
    3.2940120697021484,
    3.295747995376587,
    3.269845962524414,
    3.125295877456665,
    3.1958730220794678,
    3.270679473876953,
    3.1955108642578125,
    2.915001153945923,
    2.675779342651367,
    2.8047101497650146,
    3.030123472213745,
    2.9343409538269043,
    2.883918523788452,
    2.799208164215088,
    2.9116082191467285,
    2.9709854125976562,
    3.047301769256592,
    3.1975181102752686,
    3.0602598190307617,
    2.8165299892425537,
    2.6801095008850098,
    2.7668697834014893,
    2.933759927749634,
    2.8585705757141113,
    2.7465851306915283,
    2.861339807510376,
    3.0416619777679443,
    3.300992965698242,
    3.263833999633789,
    3.1101021766662598,
    3.123337745666504,
    3.188873291015625,
    3.1423237323760986,
    2.6625266075134277,
    2.535139322280884,
    2.6309690475463867,
    2.485980749130249,
    2.320686101913452,
    2.407113790512085,
    2.279052495956421,
    2.1919450759887695,
    2.402327060699463,
    2.5439612865448,
    2.6353955268859863,
    2.607177734375,
    2.4649925231933594,
    2.515254020690918,
    2.4867019653320312,
    2.3358545303344727,
    2.447263717651367,
    2.669891357421875,
    2.8330366611480713,
    2.8374762535095215,
    2.5186564922332764,
    2.510188579559326,
    2.6842167377471924,
    2.8078110218048096,
    2.755157232284546,
    2.6857941150665283,
    2.7538771629333496,
    2.959460496902466,
    2.910123825073242,
    2.83590030670166,
    2.9548580646514893,
    3.009216547012329,
    2.9129767417907715,
    3.00707745552063,
    3.113185405731201,
    2.9273111820220947,
    3.017982244491577,
    3.218156099319458,
    3.1427361965179443,
    3.1203927993774414,
    3.0059313774108887,
    2.946223497390747,
    3.1427385807037354,
    3.277263641357422,
    3.201906204223633,
    2.7519123554229736,
    2.7271039485931396,
    2.759799003601074,
    2.2746145725250244,
    2.3113551139831543,
    2.6321558952331543,
    2.6696386337280273,
    2.746777296066284,
    3.070409059524536,
    3.0450563430786133,
    2.972154378890991,
    2.9374914169311523,
    2.7588751316070557,
    2.937635660171509,
    2.8827054500579834,
    2.781008720397949,
    2.892321825027466,
    2.880678415298462,
    2.937992811203003,
    2.8236002922058105,
    2.784994602203369,
    3.0326874256134033,
    2.972093343734741,
    3.033165693283081,
    3.02182674407959,
    2.9890248775482178,
    3.0932605266571045,
    2.943098783493042,
    3.0925769805908203,
    3.106168031692505,
    2.9373955726623535,
    3.022907018661499,
    2.8988795280456543,
    2.5599300861358643,
    2.491058111190796,
    2.5402400493621826,
    2.7001004219055176,
    2.7922494411468506,
    2.7407572269439697,
    2.9435577392578125,
    3.1398637294769287,
    3.0564353466033936,
    2.5259463787078857,
    2.550665855407715,
    2.8869168758392334,
    3.0747458934783936,
    3.094050884246826,
    2.9326488971710205,
    3.011402130126953,
    2.9267501831054688,
    2.633734703063965,
    2.7148945331573486,
    3.1137478351593018,
    2.9729695320129395,
    2.4360387325286865,
    2.3269336223602295,
