{
  "name": "hat_d2d003_200_ctx1024",
  "seed": 42,
  "n_states": 256,
  "sigma_c2c": 0.0,
  "sigma_d2d": 0.03,
  "analog_layers": [
    0,
    1,
    2,
    3,
    4,
    5,
    6,
    7,
    8,
    9,
    10,
    11,
    12,
    13,
    14,
    15,
    16,
    17,
    18,
    19,
    20,
    21,
    22,
    23
  ],
  "lr": 1e-05,
  "max_steps": 200,
  "ppl_before": 177.34483172207933,
  "ppl_after": 27.152648543506878,
  "losses": [
    5.549131870269775,
    5.358112335205078,
    5.416775226593018,
    5.038500785827637,
    4.581394672393799,
    4.597518444061279,
    4.896416187286377,
    4.920111179351807,
    4.523941516876221,
    4.141916751861572,
    4.170618534088135,
    4.2559285163879395,
    4.389430046081543,
    4.427238941192627,
    4.285553455352783,
    4.482756614685059,
    3.955831527709961,
    4.055710792541504,
    4.190023899078369,
    4.331639766693115,
    4.284724235534668,
    4.318178653717041,
    4.1628007888793945,
    3.518825054168701,
    3.503678798675537,
    3.6966450214385986,
    3.8027877807617188,
    4.092057704925537,
    3.941909074783325,
    3.7406749725341797,
    3.627297878265381,
    3.6918411254882812,
    3.7210474014282227,
    3.879122495651245,
    3.8272109031677246,
    3.529219388961792,
    3.3599557876586914,
    3.549299955368042,
    3.7585692405700684,
    3.9492745399475098,
    3.9204585552215576,
    3.9515345096588135,
    3.690797805786133,
    3.7738285064697266,
    3.3941843509674072,
    3.246609687805176,
    3.6756417751312256,
    3.7143702507019043,
    3.6519501209259033,
    3.814312219619751,
    3.8682310581207275,
    3.613933801651001,
    3.665961265563965,
    3.4441518783569336,
    3.720155715942383,
    3.9821488857269287,
    4.019321918487549,
    3.999882459640503,
    3.571040153503418,
    3.430750846862793,
    3.205808639526367,
    3.317162036895752,
    3.3198790550231934,
    3.473849296569824,
    3.4494781494140625,
    3.2001895904541016,
    3.4687514305114746,
    3.7261881828308105,
    3.6113948822021484,
    3.69338059425354,
    3.7847671508789062,
    3.794066905975342,
    3.8398900032043457,
    3.834892988204956,
    3.550618886947632,
    3.4942827224731445,
    3.6318461894989014,
    3.6872925758361816,
    3.7381646633148193,
    3.7716763019561768,
    3.472822427749634,
    3.5989246368408203,
    3.633063554763794,
    3.5509464740753174,
    3.4388208389282227,
    3.6640515327453613,
    3.673435688018799,
    3.7103493213653564,
    3.637972116470337,
    3.473233222961426,
    3.529162645339966,
    3.5951669216156006,
    3.7045466899871826,
    4.022181987762451,
    4.176634311676025,
    3.911714553833008,
    3.5920989513397217,
    3.4272806644439697,
    3.366657018661499,
    3.496469020843506,
    3.6705219745635986,
    3.5715861320495605,
    3.6780567169189453,
    3.349259853363037,
    3.445603609085083,
    3.485069990158081,
    3.070967197418213,
    3.3679094314575195,
    3.4691078662872314,
    3.705349922180176,
    3.6444668769836426,
    3.137288808822632,
    2.993786334991455,
    3.1149051189422607,
    3.2307968139648438,
    3.4332168102264404,
    3.5338072776794434,
    3.685934066772461,
    3.524033546447754,
    3.4709315299987793,
    3.501343011856079,
    3.6001389026641846,
    3.7748231887817383,
    3.774101972579956,
    3.739720106124878,
    3.647599697113037,
    3.718583822250366,
    3.6579768657684326,
    3.5853867530822754,
    3.6246039867401123,
    3.63527512550354,
    3.5434465408325195,
    3.2120728492736816,
    3.09844970703125,
    3.271280527114868,
    3.4849374294281006,
    3.3415892124176025,
    3.374363899230957,
    3.356438398361206,
    3.3463385105133057,
    3.41662335395813,
    3.4398157596588135,
    3.2137839794158936,
    3.2037553787231445,
    3.292909860610962,
    3.3514151573181152,
    3.356199026107788,
    3.500555992126465,
    3.5321829319000244,
    3.5424304008483887,
    3.304654359817505,
    3.3021464347839355,
    3.4537060260772705,
    3.529973030090332,
    3.283778190612793,
    3.10673451423645,
    3.597607135772705,
    3.722911834716797,
    3.681612253189087,
    3.7816503047943115,
    3.63248348236084,
    3.5064733028411865,
    3.689387321472168,
    3.32682728767395,
    3.126539707183838,
    3.2769291400909424,
    3.349008083343506,
    3.00434947013855,
    3.073396921157837,
    3.3014309406280518,
    3.237825632095337,
    3.3345251083374023,
    3.5071144104003906,
    3.572988510131836,
    3.2838501930236816,
    3.037750244140625,
    3.0687012672424316,
    2.786585569381714,
    2.6669816970825195,
    3.1434617042541504,
    3.362062454223633,
    3.258258819580078,
    3.349348545074463,
    3.512265682220459,
    3.553494930267334,
    3.4051785469055176,
    3.472639799118042,
    3.6496853828430176,
    3.6574602127075195,
    3.605635404586792,
    3.442610740661621,
    3.559037446975708,
    3.648444652557373,
    3.507643699645996,
    3.2980058193206787,
    3.1879830360412598,
    3.2106542587280273,
    3.4213595390319824,
    3.3626527786254883,
    3.274279832839966
  ]
}