{
  "name": "hat_d2d0045_500_v2",
  "seed": 42,
  "n_states": 256,
  "sigma_c2c": 0.0,
  "sigma_d2d": 0.045,
  "analog_layers": [
    0,
    1,
    2,
    3,
    4,
    5,
    6,
    7,
    8,
    9,
    10,
    11,
    12,
    13,
    14,
    15,
    16,
    17,
    18,
    19,
    20,
    21,
    22,
    23
  ],
  "lr": 1e-05,
  "max_steps": 500,
  "retention_step_time": 0.0,
  "ppl_before": 443.1390677054417,
  "ppl_after": 38.862034836663184,
  "losses": [
    6.113468647003174,
    5.897707939147949,
    6.201181411743164,
    6.798811435699463,
    5.70461893081665,
    5.61944580078125,
    5.394014835357666,
    5.1534247398376465,
    4.8373613357543945,
    5.160375595092773,
    5.203629970550537,
    5.022492408752441,
    5.099105358123779,
    5.294190406799316,
    5.072195529937744,
    5.161657333374023,
    4.955220699310303,
    5.146666526794434,
    5.023662090301514,
    4.797031879425049,
    4.609496116638184,
    4.691091537475586,
    4.43058443069458,
    4.7942118644714355,
    4.7936882972717285,
    4.754986763000488,
    4.997198104858398,
    4.923527717590332,
    4.639169692993164,
    4.937008857727051,
    5.135935306549072,
    4.606649875640869,
    4.535440444946289,
    4.538367748260498,
    4.172563552856445,
    4.576503753662109,
    4.832276821136475,
    4.634060382843018,
    4.822523593902588,
    4.898751735687256,
    4.829104900360107,
    4.65560245513916,
    4.732992649078369,
    4.9262237548828125,
    4.92984676361084,
    4.678970813751221,
    4.4832844734191895,
    3.9417407512664795,
    3.882598638534546,
    4.156793117523193,
    4.549346923828125,
    4.171887397766113,
    3.8502871990203857,
    4.379283905029297,
    4.672090530395508,
    4.834598064422607,
    4.444035530090332,
    4.428179740905762,
    4.58087158203125,
    4.6012468338012695,
    4.151289939880371,
    4.336050987243652,
    4.3432087898254395,
    4.21321964263916,
    4.2290873527526855,
    4.318376064300537,
    4.123952865600586,
    4.373852252960205,
    4.395200729370117,
    4.35361385345459,
    4.061912536621094,
    3.692075252532959,
    3.703514575958252,
    3.9236016273498535,
    4.107670307159424,
    4.197295665740967,
    4.195747375488281,
    4.240627765655518,
    4.322758674621582,
    4.440977573394775,
    4.3906989097595215,
    4.4556121826171875,
    4.2247772216796875,
    4.539469242095947,
    4.333626747131348,
    3.958184242248535,
    4.286193370819092,
    4.5383148193359375,
    4.27778959274292,
    3.745309352874756,
    3.666703701019287,
    3.7975218296051025,
    3.8462648391723633,
    4.1575751304626465,
    4.378594875335693,
    4.480769634246826,
    4.0727643966674805,
    3.7631137371063232,
    4.042497634887695,
    4.373947620391846,
    4.3824143409729,
    4.391775608062744,
    4.358046531677246,
    4.02417516708374,
    4.078444004058838,
    4.499152660369873,
    4.123566627502441,
    3.751415252685547,
    4.0735063552856445,
    4.659130096435547,
    4.7800068855285645,
    4.5672807693481445,
    4.497321128845215,
    4.493038177490234,
    4.731135368347168,
    4.421133041381836,
    4.23722505569458,
    4.411318302154541,
    3.8689932823181152,
    3.706007480621338,
    3.6497721672058105,
    3.7784628868103027,
    3.899435520172119,
    3.965219736099243,
    3.7624568939208984,
    3.9152462482452393,
    3.7783308029174805,
    3.773366928100586,
    4.020791530609131,
    4.29124116897583,
    3.962951898574829,
    4.00924015045166,
    3.8318710327148438,
    4.162899017333984,
    4.0696492195129395,
    4.060448169708252,
    4.065321445465088,
    4.162566184997559,
    4.0821356773376465,
    3.95371413230896,
    4.182010650634766,
    4.080618381500244,
    4.034413814544678,
    4.1491804122924805,
    3.954833507537842,
    4.204318523406982,
    4.315685272216797,
    4.184502124786377,
    4.040868282318115,
    3.796945810317993,
    3.7709670066833496,
    3.90986967086792,
    3.9001622200012207,
    4.005654811859131,
    4.186257839202881,
    4.089076519012451,
    3.8299527168273926,
    4.044401168823242,
    4.340810298919678,
    4.112017631530762,
    3.7902398109436035,
    3.861802101135254,
    3.974872589111328,
    3.8559482097625732,
    3.871089220046997,
    3.783414840698242,
    4.092333793640137,
    4.017977237701416,
    3.5895187854766846,
    3.789435863494873,
    3.8451130390167236,
    3.8444604873657227,
    4.01494836807251,
    4.191493988037109,
    3.811875343322754,
    3.991140365600586,
    4.077536106109619,
    3.8723793029785156,
    3.7329564094543457,
    3.869154214859009,
    4.086378574371338,
    3.915438413619995,
    4.116412162780762,
    4.172499656677246,
    4.091629981994629,
    4.1672563552856445,
    4.248204231262207,
    4.64647102355957,
    4.754565238952637,
    4.881204605102539,
    4.5890936851501465,
    4.186058044433594,
    3.9616663455963135,
    3.749016046524048,
    3.955847978591919,
    4.0555925369262695,
    3.817648410797119,
    3.8366544246673584,
    3.9403905868530273,
    4.043163776397705,
    4.0351643562316895,
    3.8240294456481934,
    4.124431610107422,
    4.06886625289917,
    4.156601905822754,
    4.06765604019165,
    4.069713592529297,
    3.887301206588745,
    3.5937936305999756,
    3.9022932052612305,
    4.195942401885986,
    3.572502851486206,
    3.3576483726501465,
    3.389824867248535,
    3.5145866870880127,
    3.76843523979187,
    3.705106496810913,
    3.6934242248535156,
    3.8559727668762207,
    3.886876106262207,
    3.9102988243103027,
    4.203019618988037,
    3.7398793697357178,
    3.3395066261291504,
    3.3026769161224365,
    3.4001147747039795,
    3.674741744995117,
    3.7078452110290527,
    3.5640058517456055,
    3.486595869064331,
    3.708066701889038,
    3.9300191402435303,
    4.074418544769287,
    4.278135776519775,
    4.242221355438232,
    3.7110745906829834,
    4.020054340362549,
    4.028175354003906,
    3.9986414909362793,
    4.015608787536621,
    3.847561836242676,
    3.896949529647827,
    4.014559268951416,
    4.0470194816589355,
    4.121415138244629,
    4.104722023010254,
    4.428108215332031,
    4.337170124053955,
    3.88124418258667,
    3.9598209857940674,
    3.907665729522705,
    3.968488931655884,
    4.027449607849121,
    4.152787208557129,
    3.9514639377593994,
    3.8258652687072754,
    3.787161111831665,
    4.053235054016113,
    3.820051670074463,
    3.858553171157837,
    3.936544179916382,
    3.747758388519287,
    4.0423688888549805,
    3.913017511367798,
    3.8341596126556396,
    3.7092037200927734,
    3.6591780185699463,
    3.6366984844207764,
    3.643223524093628,
    3.6763198375701904,
    3.842196464538574,
    3.8856797218322754,
    4.0843048095703125,
    3.840372085571289,
    3.708984375,
    3.898120164871216,
    3.9605910778045654,
    3.9447364807128906,
    3.6149377822875977,
    3.7118730545043945,
    3.677799940109253,
    3.6361374855041504,
    3.7718260288238525,
    3.894601821899414,
    3.753483295440674,
    3.623464584350586,
    3.5300793647766113,
    3.861392021179199,
    3.829890727996826,
    3.813408374786377,
    3.984663963317871,
    3.762165069580078,
    3.452326536178589,
    3.666107177734375,
    3.884357452392578,
    3.811838388442993,
    3.7308273315429688,
    3.909787178039551,
    3.927868366241455,
    3.9994635581970215,
    3.7281551361083984,
    3.5142416954040527,
    3.490676164627075,
    3.667774200439453,
    3.7114098072052,
    3.4695069789886475,
    3.8952767848968506,
    4.121747016906738,
    4.077986717224121,
    3.7304091453552246,
    3.333930015563965,
    3.7680156230926514,
    3.7228503227233887,
    4.06873083114624,
    4.281257629394531,
    4.43506383895874,
    3.9692862033843994,
    4.067649841308594,
    4.149022579193115,
    4.336225986480713,
    4.381862640380859,
    4.170032978057861,
    4.141085624694824,
    4.033267498016357,
