{
  "name": "hat_c2c001_last2_500_ctx512",
  "seed": 42,
  "n_states": 256,
  "sigma_c2c": 0.01,
  "sigma_d2d": 0.0,
  "analog_layers": [
    22,
    23
  ],
  "lr": 1e-05,
  "max_steps": 500,
  "ppl_before": 23.304603735748557,
  "ppl_after": 18.07570376573818,
  "losses": [
    3.098677158355713,
    3.2985754013061523,
    3.5528199672698975,
    3.748516082763672,
    3.452233076095581,
    3.4932942390441895,
    3.3532941341400146,
    3.04720139503479,
    3.0515480041503906,
    3.2263121604919434,
    3.2588937282562256,
    2.904310464859009,
    3.184927463531494,
    3.5349173545837402,
    3.2700343132019043,
    3.2334351539611816,
    3.0944924354553223,
    2.866251230239868,
    2.8573737144470215,
    2.9398128986358643,
    3.1823410987854004,
    3.2642271518707275,
    2.962991237640381,
    3.2086915969848633,
    3.0767600536346436,
    3.1428916454315186,
    3.5193700790405273,
    3.410814046859741,
    2.9369709491729736,
    3.2061078548431396,
    3.45013165473938,
    3.265756607055664,
    3.038379430770874,
    2.9172022342681885,
    2.805367946624756,
    3.008786678314209,
    3.081051826477051,
    3.2499027252197266,
    3.2413203716278076,
    3.262633800506592,
    3.426877021789551,
    3.295262098312378,
    3.323348045349121,
    3.447972536087036,
    3.463388681411743,
    3.2934658527374268,
    2.8248345851898193,
    2.2867302894592285,
    2.2253987789154053,
    2.7373082637786865,
    2.9922945499420166,
    2.814509391784668,
    2.6090471744537354,
    2.9892613887786865,
    2.970806360244751,
    2.90879225730896,
    3.1490283012390137,
    2.9998371601104736,
    2.67716646194458,
    2.6994760036468506,
    2.690323829650879,
    2.6725494861602783,
    2.6277074813842773,
    2.5767111778259277,
    2.5238664150238037,
    2.5505855083465576,
    2.808316707611084,
    3.1168293952941895,
    2.9721572399139404,
    2.8697216510772705,
    2.692197799682617,
    2.3930370807647705,
    2.4867265224456787,
    2.7928006649017334,
    2.7176201343536377,
    2.704334020614624,
    2.5641348361968994,
    2.506037473678589,
    2.9801185131073,
    3.407832145690918,
    3.2874417304992676,
    3.286405563354492,
    3.346365451812744,
    3.4759418964385986,
    3.0648434162139893,
    2.8132364749908447,
    2.961548089981079,
    3.1590681076049805,
    2.9190573692321777,
    2.5298328399658203,
    2.340315341949463,
    2.6315014362335205,
    2.8110461235046387,
    2.797559976577759,
    3.0332443714141846,
    3.222172260284424,
    2.8794946670532227,
    2.569956064224243,
    2.8362021446228027,
    3.2359845638275146,
    3.1807987689971924,
    3.0812735557556152,
    2.9752209186553955,
    2.8866147994995117,
    2.8881242275238037,
    3.1271042823791504,
    2.534329414367676,
    2.4543797969818115,
    2.7463111877441406,
    3.0058202743530273,
    3.054126739501953,
    3.0114426612854004,
    2.979682445526123,
    3.1729037761688232,
    3.228422164916992,
    2.999617099761963,
    2.9499876499176025,
    3.1365532875061035,
    2.646101236343384,
    2.3927412033081055,
    2.6146931648254395,
    2.6235251426696777,
    2.70078444480896,
    2.609424352645874,
    2.6024811267852783,
    2.7453086376190186,
    2.6634199619293213,
    2.6658573150634766,
    2.921891212463379,
    2.8942360877990723,
    2.4775326251983643,
    2.541790723800659,
    2.6284735202789307,
    2.8303520679473877,
    2.7339823246002197,
    2.884751558303833,
    3.1242589950561523,
    3.0657870769500732,
    3.0574872493743896,
    3.0636966228485107,
    3.0870583057403564,
    3.116065740585327,
    3.0946643352508545,
    3.154766321182251,
    3.014281749725342,
    3.2636425495147705,
    3.378077268600464,
    3.2116358280181885,
    3.148800849914551,
    3.0525193214416504,
    2.9704983234405518,
    2.96679949760437,
    2.898951292037964,
    3.058671474456787,
    3.220219135284424,
    3.0920557975769043,
    2.8199410438537598,
    3.13010835647583,
    3.2903661727905273,
    3.0287880897521973,
    2.8021395206451416,
    2.9199929237365723,
    3.1508545875549316,
    2.9859280586242676,
    2.888974905014038,
    2.928253173828125,
    3.156508684158325,
    3.0889298915863037,
    2.8519468307495117,
    3.018040180206299,
    3.1021511554718018,
    3.131246328353882,
    3.136019706726074,
    3.2829387187957764,
    3.099907398223877,
    3.044645309448242,
    3.191464900970459,
    3.0451622009277344,
    2.8625478744506836,
    2.818157196044922,
    2.820056438446045,
    2.7698731422424316,
    2.9924328327178955,
    3.188673257827759,
    3.1756908893585205,
    3.1359076499938965,
    3.253312826156616,
    3.5427443981170654,
    3.5813992023468018,
    3.6990013122558594,
    3.5158026218414307,
    3.245232105255127,
    2.8908627033233643,
    2.76592755317688,
    2.9792640209198,
    2.906956434249878,
    2.66964054107666,
    2.860255241394043,
    2.921504259109497,
    3.0077807903289795,
    3.07558536529541,
    2.93863844871521,
    3.061675548553467,
    3.050827741622925,
    3.1330790519714355,
    2.9783618450164795,
    3.0433971881866455,
    3.035916328430176,
    2.6005477905273438,
    3.021109104156494,
    3.3134846687316895,
    2.8315505981445312,
    2.6062865257263184,
    2.5131137371063232,
    2.6806583404541016,
    2.960714101791382,
    2.8650519847869873,
    2.913100481033325,
    3.0921666622161865,
    3.047865152359009,
    3.2055959701538086,
    3.24569034576416,
    2.774104118347168,
    2.36934232711792,
    2.2279160022735596,
    2.339486598968506,
    2.5184550285339355,
    2.5780627727508545,
    2.4955451488494873,
    2.5935633182525635,
    2.8173422813415527,
    2.9483683109283447,
    2.87211012840271,
    2.937800884246826,
    3.0788333415985107,
    2.8322482109069824,
    3.1256721019744873,
    2.8749961853027344,
    2.900930881500244,
    3.214461326599121,
    2.98098087310791,
    3.027766704559326,
    3.190138578414917,
    3.337397575378418,
    3.23417067527771,
    3.2866392135620117,
    3.4763667583465576,
    3.5032522678375244,
    3.1614511013031006,
    3.2711141109466553,
    3.293846607208252,
    3.2389092445373535,
    3.2661657333374023,
    3.3264355659484863,
    3.1609952449798584,
    3.1177759170532227,
    3.1408908367156982,
    3.363370180130005,
    3.180279016494751,
    3.079254150390625,
    2.9573678970336914,
    2.68975567817688,
    3.076967477798462,
    2.9496402740478516,
    2.992668390274048,
    2.7544400691986084,
    2.7111759185791016,
    2.692715883255005,
    2.6742165088653564,
    2.736426830291748,
    2.84112811088562,
    2.791398763656616,
    2.9662578105926514,
    2.806091785430908,
    2.7008137702941895,
    2.7544820308685303,
    2.8110709190368652,
    2.8737454414367676,
    2.822740316390991,
    2.8909099102020264,
    2.8801581859588623,
    2.8400776386260986,
    2.9567654132843018,
    2.9432637691497803,
    2.776061534881592,
    2.8400604724884033,
    2.6812937259674072,
    2.914828300476074,
    2.867544412612915,
    2.854886293411255,
    3.001666784286499,
    2.9400696754455566,
    2.7132842540740967,
    2.7865965366363525,
    2.887728691101074,
    2.9861719608306885,
    2.9940295219421387,
    3.0996413230895996,
    3.2382428646087646,
    3.134989023208618,
    2.866997480392456,
    2.773185968399048,
    2.8897931575775146,
    3.006760835647583,
    2.914260149002075,
    2.815687417984009,
    3.084371566772461,
    3.1511592864990234,
    3.0888004302978516,
    2.668980360031128,
    2.380063533782959,
    2.6969780921936035,
    2.7539985179901123,
    3.0729527473449707,
    3.420207977294922,
    3.42215895652771,
    3.096038341522217,
    3.1844334602355957,
    3.3454225063323975,
    3.2968859672546387,
    3.1299631595611572,
    2.9342992305755615,
    2.9403839111328125,
    3.0361480712890625,
    3.0469577312469482,
    3.1039955615997314,
    3.1139278411865234,
    2.8044273853302,
