{
  "name": "hat_d2d002_500",
  "seed": 42,
  "n_states": 256,
  "sigma_c2c": 0.0,
  "sigma_d2d": 0.02,
  "analog_layers": [
    0,
    1,
    2,
    3,
    4,
    5,
    6,
    7,
    8,
    9,
    10,
    11,
    12,
    13,
    14,
    15,
    16,
    17,
    18,
    19,
    20,
    21,
    22,
    23
  ],
  "lr": 1e-05,
  "max_steps": 500,
  "ppl_before": 2556.105934613112,
  "ppl_after": 1.1031537088592491,
  "losses": [
    8.098817825317383,
    7.834455966949463,
    7.889211654663086,
    8.121713638305664,
    6.855367183685303,
    6.993646621704102,
    7.201827526092529,
    7.420618534088135,
    7.080245494842529,
    6.5634870529174805,
    6.369298458099365,
    6.847491264343262,
    6.609281539916992,
    6.497718334197998,
    6.771441459655762,
    6.875617027282715,
    5.951365947723389,
    6.328102111816406,
    6.58892822265625,
    6.464247703552246,
    6.402093887329102,
    6.652224540710449,
    6.4659318923950195,
    6.3035736083984375,
    6.525095462799072,
    5.989467620849609,
    6.633931636810303,
    6.487248420715332,
    6.801105499267578,
    6.7961931228637695,
    6.356351852416992,
    6.214809894561768,
    5.959090709686279,
    6.056610107421875,
    5.993804454803467,
    5.898373603820801,
    5.960841178894043,
    6.063408374786377,
    6.46549129486084,
    6.060613632202148,
    6.047611713409424,
    6.321930408477783,
    6.0995306968688965,
    6.2261247634887695,
    6.118790626525879,
    5.990500450134277,
    6.018767833709717,
    6.2414984703063965,
    5.942621231079102,
    6.0795464515686035,
    6.071292400360107,
    6.12643575668335,
    6.17647123336792,
    5.943846225738525,
    6.299553871154785,
    6.301827430725098,
    6.365202903747559,
    6.185371398925781,
    6.566871643066406,
    5.9873738288879395,
    5.59296989440918,
    5.641270160675049,
    5.4716105461120605,
    5.73860502243042,
    5.934746265411377,
    5.803652763366699,
    5.933182239532471,
    6.04348087310791,
    5.627762317657471,
    5.726041316986084,
    5.774449348449707,
    5.720107078552246,
    5.7223052978515625,
    5.722634315490723,
    5.482558250427246,
    5.385650634765625,
    5.390324592590332,
    5.2834391593933105,
    5.296998500823975,
    5.500374794006348,
    5.396869659423828,
    5.443095684051514,
    5.409550189971924,
    5.271854400634766,
    5.022431373596191,
    5.3318562507629395,
    5.261898517608643,
    5.485644817352295,
    5.365630626678467,
    5.351644039154053,
    5.748838901519775,
    5.740029811859131,
    5.839380741119385,
    6.0094170570373535,
    6.1557769775390625,
    6.031132698059082,
    5.5729827880859375,
    5.4918437004089355,
    5.380885601043701,
    5.385793209075928,
    5.433755874633789,
    5.53293514251709,
    5.72872257232666,
    5.720222473144531,
    5.43691349029541,
    5.339644432067871,
    5.1435394287109375,
    5.255433559417725,
    5.177256107330322,
    5.350663185119629,
    5.726502418518066,
    5.383765697479248,
    5.223267555236816,
    5.213798522949219,
    5.1877007484436035,
    5.81352424621582,
    6.004271030426025,
    5.808340549468994,
    5.656318664550781,
    5.5977325439453125,
    5.17739725112915,
    5.294247627258301,
    5.737392902374268,
    5.646456241607666,
    5.374515056610107,
    5.380929470062256,
    5.309658050537109,
    5.095466136932373,
    5.093952178955078,
    5.4088544845581055,
    5.562431812286377,
    5.2879319190979,
    4.987920761108398,
    4.919609546661377,
    5.5400166511535645,
    5.773324489593506,
    5.252478122711182,
    5.209762096405029,
    5.2661285400390625,
    5.026330947875977,
    5.031222820281982,
    5.229609489440918,
    5.056997299194336,
    5.185717582702637,
    5.1205644607543945,
    5.048614501953125,
    5.08192253112793,
    5.086204528808594,
    5.155367851257324,
    5.138457775115967,
    4.818423271179199,
    4.824874401092529,
    4.982425689697266,
    5.284604549407959,
    5.25573205947876,
    4.762190341949463,
    5.282327651977539,
    5.383202075958252,
    5.349547386169434,
    5.4945244789123535,
    5.366817474365234,
    5.14120626449585,
    5.390034198760986,
    5.369846343994141,
    5.009964466094971,
    5.136525630950928,
    5.12656831741333,
    4.594295024871826,
    4.714582443237305,
    4.863957405090332,
    4.873881816864014,
    5.020259380340576,
    4.9924774169921875,
    5.111544609069824,
    4.785256385803223,
    4.678994655609131,
    4.643043518066406,
    4.501614093780518,
    4.4593424797058105,
    4.651093482971191,
    5.009136199951172,
    4.799406051635742,
    4.563244819641113,
    4.725360870361328,
    4.589459419250488,
    4.668726921081543,
    4.5602569580078125,
    4.3958868980407715,
    4.49911642074585,
    4.4468584060668945,
    4.29789400100708,
    4.223567485809326,
    4.302360534667969,
    4.486571311950684,
    4.727826118469238,
    4.6074748039245605,
    4.687035083770752,
    4.666224956512451,
    4.77638053894043,
    4.633542537689209,
    4.479603290557861,
    4.722661018371582,
    4.675110340118408,
    4.552981853485107,
    4.25679874420166,
    4.2643232345581055,
    4.537759304046631,
    4.156349182128906,
    3.7401065826416016,
    3.8084630966186523,
    3.9069137573242188,
    3.7636160850524902,
    3.8626976013183594,
    4.1610798835754395,
    4.192142963409424,
    4.131563663482666,
    3.8512160778045654,
    3.8504185676574707,
    3.8886940479278564,
    3.9215140342712402,
    3.43951416015625,
    3.3016767501831055,
    3.5093894004821777,
    3.565800189971924,
    3.147676944732666,
    3.2850868701934814,
    3.206925630569458,
    3.175717353820801,
    3.036774158477783,
    2.890024185180664,
    3.118274211883545,
    2.8725426197052,
    2.6624326705932617,
    2.628025770187378,
    2.822970390319824,
    2.6370596885681152,
    2.431152105331421,
    2.479379653930664,
    2.449665069580078,
    2.5888631343841553,
    2.3124351501464844,
    2.328148365020752,
    2.2364871501922607,
    2.238898754119873,
    2.107614755630493,
    2.054114818572998,
    2.1053621768951416,
    2.2926974296569824,
    2.059669256210327,
    1.888306736946106,
    1.8106192350387573,
    2.082166910171509,
    1.8582029342651367,
    1.9137489795684814,
    1.8295351266860962,
    2.0800321102142334,
    2.0545754432678223,
    2.0521726608276367,
    1.7056602239608765,
    1.8005099296569824,
    2.0697131156921387,
    2.0402097702026367,
    1.8855342864990234,
    1.5219569206237793,
    1.5168237686157227,
    1.6845186948776245,
    1.402218222618103,
    1.4817965030670166,
    1.3749058246612549,
    1.2887941598892212,
    1.2788165807724,
    1.3093498945236206,
    1.3261346817016602,
    1.2913075685501099,
    1.2271583080291748,
    1.1626595258712769,
    1.0962117910385132,
    1.0353304147720337,
    1.1194570064544678,
    1.1892509460449219,
    0.9850413799285889,
    1.0758581161499023,
    1.0732059478759766,
    0.9450255632400513,
    0.905019998550415,
    0.8390513062477112,
    0.9001296162605286,
    0.9940322041511536,
    0.8287010788917542,
    0.7633615732192993,
    0.758725106716156,
    0.7580879330635071,
    0.797242283821106,
    0.7087258696556091,
    0.839787483215332,
    0.9305763244628906,
    0.8106862306594849,
    0.881753146648407,
    0.7270477414131165,
    0.6818246245384216,
    0.6196249127388,
    0.5326054692268372,
    0.6943724751472473,
    0.6255272626876831,
    0.7179641127586365,
    0.7697700262069702,
    0.6303104162216187,
    0.653630256652832,
    0.7247095704078674,
    0.6566222906112671,
    0.7365273237228394,
    0.6184424161911011,
    0.6692999601364136,
    0.6317987442016602,
    0.5270607471466064,
    0.5399110913276672,
    0.48715654015541077,
    0.5650063157081604,
    0.555018961429596,
    0.442781001329422,
    0.608559787273407,
    0.5708562135696411,
    0.39472174644470215,
    0.37920162081718445,
    0.40850698947906494,
