{
  "name": "hat_c2c001_500_ctx512",
  "seed": 456,
  "n_states": 256,
  "sigma_c2c": 0.01,
  "sigma_d2d": 0.0,
  "analog_layers": [
    0,
    1,
    2,
    3,
    4,
    5,
    6,
    7,
    8,
    9,
    10,
    11,
    12,
    13,
    14,
    15,
    16,
    17,
    18,
    19,
    20,
    21,
    22,
    23
  ],
  "lr": 1e-05,
  "max_steps": 500,
  "ppl_before": 42.44366393129927,
  "ppl_after": 19.75982566534119,
  "losses": [
    3.8050270080566406,
    3.8042378425598145,
    4.085705757141113,
    4.124701976776123,
    3.8621697425842285,
    3.9281511306762695,
    3.6739325523376465,
    3.314539909362793,
    3.3518319129943848,
    3.6179447174072266,
    3.578402519226074,
    3.226088047027588,
    3.5633232593536377,
    3.816298246383667,
    3.6084372997283936,
    3.5271778106689453,
    3.461686134338379,
    3.291147470474243,
    3.2277023792266846,
    3.2112951278686523,
    3.374361991882324,
    3.489867925643921,
    3.129418134689331,
    3.4184720516204834,
    3.278923988342285,
    3.299787759780884,
    3.813119649887085,
    3.697967529296875,
    3.238994836807251,
    3.462653875350952,
    3.6275577545166016,
    3.4608843326568604,
    3.24881911277771,
    3.1965296268463135,
    2.9252312183380127,
    3.3423376083374023,
    3.3477225303649902,
    3.4331486225128174,
    3.400782585144043,
    3.523724317550659,
    3.7099218368530273,
    3.473872423171997,
    3.531946897506714,
    3.697101354598999,
    3.652151107788086,
    3.4907872676849365,
    3.119821071624756,
    2.421530246734619,
    2.432368755340576,
    2.9278080463409424,
    3.234123468399048,
    3.070991277694702,
    2.8418259620666504,
    3.2238261699676514,
    3.2350289821624756,
    3.234893560409546,
    3.3931167125701904,
    3.218219757080078,
    2.8975510597229004,
    3.039792776107788,
    2.8983242511749268,
    2.9233884811401367,
    2.8561959266662598,
    2.7731270790100098,
    2.8270351886749268,
    2.9054346084594727,
    3.026893377304077,
    3.354379415512085,
    3.2177112102508545,
    2.990506887435913,
    2.897573947906494,
    2.6177942752838135,
    2.6400065422058105,
    2.9195282459259033,
    2.9713213443756104,
    2.9215288162231445,
    2.9126179218292236,
    2.71455717086792,
    3.204411268234253,
    3.618040084838867,
    3.4665920734405518,
    3.4907147884368896,
    3.511871099472046,
    3.6240875720977783,
    3.225853204727173,
    2.931994676589966,
    3.1352195739746094,
    3.320265531539917,
    3.027597188949585,
    2.684502124786377,
    2.5146303176879883,
    2.8136558532714844,
    2.943678617477417,
    2.9937539100646973,
    3.1826610565185547,
    3.3536980152130127,
    3.100144386291504,
    2.768233060836792,
    3.0395267009735107,
    3.4043078422546387,
    3.4028797149658203,
    3.2699673175811768,
    3.173128128051758,
    3.1005468368530273,
    3.057079792022705,
    3.320965528488159,
    2.8188607692718506,
    2.6283929347991943,
    2.8976492881774902,
    3.19545841217041,
    3.296574354171753,
    3.234348773956299,
    3.132068157196045,
    3.312347412109375,
    3.4061546325683594,
    3.1688098907470703,
    3.065899133682251,
    3.257152557373047,
    2.761986017227173,
    2.537365198135376,
    2.740914821624756,
    2.7081217765808105,
    2.809849977493286,
    2.6981241703033447,
    2.782646656036377,
    2.886631488800049,
    2.757873296737671,
    2.7702176570892334,
    3.0792973041534424,
    3.004650115966797,
    2.562382698059082,
    2.672438144683838,
    2.745474100112915,
    2.931274652481079,
    2.8822944164276123,
    3.0325469970703125,
    3.2841999530792236,
    3.1965932846069336,
    3.203965663909912,
    3.1687088012695312,
    3.180983781814575,
    3.2029154300689697,
    3.310905694961548,
    3.281257152557373,
    3.184532642364502,
    3.3453750610351562,
    3.529020071029663,
    3.37082839012146,
    3.2547543048858643,
    3.1562654972076416,
    3.0535905361175537,
    3.092047691345215,
    3.0560977458953857,
    3.214890241622925,
    3.3035242557525635,
    3.202493190765381,
    2.9674291610717773,
    3.2553863525390625,
    3.3993897438049316,
    3.2269065380096436,
    2.9514527320861816,
    3.064242362976074,
    3.2915425300598145,
    3.081845760345459,
    3.0257225036621094,
    3.0605740547180176,
    3.248873233795166,
    3.209510087966919,
    2.931992292404175,
    3.1062729358673096,
    3.2163825035095215,
    3.229844331741333,
    3.2642369270324707,
    3.4258079528808594,
    3.1678290367126465,
    3.157653570175171,
    3.286271333694458,
    3.164184808731079,
    3.040407657623291,
    2.956907272338867,
    2.998166084289551,
    2.8839147090911865,
    3.0979084968566895,
    3.3432199954986572,
    3.3415005207061768,
    3.2460029125213623,
    3.3722877502441406,
    3.7374253273010254,
    3.78731107711792,
    3.801210641860962,
    3.6553165912628174,
    3.437004804611206,
    3.0197713375091553,
    2.9316225051879883,
    3.1322836875915527,
    3.0528295040130615,
    2.782543182373047,
    2.9560763835906982,
    3.041349411010742,
    3.1260740756988525,
    3.1667747497558594,
    3.0490427017211914,
    3.18149471282959,
    3.2424192428588867,
    3.2377748489379883,
    3.1287691593170166,
    3.1532115936279297,
    3.1463565826416016,
    2.6906394958496094,
    3.1345314979553223,
    3.3776330947875977,
    2.9113478660583496,
    2.6813666820526123,
    2.619150400161743,
    2.7730863094329834,
    3.0587987899780273,
    3.0034472942352295,
    3.047938585281372,
    3.207991600036621,
    3.121537446975708,
    3.2878546714782715,
    3.3364312648773193,
    2.829651355743408,
    2.4572079181671143,
    2.339287042617798,
    2.4770679473876953,
    2.5821080207824707,
    2.659461736679077,
    2.5940330028533936,
    2.68393611907959,
    2.9162437915802,
    3.0237514972686768,
    2.981444835662842,
    3.0563292503356934,
    3.238983631134033,
    2.944782257080078,
    3.2517333030700684,
    2.967822551727295,
    3.055485963821411,
    3.274900197982788,
    3.0225210189819336,
    3.0821609497070312,
    3.293670654296875,
    3.356854200363159,
    3.302448034286499,
    3.4069714546203613,
    3.5816807746887207,
    3.6410393714904785,
    3.268724203109741,
    3.341257095336914,
    3.380610704421997,
    3.288701295852661,
    3.3731749057769775,
    3.4300808906555176,
    3.2629311084747314,
    3.266385078430176,
    3.183371067047119,
    3.4271492958068848,
    3.281909465789795,
    3.1393470764160156,
    3.0218842029571533,
    2.7592413425445557,
    3.219269275665283,
    3.1499595642089844,
    3.108191967010498,
    2.8740768432617188,
    2.8433358669281006,
    2.7565553188323975,
    2.8007633686065674,
    2.8891546726226807,
    2.942394733428955,
    2.8827319145202637,
    3.1263866424560547,
    2.8950579166412354,
    2.772019624710083,
    2.891071319580078,
    2.962153911590576,
    3.002424478530884,
    2.89589786529541,
    3.0174949169158936,
    3.007451057434082,
    2.934882402420044,
    3.0507256984710693,
    3.0516879558563232,
    2.863410711288452,
    2.9242196083068848,
    2.766353130340576,
    3.022195339202881,
    3.001600742340088,
    2.926647663116455,
    3.1280903816223145,
    3.095688819885254,
    2.8318893909454346,
    2.9075231552124023,
    2.9386749267578125,
    3.055206060409546,
    3.067722797393799,
    3.150254011154175,
    3.3053243160247803,
    3.205294609069824,
    2.915418863296509,
    2.837869882583618,
    2.9827334880828857,
    3.112715482711792,
    2.9927351474761963,
    2.8520615100860596,
    3.12876033782959,
    3.2940189838409424,
    3.188950777053833,
    2.785168409347534,
    2.4566006660461426,
    2.8212170600891113,
    2.9263713359832764,
    3.1995136737823486,
    3.5035576820373535,
    3.5001418590545654,
    3.1520955562591553,
    3.2774322032928467,
    3.487161159515381,
    3.4362454414367676,
    3.279426097869873,
