{
  "name": "hat_d2d004_500_ctx512",
  "seed": 456,
  "n_states": 256,
  "sigma_c2c": 0.0,
  "sigma_d2d": 0.04,
  "analog_layers": [
    0,
    1,
    2,
    3,
    4,
    5,
    6,
    7,
    8,
    9,
    10,
    11,
    12,
    13,
    14,
    15,
    16,
    17,
    18,
    19,
    20,
    21,
    22,
    23
  ],
  "lr": 1e-05,
  "max_steps": 500,
  "ppl_before": 589.0262006678176,
  "ppl_after": 31.826539988089515,
  "losses": [
    6.913528919219971,
    6.254003047943115,
    6.2240777015686035,
    6.8614115715026855,
    5.781936168670654,
    5.7599711418151855,
    5.4075846672058105,
    5.2682671546936035,
    4.7745137214660645,
    5.088253021240234,
    5.265748500823975,
    4.8918609619140625,
    5.066707134246826,
    5.1592888832092285,
    5.135940074920654,
    5.043609142303467,
    5.094315052032471,
    4.933934211730957,
    4.7999420166015625,
    4.559296607971191,
    4.588726997375488,
    4.5491814613342285,
    4.457123279571533,
    4.728789806365967,
    4.535816669464111,
    4.633103847503662,
    4.90829610824585,
    4.808754920959473,
    4.421792030334473,
    4.788204669952393,
    4.848940372467041,
    4.423884868621826,
    4.335520267486572,
    4.209016799926758,
    3.907654285430908,
    4.457648277282715,
    4.611383438110352,
    4.437741756439209,
    4.510900974273682,
    4.763001918792725,
    4.538425445556641,
    4.546468257904053,
    4.569550514221191,
    4.751969814300537,
    4.799820423126221,
    4.62019157409668,
    4.181483745574951,
    3.6718854904174805,
    3.5291435718536377,
    3.922050952911377,
    4.217556476593018,
    3.891680955886841,
    4.027435779571533,
    4.319516658782959,
    4.4917802810668945,
    4.731164455413818,
    4.441221237182617,
    4.323890209197998,
    4.2063398361206055,
    4.325465679168701,
    3.8464808464050293,
    4.039859294891357,
    4.116585731506348,
    3.855557680130005,
    4.013544082641602,
    4.077085018157959,
    4.034764766693115,
    4.206419467926025,
    4.171582221984863,
    4.062883377075195,
    3.9187660217285156,
    3.6056652069091797,
    3.6749377250671387,
    3.8132030963897705,
    3.8319807052612305,
    3.9420979022979736,
    4.019509315490723,
    4.035555839538574,
    4.441111087799072,
    4.374546527862549,
    4.270252227783203,
    4.226933002471924,
    4.228232383728027,
    4.3924360275268555,
    4.102120399475098,
    3.733246326446533,
    4.050525188446045,
    4.319767475128174,
    3.9356276988983154,
    3.6221678256988525,
    3.356928825378418,
    3.522488832473755,
    3.8162660598754883,
    3.8169829845428467,
    4.324955463409424,
    4.208004474639893,
    3.833242416381836,
    3.588721513748169,
    3.863609790802002,
    4.045621395111084,
    4.059287071228027,
    4.183050632476807,
    4.017744064331055,
    3.7887840270996094,
    3.838752269744873,
    4.295865058898926,
    3.675849199295044,
    3.47444224357605,
    3.796755790710449,
    4.3465399742126465,
    4.48433256149292,
    4.327973365783691,
    4.082611083984375,
    4.192052841186523,
    4.488332271575928,
    4.219103813171387,
    4.1086506843566895,
    4.085120677947998,
    3.713653802871704,
    3.468958854675293,
    3.5444393157958984,
    3.4717226028442383,
    3.6303141117095947,
    3.5266411304473877,
    3.5580708980560303,
    3.721015453338623,
    3.5485472679138184,
    3.651454210281372,
    3.8977034091949463,
    4.0285725593566895,
    3.7365360260009766,
    3.5531294345855713,
    3.603163719177246,
    3.8352625370025635,
    3.8917012214660645,
    3.984004020690918,
    3.9230833053588867,
    3.857769727706909,
    3.822567939758301,
    3.866563081741333,
    3.940495014190674,
    4.001419544219971,
    3.954470157623291,
    3.9695956707000732,
    3.9175331592559814,
    4.03949499130249,
    4.226280212402344,
    3.996029853820801,
    3.9524571895599365,
    3.768141269683838,
    3.5747718811035156,
    3.694031238555908,
    3.6725361347198486,
    3.8430559635162354,
    4.007111072540283,
    3.905316114425659,
    3.5967700481414795,
    3.804388999938965,
    4.098250865936279,
    3.959564208984375,
    3.6591429710388184,
    3.6129045486450195,
    3.7500553131103516,
    3.6757538318634033,
    3.6391525268554688,
    3.569342851638794,
    3.8771018981933594,
    3.8053369522094727,
    3.424407482147217,
    3.588992118835449,
    3.5926718711853027,
    3.772969961166382,
    3.864527702331543,
    3.9636659622192383,
    3.6978371143341064,
    3.7270419597625732,
    3.9524409770965576,
    3.668835163116455,
    3.5207037925720215,
    3.672802448272705,
    3.783806562423706,
    3.5787415504455566,
    3.7127609252929688,
    3.7715611457824707,
    3.901470899581909,
    3.9040658473968506,
    4.0009613037109375,
    4.414243698120117,
    4.4453887939453125,
    4.655592441558838,
    4.399512767791748,
    4.009329319000244,
    3.716702699661255,
    3.5560812950134277,
    3.680938720703125,
    3.670130968093872,
    3.5314111709594727,
    3.64737606048584,
    3.6827282905578613,
    3.7458059787750244,
    3.8761415481567383,
    3.6621837615966797,
    3.796386957168579,
    3.780348539352417,
    3.8048930168151855,
    3.7607364654541016,
    3.7959210872650146,
    3.745649814605713,
    3.35839581489563,
    3.7085039615631104,
    3.9446370601654053,
    3.336549997329712,
    3.093064546585083,
    3.1072351932525635,
    3.33832049369812,
    3.610109806060791,
    3.460258722305298,
    3.5013270378112793,
    3.5620501041412354,
    3.675196886062622,
    3.7937538623809814,
    3.9579100608825684,
    3.5478596687316895,
    3.173967123031616,
    3.0752358436584473,
    3.1786489486694336,
    3.3662824630737305,
    3.423064947128296,
    3.4238390922546387,
    3.3240041732788086,
    3.4687705039978027,
    3.7310705184936523,
    3.6476383209228516,
    3.791884422302246,
    3.9693779945373535,
    3.6385085582733154,
    3.7574188709259033,
    3.64894962310791,
    3.6169397830963135,
    3.826810121536255,
    3.610691547393799,
    3.571937322616577,
    3.911208152770996,
    3.978996515274048,
    3.8080332279205322,
    3.976884603500366,
    4.219475746154785,
    4.16852331161499,
    3.741241931915283,
    3.78408145904541,
    3.772583484649658,
    3.890148162841797,
    3.9599173069000244,
    4.024822235107422,
    3.7863407135009766,
    3.683443546295166,
    3.724797248840332,
    3.94986891746521,
    3.6983695030212402,
    3.648306369781494,
    3.5937247276306152,
    3.528064727783203,
    3.8578243255615234,
    3.769400119781494,
    3.7362613677978516,
    3.5317740440368652,
    3.4807121753692627,
    3.4813568592071533,
    3.3350830078125,
    3.4129650592803955,
    3.6198039054870605,
    3.5999836921691895,
    3.885826349258423,
    3.6652333736419678,
    3.5125343799591064,
    3.687903642654419,
    3.6952102184295654,
    3.5051424503326416,
    3.4043962955474854,
    3.5228688716888428,
    3.5597872734069824,
    3.47326922416687,
    3.6697051525115967,
    3.662802219390869,
    3.574535369873047,
    3.374464988708496,
    3.2064006328582764,
    3.7612881660461426,
    3.7146236896514893,
    3.4297893047332764,
    3.706070899963379,
    3.615365982055664,
    3.3339834213256836,
    3.440706729888916,
    3.613276958465576,
    3.6110036373138428,
    3.5317416191101074,
    3.708458423614502,
    3.779109001159668,
    3.7783591747283936,
    3.516058921813965,
    3.3957021236419678,
    3.372612237930298,
    3.5387918949127197,
    3.461172103881836,
    3.3328866958618164,
    3.70644211769104,
    3.903937816619873,
    3.891263723373413,
    3.5201683044433594,
    3.1382393836975098,
    3.4808216094970703,
    3.5403363704681396,
    3.831913709640503,
    4.089385509490967,
    4.116119384765625,
    3.7997725009918213,
    3.8508846759796143,
    4.0033860206604,
    3.9975616931915283,
    4.080513000488281,
    3.819934368133545,
    3.770966053009033,
