{
  "name": "hat_clean_500",
  "seed": 42,
  "n_states": 256,
  "sigma_c2c": 0.0,
  "sigma_d2d": 0.0,
  "analog_layers": [
    0,
    1,
    2,
    3,
    4,
    5,
    6,
    7,
    8,
    9,
    10,
    11,
    12,
    13,
    14,
    15,
    16,
    17,
    18,
    19,
    20,
    21,
    22,
    23
  ],
  "lr": 1e-05,
  "max_steps": 500,
  "ppl_before": 1311.9082216681554,
  "ppl_after": 1.0770486451614658,
  "losses": [
    7.4083757400512695,
    7.245236873626709,
    7.27008581161499,
    7.175731658935547,
    6.430366039276123,
    6.55029821395874,
    6.652894020080566,
    6.358433723449707,
    6.552851676940918,
    6.0939202308654785,
    5.907487869262695,
    6.168758392333984,
    6.271168231964111,
    6.10343074798584,
    6.3673787117004395,
    6.387437343597412,
    5.420547008514404,
    5.862619876861572,
    6.119150161743164,
    6.05234956741333,
    5.866349220275879,
    6.172739028930664,
    6.0936360359191895,
    5.6349778175354,
    6.003593444824219,
    5.470354080200195,
    6.058319568634033,
    6.110030174255371,
    6.184945106506348,
    6.4166107177734375,
    5.878531455993652,
    5.707208633422852,
    5.5014729499816895,
    5.664015769958496,
    5.506316661834717,
    5.285586357116699,
    5.367427349090576,
    5.446544170379639,
    6.005638599395752,
    5.594329833984375,
    5.397616386413574,
    5.759423732757568,
    5.664112567901611,
    5.577637672424316,
    5.493340969085693,
    5.281407356262207,
    5.457834243774414,
    5.69213342666626,
    5.433976650238037,
    5.605023384094238,
    5.624925136566162,
    5.511935710906982,
    5.775551795959473,
    5.43686580657959,
    5.733799457550049,
    5.86814546585083,
    5.561328411102295,
    5.5959320068359375,
    5.967965126037598,
    5.607532501220703,
    4.980196475982666,
    4.933539390563965,
    4.933145046234131,
    5.190151214599609,
    5.41707706451416,
    5.045832633972168,
    5.280754089355469,
    5.458731651306152,
    5.083850860595703,
    5.164251327514648,
    5.123079776763916,
    5.050283908843994,
    5.193454265594482,
    5.21590518951416,
    4.934057235717773,
    4.826486587524414,
    4.844933032989502,
    4.728246688842773,
    4.804015636444092,
    4.880956649780273,
    4.77672815322876,
    4.954628944396973,
    4.901480674743652,
    4.725078105926514,
    4.424924850463867,
    4.705802917480469,
    4.669192314147949,
    4.927994251251221,
    4.7953996658325195,
    4.741095542907715,
    5.153341293334961,
    5.215421676635742,
    5.080679893493652,
    5.430247783660889,
    5.490612983703613,
    5.346229553222656,
    4.764406681060791,
    4.714864730834961,
    4.60606050491333,
    4.590129375457764,
    4.654581546783447,
    4.582018852233887,
    4.788936138153076,
    4.682802200317383,
    4.47271728515625,
    4.427666664123535,
    4.168962478637695,
    4.292336940765381,
    4.237875938415527,
    4.355106353759766,
    4.498162746429443,
    4.377243518829346,
    4.058145046234131,
    4.044466495513916,
    3.9775969982147217,
    4.470117092132568,
    4.872025489807129,
    4.716577529907227,
    4.423110008239746,
    4.261900901794434,
    3.9726250171661377,
    4.012441158294678,
    4.244208335876465,
    4.473804473876953,
    4.0066819190979,
    3.8454954624176025,
    3.8194665908813477,
    3.7265477180480957,
    3.7783522605895996,
    3.7962608337402344,
    4.062442779541016,
    3.8554155826568604,
    3.4689598083496094,
    3.3496382236480713,
    3.7598745822906494,
    3.72403883934021,
    3.365239381790161,
    3.269394874572754,
    3.402306079864502,
    3.22609806060791,
    2.8413655757904053,
    3.047612190246582,
    2.792290449142456,
    3.024860382080078,
    2.657362461090088,
    2.485827684402466,
    2.604259967803955,
    2.6414635181427,
    2.2257962226867676,
    2.353588342666626,
    2.0987439155578613,
    2.05049991607666,
    1.9602187871932983,
    2.1767337322235107,
    2.2652876377105713,
    2.0115015506744385,
    1.8301613330841064,
    1.9909038543701172,
    1.7299023866653442,
    2.163330316543579,
    1.7454071044921875,
    1.7178198099136353,
    1.7856063842773438,
    1.7959102392196655,
    1.629437804222107,
    1.6608941555023193,
    1.640478253364563,
    1.4338388442993164,
    1.3504868745803833,
    1.4853606224060059,
    1.4006401300430298,
    1.5119308233261108,
    1.4500592947006226,
    1.417386531829834,
    1.3611091375350952,
    1.499170184135437,
    1.206929087638855,
    1.1849948167800903,
    1.2292704582214355,
    1.3352351188659668,
    1.0776846408843994,
    1.1209102869033813,
    0.996843695640564,
    1.1354894638061523,
    0.9165022969245911,
    0.9033141136169434,
    0.8477153182029724,
    0.8405356407165527,
    0.8822972774505615,
    0.7676622271537781,
    0.8271964192390442,
    0.6480826735496521,
    0.6645567417144775,
    0.7523899674415588,
    0.74981689453125,
    0.8073391318321228,
    0.6963391900062561,
    0.7881584763526917,
    0.7655304074287415,
    0.8287619352340698,
    0.6594744920730591,
    0.7689406871795654,
    0.7457745671272278,
    0.6789882779121399,
    0.6148999333381653,
    0.7570922374725342,
    0.7357780933380127,
    0.6505848169326782,
    0.5138435363769531,
    0.5039574503898621,
    0.4491625428199768,
    0.497234582901001,
    0.42634183168411255,
    0.4532656967639923,
    0.48504096269607544,
    0.5302718281745911,
    0.5224393010139465,
    0.4609083831310272,
    0.5029183030128479,
    0.5012274980545044,
    0.4092242419719696,
    0.37468403577804565,
    0.37138473987579346,
    0.4522917568683624,
    0.3710218369960785,
    0.42921802401542664,
    0.3278481960296631,
    0.393181711435318,
    0.3394976556301117,
    0.3036602735519409,
    0.31446412205696106,
    0.27590176463127136,
    0.30444565415382385,
    0.27098000049591064,
    0.29984116554260254,
    0.25938674807548523,
    0.2501288056373596,
    0.2827005088329315,
    0.23466072976589203,
    0.25588592886924744,
    0.2775362730026245,
    0.2805292010307312,
    0.2437753975391388,
    0.3066352307796478,
    0.26150742173194885,
    0.2697000801563263,
    0.272413969039917,
    0.26517045497894287,
    0.23197677731513977,
    0.1990213394165039,
    0.18924878537654877,
    0.2299409806728363,
    0.2395009845495224,
    0.2384268194437027,
    0.2392311692237854,
    0.23295794427394867,
    0.2730120122432709,
    0.25058722496032715,
    0.19417640566825867,
    0.1524951159954071,
    0.2764652967453003,
    0.2646339535713196,
    0.2665734589099884,
    0.20951905846595764,
    0.19021053612232208,
    0.19764748215675354,
    0.13452349603176117,
    0.18868713080883026,
    0.16472263634204865,
    0.1701480746269226,
    0.15346968173980713,
    0.1587134152650833,
    0.12254738062620163,
    0.1410982310771942,
    0.14749214053153992,
    0.13422642648220062,
    0.14933475852012634,
    0.14596027135849,
    0.15355709195137024,
    0.16696874797344208,
    0.12700608372688293,
    0.15852633118629456,
    0.1489299088716507,
    0.1029309332370758,
    0.15520745515823364,
    0.17130082845687866,
    0.16401295363903046,
    0.19753289222717285,
    0.1536698043346405,
    0.09488550573587418,
    0.10970840603113174,
    0.09018057584762573,
    0.10202096402645111,
    0.10681535303592682,
    0.13808928430080414,
    0.1683967113494873,
    0.11308783292770386,
    0.11817532032728195,
    0.09568475931882858,
    0.08219357579946518,
    0.1067076101899147,
    0.07627065479755402,
    0.11542880535125732,
    0.12358299642801285,
    0.10327982902526855,
    0.10146487504243851,
    0.10083272308111191,
    0.27647900581359863,
    0.2807004153728485,
    0.09529147297143936,
    0.13116438686847687,
    0.09149053692817688,
    0.10888352990150452,
    0.110929474234581,
    0.08090788125991821,
    0.07681386172771454,
    0.08053641766309738,
    0.08329058438539505,
    0.08586131036281586,
