{
  "name": "hat_combined_last2_500_ctx512",
  "seed": 42,
  "n_states": 256,
  "sigma_c2c": 0.01,
  "sigma_d2d": 0.02,
  "analog_layers": [
    22,
    23
  ],
  "lr": 1e-05,
  "max_steps": 500,
  "ppl_before": 24.328167005133086,
  "ppl_after": 18.448041731577636,
  "losses": [
    3.121539831161499,
    3.3155341148376465,
    3.572366952896118,
    3.755927801132202,
    3.480226993560791,
    3.5140044689178467,
    3.3304519653320312,
    3.038140058517456,
    3.05515456199646,
    3.2802786827087402,
    3.275627374649048,
    2.946070909500122,
    3.231257677078247,
    3.536776065826416,
    3.2943601608276367,
    3.2460923194885254,
    3.1222825050354004,
    2.8881235122680664,
    2.9233205318450928,
    2.9811453819274902,
    3.2135844230651855,
    3.2745232582092285,
    2.978839635848999,
    3.2511701583862305,
    3.131187677383423,
    3.1566996574401855,
    3.570101261138916,
    3.4379446506500244,
    2.95331072807312,
    3.2294323444366455,
    3.4893126487731934,
    3.303360939025879,
    3.078035831451416,
    2.9499640464782715,
    2.7917516231536865,
    3.0267343521118164,
    3.103978157043457,
    3.2509191036224365,
    3.2180795669555664,
    3.261336088180542,
    3.4530670642852783,
    3.3232994079589844,
    3.3330352306365967,
    3.444896697998047,
    3.4751029014587402,
    3.2775397300720215,
    2.823404312133789,
    2.2898008823394775,
    2.233086347579956,
    2.764843463897705,
    3.016291379928589,
    2.817244052886963,
    2.6313328742980957,
    3.0056705474853516,
    2.9974100589752197,
    2.959757089614868,
    3.177311897277832,
    3.007518768310547,
    2.692988395690918,
    2.7665951251983643,
    2.72530460357666,
    2.6877691745758057,
    2.6692280769348145,
    2.5984508991241455,
    2.51755428314209,
    2.5750484466552734,
    2.8363208770751953,
    3.1069674491882324,
    2.9566922187805176,
    2.846134901046753,
    2.744752883911133,
    2.4373667240142822,
    2.5118377208709717,
    2.823219060897827,
    2.765777587890625,
    2.7516939640045166,
    2.5508689880371094,
    2.5266268253326416,
    2.974451780319214,
    3.4166982173919678,
    3.315530776977539,
    3.309274673461914,
    3.342832088470459,
    3.492802381515503,
    3.1151363849639893,
    2.805232048034668,
    2.9673876762390137,
    3.174823760986328,
    2.918780565261841,
    2.495959520339966,
    2.3284924030303955,
    2.6459388732910156,
    2.8080742359161377,
    2.8161797523498535,
    3.0640718936920166,
    3.256758451461792,
    2.914699077606201,
    2.6031157970428467,
    2.867945909500122,
    3.2594008445739746,
    3.1800622940063477,
    3.098740339279175,
    3.0113251209259033,
    2.8977224826812744,
    2.929023504257202,
    3.1683027744293213,
    2.5583157539367676,
    2.473644495010376,
    2.7918238639831543,
    3.0104453563690186,
    3.079124927520752,
    2.9885435104370117,
    3.001444101333618,
    3.1845338344573975,
    3.241440773010254,
    3.009706974029541,
    2.9383561611175537,
    3.1453115940093994,
    2.661282777786255,
    2.380858898162842,
    2.6022045612335205,
    2.6579761505126953,
    2.749086380004883,
    2.663440465927124,
    2.631500005722046,
    2.772343873977661,
    2.6806018352508545,
    2.6748623847961426,
    2.901259660720825,
    2.8997201919555664,
    2.4712393283843994,
    2.5318212509155273,
    2.658944606781006,
    2.864135503768921,
    2.7651450634002686,
    2.916271209716797,
    3.1615779399871826,
    3.0837767124176025,
    3.0644423961639404,
    3.0605204105377197,
    3.089738130569458,
    3.0832321643829346,
    3.127861976623535,
    3.1768181324005127,
    3.044560670852661,
    3.295827627182007,
    3.412130355834961,
    3.244241714477539,
    3.175893545150757,
    3.0652952194213867,
    3.0067827701568604,
    2.9807932376861572,
    2.942647933959961,
    3.0854897499084473,
    3.251868724822998,
    3.1262786388397217,
    2.8190643787384033,
    3.130728244781494,
    3.3149168491363525,
    3.032761812210083,
    2.829108715057373,
    2.9383769035339355,
    3.16780161857605,
    3.0052578449249268,
    2.9249074459075928,
    2.9599032402038574,
    3.1720359325408936,
    3.1070687770843506,
    2.865525007247925,
    3.0147743225097656,
    3.0833892822265625,
    3.1530258655548096,
    3.159249782562256,
    3.3160243034362793,
    3.132011651992798,
    3.073122024536133,
    3.244356155395508,
    3.0598559379577637,
    2.876108169555664,
    2.8664512634277344,
    2.859074354171753,
    2.810415744781494,
    2.976971387863159,
    3.1806704998016357,
    3.165147542953491,
    3.1348371505737305,
    3.2851145267486572,
    3.5382423400878906,
    3.5588202476501465,
    3.738722085952759,
    3.554856061935425,
    3.278933048248291,
    2.9134626388549805,
    2.778693437576294,
    3.028822422027588,
    2.912874460220337,
    2.7038047313690186,
    2.921266555786133,
    2.947923421859741,
    3.030999183654785,
    3.0993361473083496,
    2.970491409301758,
    3.0989837646484375,
    3.05560040473938,
    3.1317138671875,
    2.9783239364624023,
    3.0276618003845215,
    3.018695116043091,
    2.60835337638855,
    3.0254666805267334,
    3.329843282699585,
    2.816865921020508,
    2.626784563064575,
    2.527541399002075,
    2.715707540512085,
    2.992882013320923,
    2.898646831512451,
    2.913144826889038,
    3.089050531387329,
    3.0929605960845947,
    3.2160863876342773,
    3.2553396224975586,
    2.7593321800231934,
    2.4125163555145264,
    2.20654296875,
    2.358487129211426,
    2.570821762084961,
    2.6247646808624268,
    2.5447165966033936,
    2.5777735710144043,
    2.8169546127319336,
    2.9499971866607666,
    2.892813205718994,
    2.960127592086792,
    3.111473798751831,
    2.883975028991699,
    3.1295199394226074,
    2.909283399581909,
    2.9273343086242676,
    3.238065719604492,
    3.0345098972320557,
    3.049495220184326,
    3.215599298477173,
    3.332494020462036,
    3.2769086360931396,
    3.3207812309265137,
    3.48856258392334,
    3.5415048599243164,
    3.1985387802124023,
    3.287269353866577,
    3.2933788299560547,
    3.2446179389953613,
    3.2610867023468018,
    3.3244516849517822,
    3.1917896270751953,
    3.169919967651367,
    3.161430835723877,
    3.3604471683502197,
    3.1667397022247314,
    3.0837817192077637,
    2.9517664909362793,
    2.732661247253418,
    3.12343168258667,
    2.9894468784332275,
    3.0173730850219727,
    2.745121479034424,
    2.7174651622772217,
    2.720747709274292,
    2.731490135192871,
    2.7763068675994873,
    2.8484983444213867,
    2.8097634315490723,
    2.9985437393188477,
    2.830336809158325,
    2.7047910690307617,
    2.7743964195251465,
    2.857408046722412,
    2.8879706859588623,
    2.8538451194763184,
    2.9432668685913086,
    2.9110329151153564,
    2.8849620819091797,
    2.958716630935669,
    2.922398805618286,
    2.7893617153167725,
    2.8329386711120605,
    2.6822850704193115,
    2.959223747253418,
    2.8785879611968994,
    2.877577304840088,
    3.0333316326141357,
    2.991476535797119,
    2.724337100982666,
    2.79707932472229,
    2.8830742835998535,
    2.9944334030151367,
    3.04121470451355,
    3.1316161155700684,
    3.2545669078826904,
    3.125387191772461,
    2.8803248405456543,
    2.800055503845215,
    2.9019453525543213,
    3.0215272903442383,
    2.933659791946411,
    2.802802801132202,
    3.1164133548736572,
    3.2013180255889893,
    3.1214535236358643,
    2.687675714492798,
    2.429908037185669,
    2.7033498287200928,
    2.7535502910614014,
    3.112184762954712,
    3.453834056854248,
    3.447301149368286,
    3.101745843887329,
    3.220062255859375,
    3.3562984466552734,
    3.3089165687561035,
    3.152683973312378,
    2.95810604095459,
    2.940767288208008,
    3.061450958251953,
    3.061113119125366,
    3.098876476287842,
    3.1453051567077637,
    2.823436737060547,
    2.363018035888672,
