{
  "name": "hat_d2d002_500_ctx512",
  "seed": 123,
  "n_states": 256,
  "sigma_c2c": 0.0,
  "sigma_d2d": 0.02,
  "analog_layers": [
    0,
    1,
    2,
    3,
    4,
    5,
    6,
    7,
    8,
    9,
    10,
    11,
    12,
    13,
    14,
    15,
    16,
    17,
    18,
    19,
    20,
    21,
    22,
    23
  ],
  "lr": 1e-05,
  "max_steps": 500,
  "ppl_before": 86.48922167198295,
  "ppl_after": 22.49490760802673,
  "losses": [
    4.717237949371338,
    4.397558689117432,
    4.705386638641357,
    4.915889739990234,
    4.247351169586182,
    4.284196853637695,
    4.1862688064575195,
    3.5902223587036133,
    3.7309610843658447,
    4.104037284851074,
    3.982758045196533,
    3.607820510864258,
    3.9190032482147217,
    4.199051856994629,
    3.9988129138946533,
    3.8741352558135986,
    3.9581708908081055,
    3.7615153789520264,
    3.541844129562378,
    3.587756872177124,
    3.6605451107025146,
    3.722005844116211,
    3.412339687347412,
    3.7213327884674072,
    3.7451164722442627,
    3.7916507720947266,
    4.13878059387207,
    4.025217533111572,
    3.5788073539733887,
    3.750497341156006,
    4.023368835449219,
    3.801814079284668,
    3.547431230545044,
    3.4702770709991455,
    3.2538466453552246,
    3.6903154850006104,
    3.7951693534851074,
    3.7514805793762207,
    3.844892740249634,
    3.8631749153137207,
    3.9713592529296875,
    3.7994234561920166,
    3.878035545349121,
    3.938076972961426,
    3.992060661315918,
    3.758925199508667,
    3.3289144039154053,
    2.7624051570892334,
    2.626300096511841,
    3.2393300533294678,
    3.464097261428833,
    3.253563404083252,
    3.1309351921081543,
    3.5790138244628906,
    3.678055763244629,
    3.7928481101989746,
    3.6832966804504395,
    3.6050326824188232,
    3.4073197841644287,
    3.320580244064331,
    3.254716157913208,
    3.2649879455566406,
    3.2093141078948975,
    3.2337357997894287,
    3.255303144454956,
    3.24257230758667,
    3.4347236156463623,
    3.528331995010376,
    3.5299441814422607,
    3.3348186016082764,
    3.169118642807007,
    2.807203769683838,
    2.9552719593048096,
    3.1804184913635254,
    3.162290334701538,
    3.415891170501709,
    3.3093159198760986,
    3.1029438972473145,
    3.506993055343628,
    3.7966883182525635,
    3.585139036178589,
    3.682290554046631,
    3.75815749168396,
    3.819502353668213,
    3.524604082107544,
    3.1871273517608643,
    3.415476083755493,
    3.643289804458618,
    3.237903356552124,
    2.954143762588501,
    2.8323256969451904,
    3.0355446338653564,
    3.2665934562683105,
    3.235856056213379,
    3.4495105743408203,
    3.5844810009002686,
    3.2791688442230225,
    2.9366419315338135,
    3.2601675987243652,
    3.635159969329834,
    3.600893974304199,
    3.5029852390289307,
    3.4396963119506836,
    3.2367634773254395,
    3.277949571609497,
    3.58481502532959,
    3.033932685852051,
    2.8905112743377686,
    3.238762140274048,
    3.6642236709594727,
    3.5922415256500244,
    3.51888108253479,
    3.4289894104003906,
    3.6721558570861816,
    3.711419105529785,
    3.505641222000122,
    3.347163438796997,
    3.608229875564575,
    3.032505750656128,
    2.7545857429504395,
    3.0005993843078613,
    3.0364668369293213,
    3.1340136528015137,
    2.981178045272827,
    3.0635039806365967,
    3.1530237197875977,
    3.051469326019287,
    3.120431900024414,
    3.245044231414795,
    3.2863898277282715,
    2.880943536758423,
    3.0015952587127686,
    3.0004336833953857,
    3.196518898010254,
    3.16166353225708,
    3.2064740657806396,
    3.4105019569396973,
    3.4262728691101074,
    3.322817802429199,
    3.3256802558898926,
    3.3248677253723145,
    3.3907368183135986,
    3.4716649055480957,
    3.5104470252990723,
    3.453256607055664,
    3.5532798767089844,
    3.741870164871216,
    3.5446345806121826,
    3.3936657905578613,
    3.328136444091797,
    3.2181708812713623,
    3.305558443069458,
    3.1881275177001953,
    3.3458762168884277,
    3.427639961242676,
    3.3402297496795654,
    3.0481672286987305,
    3.4928138256073,
    3.7702603340148926,
    3.396733045578003,
    3.129488945007324,
    3.1959450244903564,
    3.4621074199676514,
    3.2542965412139893,
    3.114624261856079,
    3.244692087173462,
    3.4074947834014893,
    3.4030094146728516,
    3.073352813720703,
    3.2275173664093018,
    3.3364200592041016,
    3.350322961807251,
    3.4509570598602295,
    3.5113089084625244,
    3.2816994190216064,
    3.2704334259033203,
    3.4605932235717773,
    3.32680082321167,
    3.1884636878967285,
    3.1680681705474854,
    3.1772940158843994,
    3.10111665725708,
    3.244466543197632,
    3.429931402206421,
    3.5171756744384766,
    3.4577527046203613,
    3.571934700012207,
    3.8729519844055176,
    3.9099414348602295,
    4.124363422393799,
    3.9458203315734863,
    3.559842348098755,
    3.264693021774292,
    3.1727867126464844,
    3.390880823135376,
    3.1949620246887207,
    2.9843945503234863,
    3.162546157836914,
    3.2009642124176025,
    3.27402925491333,
    3.378329277038574,
    3.255232810974121,
    3.341167688369751,
    3.3869810104370117,
    3.416757583618164,
    3.34852933883667,
    3.352938175201416,
    3.2611351013183594,
    2.823073148727417,
    3.2855329513549805,
    3.5859434604644775,
    3.0195181369781494,
    2.811971664428711,
    2.7491438388824463,
    2.9566099643707275,
    3.1964781284332275,
    3.108886241912842,
    3.144199848175049,
    3.3197591304779053,
    3.2879698276519775,
    3.441746234893799,
    3.5460519790649414,
    3.0140745639801025,
    2.69504976272583,
    2.562349557876587,
    2.7440025806427,
    2.8833179473876953,
    2.8634119033813477,
    2.8051609992980957,
    2.8645055294036865,
    3.141270399093628,
    3.260751485824585,
    3.189422845840454,
    3.3104195594787598,
    3.4674761295318604,
    3.1037657260894775,
    3.394906759262085,
    3.2806684970855713,
    3.199432134628296,
    3.474228620529175,
    3.229391098022461,
    3.304056406021118,
    3.418686866760254,
    3.503110647201538,
    3.4857282638549805,
    3.5727882385253906,
    3.7378480434417725,
    3.7269623279571533,
    3.396111488342285,
    3.4833037853240967,
    3.545152187347412,
    3.3990328311920166,
    3.4953315258026123,
    3.5931344032287598,
    3.4386539459228516,
    3.4228837490081787,
    3.3497538566589355,
    3.538800001144409,
    3.346186876296997,
    3.2993271350860596,
    3.2271602153778076,
    2.942859411239624,
    3.45338773727417,
    3.3522889614105225,
    3.2687900066375732,
    3.0517377853393555,
    3.0022671222686768,
    3.0511581897735596,
    2.9617207050323486,
    2.996072769165039,
    3.0495171546936035,
    3.1683642864227295,
    3.322763681411743,
    3.139197826385498,
    3.0497584342956543,
    3.107656955718994,
    3.1692662239074707,
    3.151571273803711,
    3.075467348098755,
    3.0945446491241455,
    3.197172164916992,
    3.075254440307617,
    3.1585440635681152,
    3.2320501804351807,
    3.0857467651367188,
    3.088019609451294,
    2.936115264892578,
    3.2038824558258057,
    3.187354564666748,
    3.0986082553863525,
    3.347891092300415,
    3.224451780319214,
    3.0038106441497803,
    3.066190719604492,
    3.1631762981414795,
    3.200040340423584,
    3.195075750350952,
    3.3473927974700928,
    3.4384450912475586,
    3.3601114749908447,
    3.144834041595459,
    2.9616241455078125,
    3.0284831523895264,
    3.294039726257324,
    3.125072479248047,
    2.9747238159179688,
    3.25431489944458,
    3.4629054069519043,
    3.4045469760894775,
    2.9279685020446777,
    2.6161396503448486,
    3.0016696453094482,
    3.1321630477905273,
    3.375922918319702,
    3.708207607269287,
    3.6921534538269043,
    3.349792003631592,
    3.416379928588867,
    3.564702033996582,
    3.590942144393921,
    3.5075910091400146,
    3.3358092308044434,
