{
  "name": "highsigma_d2d10_c2c01_v2",
  "train_seed": 42,
  "d2d_seed": 3373,
  "n_states": 256,
  "sigma_c2c": 0.01,
  "sigma_d2d": 0.1,
  "analog_layers": [
    22,
    23
  ],
  "lr": 1e-05,
  "max_steps": 500,
  "retention_step_time": 0.0,
  "ppl_before": 26.216688537979664,
  "ppl_after": 20.231022799374372,
  "losses": [
    3.1914029121398926,
    3.401149034500122,
    3.6432244777679443,
    3.856942653656006,
    3.684187173843384,
    3.6081883907318115,
    3.437476396560669,
    3.110743999481201,
    3.1658904552459717,
    3.4050495624542236,
    3.4143402576446533,
    3.1165716648101807,
    3.4078805446624756,
    3.6843955516815186,
    3.384376049041748,
    3.402682065963745,
    3.234013319015503,
    2.957411766052246,
    2.9475455284118652,
    3.0436999797821045,
    3.3081867694854736,
    3.285311222076416,
    3.0265727043151855,
    3.306082248687744,
    3.159777879714966,
    3.2086198329925537,
    3.642765760421753,
    3.5642008781433105,
    3.0398571491241455,
    3.2947399616241455,
    3.589904546737671,
    3.369173765182495,
    3.1346733570098877,
    3.0743799209594727,
    2.920116424560547,
    3.182339906692505,
    3.21985125541687,
    3.278282642364502,
    3.3558731079101562,
    3.366536855697632,
    3.530895948410034,
    3.4417409896850586,
    3.490375280380249,
    3.618680238723755,
    3.6655850410461426,
    3.42844295501709,
    2.9540627002716064,
    2.3538529872894287,
    2.271440267562866,
    2.8078765869140625,
    3.067429542541504,
    2.904247522354126,
    2.705301523208618,
    3.1652002334594727,
    3.1525332927703857,
    3.0784099102020264,
    3.266545534133911,
    3.195482015609741,
    2.943716287612915,
    2.899291515350342,
    2.8526554107666016,
    2.8541131019592285,
    2.8243772983551025,
    2.7656311988830566,
    2.746767044067383,
    2.734555244445801,
    2.955929756164551,
    3.2278192043304443,
    3.082218885421753,
    3.021268844604492,
    2.868668556213379,
    2.6459386348724365,
    2.6925811767578125,
    2.9333760738372803,
    2.8362650871276855,
    2.8612427711486816,
    2.7594268321990967,
    2.6490654945373535,
    3.0644798278808594,
    3.5125162601470947,
    3.407708168029785,
    3.41473650932312,
    3.4387362003326416,
    3.5884945392608643,
    3.2192389965057373,
    2.9404141902923584,
    3.0959861278533936,
    3.3477234840393066,
    3.116025686264038,
    2.6823737621307373,
    2.522926092147827,
    2.7865617275238037,
    2.99235200881958,
    3.009229898452759,
    3.2443149089813232,
    3.4241113662719727,
    3.027945041656494,
    2.7718863487243652,
    3.041762113571167,
    3.4305691719055176,
    3.286407470703125,
    3.2320029735565186,
    3.139178991317749,
    3.034195899963379,
    3.0567336082458496,
    3.3327858448028564,
    2.80728816986084,
    2.6181211471557617,
    2.9469821453094482,
    3.219369888305664,
    3.262680768966675,
    3.2705674171447754,
    3.187460422515869,
    3.3376617431640625,
    3.4641661643981934,
    3.244981050491333,
    3.128422498703003,
    3.3506672382354736,
    2.8660314083099365,
    2.616924285888672,
    2.7482876777648926,
    2.801161050796509,
    2.9352405071258545,
    2.8257017135620117,
    2.8817927837371826,
    2.93339467048645,
    2.8486313819885254,
    2.834759473800659,
    3.07639741897583,
    3.0551910400390625,
    2.651625871658325,
    2.7074661254882812,
    2.849743604660034,
    2.932673215866089,
    2.852020502090454,
    3.0673351287841797,
    3.2501814365386963,
    3.2161824703216553,
    3.1692869663238525,
    3.1812405586242676,
    3.2340853214263916,
    3.2736430168151855,
    3.2956204414367676,
    3.322341203689575,
    3.238551616668701,
    3.4153964519500732,
    3.576617479324341,
    3.3126983642578125,
    3.2273616790771484,
    3.121553421020508,
    3.07432222366333,
    3.1272926330566406,
    3.0694010257720947,
    3.1641910076141357,
    3.3339433670043945,
    3.250018835067749,
    2.9516093730926514,
    3.217869758605957,
    3.4473636150360107,
    3.212346076965332,
    2.972165822982788,
    3.0607221126556396,
    3.301420211791992,
    3.1405303478240967,
    3.0369069576263428,
    3.0700039863586426,
    3.2578365802764893,
    3.2472379207611084,
    2.9592411518096924,
    3.123471975326538,
    3.213564157485962,
    3.2436282634735107,
    3.30366587638855,
    3.471769332885742,
    3.2500526905059814,
    3.237576723098755,
    3.3259053230285645,
    3.189120292663574,
    3.0087990760803223,
    2.9685022830963135,
    2.986905813217163,
    2.926335573196411,
    3.17344069480896,
    3.309389114379883,
    3.372448682785034,
    3.352137327194214,
    3.375462293624878,
    3.6238484382629395,
    3.753767251968384,
    3.843392848968506,
    3.660951614379883,
    3.3968279361724854,
    3.1707191467285156,
    2.936387062072754,
    3.202875852584839,
    3.0584022998809814,
    2.849412441253662,
    3.0467398166656494,
    3.0864648818969727,
    3.148803234100342,
    3.2085978984832764,
    3.0924978256225586,
    3.237252950668335,
    3.1805787086486816,
    3.239933729171753,
    3.1358258724212646,
    3.1583220958709717,
    3.104478120803833,
    2.768763542175293,
    3.1578431129455566,
    3.5212180614471436,
    2.9714345932006836,
    2.7359509468078613,
    2.59814715385437,
    2.794276475906372,
    3.1248972415924072,
    3.035020589828491,
    3.031881809234619,
    3.2189266681671143,
    3.148118019104004,
    3.384716510772705,
    3.4455864429473877,
    2.8988425731658936,
    2.590912103652954,
    2.516218662261963,
    2.5839617252349854,
    2.702226400375366,
    2.697388172149658,
    2.6859118938446045,
    2.6996009349823,
    2.9622223377227783,
    3.080482006072998,
    3.0553488731384277,
    3.131366491317749,
    3.2318921089172363,
    3.03743839263916,
    3.3063130378723145,
    3.035449743270874,
    3.078051805496216,
    3.291229486465454,
    3.113018274307251,
    3.097784996032715,
    3.2786622047424316,
    3.4115123748779297,
    3.33063006401062,
    3.4471664428710938,
    3.5909574031829834,
    3.6659111976623535,
    3.3384320735931396,
    3.410048484802246,
    3.3883442878723145,
    3.3230831623077393,
    3.3728904724121094,
    3.490079402923584,
    3.3208167552948,
    3.1996009349823,
    3.2208962440490723,
    3.4557714462280273,
    3.3385112285614014,
    3.199997901916504,
    3.0984139442443848,
    2.893846035003662,
    3.255591630935669,
    3.153567314147949,
    3.180185317993164,
    2.887643814086914,
    2.865313768386841,
    2.8100697994232178,
    2.851083755493164,
    2.897829532623291,
    2.997466564178467,
    3.0017189979553223,
    3.188369035720825,
    2.9743261337280273,
    2.8484435081481934,
    2.9088962078094482,
    2.9622230529785156,
    3.029204845428467,
    2.9821722507476807,
    3.0353729724884033,
    3.0587944984436035,
    2.976552724838257,
    3.0494000911712646,
    3.0971689224243164,
    2.8605990409851074,
    2.8941023349761963,
    2.818997383117676,
    3.0129518508911133,
    3.023820161819458,
    2.9651150703430176,
    3.118030309677124,
    3.030627727508545,
    2.812678337097168,
    2.8959994316101074,
    3.053863763809204,
    3.083021640777588,
    3.100271224975586,
    3.2572262287139893,
    3.326455593109131,
    3.257187843322754,
    3.0496981143951416,
    2.947882890701294,
    2.9814298152923584,
    3.1559500694274902,
    3.08817720413208,
    2.9262731075286865,
    3.239753484725952,
    3.3545403480529785,
    3.296358823776245,
    2.846695899963379,
    2.5493991374969482,
    2.881861925125122,
    2.913684368133545,
    3.1872713565826416,
    3.567340850830078,
    3.560288667678833,
    3.2619190216064453,
    3.347904682159424,
    3.432753086090088,
    3.4478745460510254,
    3.36100435256958,
    3.14998197555542,
    3.1182870864868164,
    3.1904304027557373,
    3.2139153480529785,
    3.1944046020507812,
    3.3076605796813965,
