{
  "name": "highsigma_d2d05_c2c01_v2",
  "train_seed": 42,
  "d2d_seed": 3373,
  "n_states": 256,
  "sigma_c2c": 0.01,
  "sigma_d2d": 0.05,
  "analog_layers": [
    22,
    23
  ],
  "lr": 1e-05,
  "max_steps": 500,
  "retention_step_time": 0.0,
  "ppl_before": 25.442625193770738,
  "ppl_after": 19.145911493432752,
  "losses": [
    3.164299249649048,
    3.3935039043426514,
    3.6194519996643066,
    3.8284761905670166,
    3.6265909671783447,
    3.58095645904541,
    3.390425443649292,
    3.113503932952881,
    3.1411209106445312,
    3.3579211235046387,
    3.374997138977051,
    3.0401835441589355,
    3.351733446121216,
    3.6517372131347656,
    3.3633718490600586,
    3.353405714035034,
    3.174598455429077,
    2.9296679496765137,
    2.9482150077819824,
    3.023752450942993,
    3.2330210208892822,
    3.2557075023651123,
    3.0001397132873535,
    3.2819154262542725,
    3.123189687728882,
    3.2168636322021484,
    3.626312732696533,
    3.491687774658203,
    3.024923086166382,
    3.267672300338745,
    3.54573917388916,
    3.3236515522003174,
    3.1079230308532715,
    3.064448595046997,
    2.851393461227417,
    3.105595588684082,
    3.1385581493377686,
    3.2813761234283447,
    3.251938581466675,
    3.3142786026000977,
    3.469496011734009,
    3.3492560386657715,
    3.369603395462036,
    3.5556554794311523,
    3.5382471084594727,
    3.3217990398406982,
    2.8614838123321533,
    2.342683792114258,
    2.2573862075805664,
    2.775681495666504,
    3.0696427822113037,
    2.8465118408203125,
    2.654670000076294,
    3.097993850708008,
    3.027553081512451,
    3.045778274536133,
    3.1765737533569336,
    3.0757102966308594,
    2.8237252235412598,
    2.8176827430725098,
    2.7387208938598633,
    2.770430088043213,
    2.7555813789367676,
    2.696713447570801,
    2.630861759185791,
    2.6549386978149414,
    2.8949790000915527,
    3.1482839584350586,
    3.015010118484497,
    2.913459539413452,
    2.806933641433716,
    2.5241451263427734,
    2.5451481342315674,
    2.8118345737457275,
    2.800564765930176,
    2.7856571674346924,
    2.6492762565612793,
    2.581697463989258,
    2.9958887100219727,
    3.4781508445739746,
    3.3823907375335693,
    3.344539165496826,
    3.4146735668182373,
    3.5277233123779297,
    3.135899066925049,
    2.8650012016296387,
    3.0140483379364014,
    3.248929738998413,
    2.998443126678467,
    2.561859369277954,
    2.3859102725982666,
    2.6740150451660156,
    2.8709514141082764,
    2.8779654502868652,
    3.13557767868042,
    3.3322699069976807,
    2.9151666164398193,
    2.6443278789520264,
    2.9503729343414307,
    3.3092665672302246,
    3.2483785152435303,
    3.159733295440674,
    3.026911973953247,
    2.945096492767334,
    2.9485316276550293,
    3.196723461151123,
    2.6268372535705566,
    2.510902166366577,
    2.8545780181884766,
    3.09072208404541,
    3.1777262687683105,
    3.137786388397217,
    3.0576047897338867,
    3.2617952823638916,
    3.3332371711730957,
    3.1070668697357178,
    3.0231099128723145,
    3.250206232070923,
    2.762005090713501,
    2.476280689239502,
    2.6749579906463623,
    2.729480504989624,
    2.7572381496429443,
    2.712033748626709,
    2.724294424057007,
    2.826687812805176,
    2.775022506713867,
    2.7599949836730957,
    2.9586780071258545,
    2.9406309127807617,
    2.598186731338501,
    2.602973699569702,
    2.7366783618927,
    2.8597517013549805,
    2.7920849323272705,
    2.979215621948242,
    3.1722285747528076,
    3.1462416648864746,
    3.076418161392212,
    3.104236364364624,
    3.1502461433410645,
    3.1950995922088623,
    3.1843817234039307,
    3.2480950355529785,
    3.1074540615081787,
    3.3510360717773438,
    3.461031913757324,
    3.2415239810943604,
    3.2111635208129883,
    3.0789263248443604,
    2.9974327087402344,
    3.042999505996704,
    2.9632179737091064,
    3.138601303100586,
    3.2942891120910645,
    3.1650919914245605,
    2.8501243591308594,
    3.1494524478912354,
    3.3875176906585693,
    3.0994489192962646,
    2.8713128566741943,
    2.982980489730835,
    3.2232038974761963,
    3.0574662685394287,
    2.9687538146972656,
    3.0134568214416504,
    3.164872407913208,
    3.1688437461853027,
    2.9011430740356445,
    3.069096803665161,
    3.1641788482666016,
    3.1901533603668213,
    3.2512266635894775,
    3.3558907508850098,
    3.1531405448913574,
    3.1394670009613037,
    3.2915666103363037,
    3.11490535736084,
    2.932478189468384,
    2.9101057052612305,
    2.877234697341919,
    2.86519455909729,
    3.064833879470825,
    3.24627947807312,
    3.2199618816375732,
    3.2081503868103027,
    3.2998456954956055,
    3.5850586891174316,
    3.651650905609131,
    3.7548625469207764,
    3.582822322845459,
    3.2910242080688477,
    2.9666404724121094,
    2.8174734115600586,
    3.0817677974700928,
    2.9668350219726562,
    2.7672438621520996,
    2.943467378616333,
    2.985811471939087,
    3.070155620574951,
    3.12752103805542,
    2.980402946472168,
    3.153608798980713,
    3.1218056678771973,
    3.1897733211517334,
    3.057762861251831,
    3.085733413696289,
    3.0620899200439453,
    2.625955104827881,
    3.0478060245513916,
    3.3895022869110107,
    2.879631519317627,
    2.6536946296691895,
    2.51041579246521,
    2.748595952987671,
    3.003200054168701,
    2.9350509643554688,
    2.9533193111419678,
    3.144213914871216,
    3.0708811283111572,
    3.2846360206604004,
    3.3645408153533936,
    2.8569841384887695,
    2.421590566635132,
    2.2781286239624023,
    2.423433780670166,
    2.649380683898926,
    2.691448450088501,
    2.5886406898498535,
    2.5953121185302734,
    2.8997135162353516,
    3.0156853199005127,
    2.9165587425231934,
    3.007376194000244,
    3.1649935245513916,
    2.88847279548645,
    3.1952264308929443,
    2.912428140640259,
    2.972817897796631,
    3.265355348587036,
    3.039421796798706,
    3.0593626499176025,
    3.2234225273132324,
    3.3688926696777344,
    3.282902240753174,
    3.369879722595215,
    3.5377578735351562,
    3.605717658996582,
    3.2235946655273438,
    3.3067543506622314,
    3.3551180362701416,
    3.2935171127319336,
    3.310251235961914,
    3.3919126987457275,
    3.203490972518921,
    3.1382105350494385,
    3.2128143310546875,
    3.4152681827545166,
    3.2431321144104004,
    3.1278607845306396,
    2.9934237003326416,
    2.7569308280944824,
    3.193150520324707,
    3.0880658626556396,
    3.083911418914795,
    2.796189308166504,
    2.7837393283843994,
    2.727809190750122,
    2.7748234272003174,
    2.80877947807312,
    2.896023988723755,
    2.8453142642974854,
    3.1008081436157227,
    2.9233272075653076,
    2.762009620666504,
    2.82063364982605,
    2.888355016708374,
    2.9569265842437744,
    2.8460423946380615,
    2.9590542316436768,
    2.952592611312866,
    2.9235239028930664,
    2.9979407787323,
    2.984395980834961,
    2.8258609771728516,
    2.847278356552124,
    2.7285871505737305,
    2.9664762020111084,
    2.9338366985321045,
    2.920581340789795,
    3.0992484092712402,
    2.99422287940979,
    2.7601206302642822,
    2.8281075954437256,
    2.939655065536499,
    3.025679588317871,
    3.0635170936584473,
    3.1599957942962646,
    3.2676970958709717,
    3.2173283100128174,
    2.9616684913635254,
    2.8233251571655273,
    2.9128737449645996,
    3.0548157691955566,
    2.9615705013275146,
    2.838576078414917,
    3.126356840133667,
    3.173917531967163,
    3.1809229850769043,
    2.772132396697998,
    2.475825309753418,
    2.811020612716675,
    2.8606386184692383,
    3.135786771774292,
    3.520521879196167,
    3.5005557537078857,
    3.133244752883911,
    3.2249584197998047,
    3.3886189460754395,
    3.408576250076294,
    3.2412242889404297,
    3.0242271423339844,
    3.0065505504608154,
    3.1284446716308594,
    3.1414809226989746,
