{
  "name": "highsigma_d2d05_c2c02_v2",
  "train_seed": 42,
  "d2d_seed": 3373,
  "n_states": 256,
  "sigma_c2c": 0.02,
  "sigma_d2d": 0.05,
  "analog_layers": [
    22,
    23
  ],
  "lr": 1e-05,
  "max_steps": 500,
  "retention_step_time": 0.0,
  "ppl_before": 25.545750468457953,
  "ppl_after": 19.205265900631915,
  "losses": [
    3.178253650665283,
    3.403672933578491,
    3.621260643005371,
    3.8248233795166016,
    3.6276133060455322,
    3.570624589920044,
    3.414977550506592,
    3.130570888519287,
    3.1303648948669434,
    3.334446907043457,
    3.359919309616089,
    3.0125489234924316,
    3.338836669921875,
    3.6245594024658203,
    3.3570992946624756,
    3.373605489730835,
    3.177823781967163,
    2.964754581451416,
    2.941392421722412,
    3.017136812210083,
    3.2433478832244873,
    3.2749178409576416,
    2.990065097808838,
    3.2934975624084473,
    3.1217212677001953,
    3.1778855323791504,
    3.5735130310058594,
    3.513481616973877,
    3.0028188228607178,
    3.2595996856689453,
    3.496905565261841,
    3.30948805809021,
    3.080904006958008,
    3.0361313819885254,
    2.8704304695129395,
    3.1346285343170166,
    3.1810827255249023,
    3.293424129486084,
    3.262772560119629,
    3.307891607284546,
    3.478717803955078,
    3.3793883323669434,
    3.3898427486419678,
    3.541983127593994,
    3.52364182472229,
    3.317125082015991,
    2.8673553466796875,
    2.3155953884124756,
    2.258110761642456,
    2.7608327865600586,
    3.0259451866149902,
    2.8223912715911865,
    2.668552875518799,
    3.0740621089935303,
    3.056056499481201,
    3.007314682006836,
    3.226813793182373,
    3.100425958633423,
    2.8078885078430176,
    2.7824697494506836,
    2.7580692768096924,
    2.7862837314605713,
    2.7678635120391846,
    2.7151830196380615,
    2.6267855167388916,
    2.6979944705963135,
    2.860036849975586,
    3.1765966415405273,
    3.049233913421631,
    2.903474807739258,
    2.811129570007324,
    2.498914957046509,
    2.5510709285736084,
    2.8159797191619873,
    2.7846295833587646,
    2.808323383331299,
    2.6386919021606445,
    2.5711734294891357,
    3.0267159938812256,
    3.462831497192383,
    3.3583836555480957,
    3.3929543495178223,
    3.4179043769836426,
    3.5248029232025146,
    3.1444761753082275,
    2.8752100467681885,
    3.0552988052368164,
    3.280160427093506,
    3.0359084606170654,
    2.5608670711517334,
    2.4107489585876465,
    2.692497491836548,
    2.856992721557617,
    2.8601536750793457,
    3.1616628170013428,
    3.2818098068237305,
    2.8891046047210693,
    2.672136068344116,
    2.9515767097473145,
    3.283640146255493,
    3.2519009113311768,
    3.1697371006011963,
    3.012404441833496,
    2.958592414855957,
    2.963620662689209,
    3.1913843154907227,
    2.613539218902588,
    2.507085084915161,
    2.798508405685425,
    3.0839684009552,
    3.153256893157959,
    3.096836566925049,
    3.0710108280181885,
    3.2278361320495605,
    3.3241474628448486,
    3.1249334812164307,
    3.0072131156921387,
    3.1791765689849854,
    2.7413101196289062,
    2.430420160293579,
    2.6570792198181152,
    2.6713619232177734,
    2.7596333026885986,
    2.6979153156280518,
    2.7411162853240967,
    2.8226675987243652,
    2.76035475730896,
    2.73508358001709,
    2.948944330215454,
    2.932879686355591,
    2.517240524291992,
    2.5705671310424805,
    2.682039976119995,
    2.86605167388916,
    2.76636004447937,
    2.9701316356658936,
    3.139272451400757,
    3.1450259685516357,
    3.114164352416992,
    3.1139402389526367,
    3.1575443744659424,
    3.1776177883148193,
    3.163325071334839,
    3.2158966064453125,
    3.0941829681396484,
    3.321704149246216,
    3.4735074043273926,
    3.2389047145843506,
    3.196600914001465,
    3.0716280937194824,
    3.0324389934539795,
    3.0340359210968018,
    2.9683773517608643,
    3.1054527759552,
    3.268343210220337,
    3.1414427757263184,
    2.84538197517395,
    3.157224178314209,
    3.341137647628784,
    3.1035494804382324,
    2.8768372535705566,
    2.9900288581848145,
    3.2221906185150146,
    3.0368714332580566,
    2.9539589881896973,
    3.001281261444092,
    3.1854827404022217,
    3.1592869758605957,
    2.896132707595825,
    3.064674139022827,
    3.125214099884033,
    3.1433351039886475,
    3.1776158809661865,
    3.352283000946045,
    3.17570161819458,
    3.128270387649536,
    3.2888433933258057,
    3.0864250659942627,
    2.912860631942749,
    2.899510622024536,
    2.8854193687438965,
    2.856823682785034,
    3.079259157180786,
    3.2475311756134033,
    3.2388598918914795,
    3.241469621658325,
    3.3314175605773926,
    3.601090669631958,
    3.6572885513305664,
    3.753464937210083,
    3.584603786468506,
    3.293581008911133,
    2.9981529712677,
    2.837895154953003,
    3.0663912296295166,
    2.9400997161865234,
    2.7252864837646484,
    2.9429774284362793,
    2.9674081802368164,
    3.050778388977051,
    3.1352732181549072,
    2.9909892082214355,
    3.1119003295898438,
    3.1082212924957275,
    3.1682777404785156,
    3.0265491008758545,
    3.0858442783355713,
    3.050534725189209,
    2.6461117267608643,
    3.075868606567383,
    3.3956291675567627,
    2.8825876712799072,
    2.6640937328338623,
    2.5194108486175537,
    2.7409744262695312,
    2.9923040866851807,
    2.9117023944854736,
    2.932859420776367,
    3.125261068344116,
    3.0747017860412598,
    3.264153480529785,
    3.295989990234375,
    2.808558225631714,
    2.425014019012451,
    2.292017698287964,
    2.3795409202575684,
    2.6194820404052734,
    2.6204190254211426,
    2.6066341400146484,
    2.5960545539855957,
    2.8660988807678223,
    2.988018035888672,
    2.9281768798828125,
    3.0201022624969482,
    3.167557716369629,
    2.90751576423645,
    3.1806747913360596,
    2.9177300930023193,
    2.969093084335327,
    3.25779128074646,
    3.0374197959899902,
    3.0671682357788086,
    3.225027322769165,
    3.3576226234436035,
    3.2643795013427734,
    3.389878511428833,
    3.573141098022461,
    3.6408560276031494,
    3.1953861713409424,
    3.321298599243164,
    3.361459493637085,
    3.2759954929351807,
    3.2845118045806885,
    3.3648672103881836,
    3.203508138656616,
    3.1664206981658936,
    3.201585054397583,
    3.4025354385375977,
    3.242255210876465,
    3.1237380504608154,
    2.989051580429077,
    2.7476820945739746,
    3.177095651626587,
    3.0230190753936768,
    3.0654547214508057,
    2.8137998580932617,
    2.7701056003570557,
    2.7211813926696777,
    2.7623977661132812,
    2.833522319793701,
    2.899251937866211,
    2.851539373397827,
    3.0674538612365723,
    2.9262452125549316,
    2.7778890132904053,
    2.8584561347961426,
    2.9186620712280273,
    2.9494125843048096,
    2.8691279888153076,
    2.9359238147735596,
    2.9490578174591064,
    2.9517507553100586,
    3.0060508251190186,
    2.9846925735473633,
    2.817793130874634,
    2.8830626010894775,
    2.7317562103271484,
    2.965846300125122,
    2.907872438430786,
    2.905801773071289,
    3.1087255477905273,
    2.9901509284973145,
    2.776052474975586,
    2.8210811614990234,
    2.939656972885132,
    3.0524208545684814,
    3.069211959838867,
    3.1922755241394043,
    3.2563040256500244,
    3.214545726776123,
    2.9379727840423584,
    2.8380753993988037,
    2.910449504852295,
    3.039165496826172,
    2.952775478363037,
    2.8401734828948975,
    3.144979476928711,
    3.2045538425445557,
    3.1920411586761475,
    2.750933885574341,
    2.4517226219177246,
    2.7974112033843994,
    2.8235347270965576,
    3.155566453933716,
    3.488490104675293,
    3.50342059135437,
    3.137559175491333,
    3.2693560123443604,
    3.3998525142669678,
    3.393270492553711,
    3.2317395210266113,
    3.013434886932373,
    2.9923365116119385,
    3.0860753059387207,
    3.137333631515503,
    3.127352476119995,
