{
  "name": "highsigma_d2d08_c2c01_v2",
  "train_seed": 42,
  "d2d_seed": 3373,
  "n_states": 256,
  "sigma_c2c": 0.01,
  "sigma_d2d": 0.08,
  "analog_layers": [
    22,
    23
  ],
  "lr": 1e-05,
  "max_steps": 500,
  "retention_step_time": 0.0,
  "ppl_before": 25.874751859834635,
  "ppl_after": 19.427379261949962,
  "losses": [
    3.1755571365356445,
    3.3947484493255615,
    3.6235342025756836,
    3.846867084503174,
    3.621291160583496,
    3.6053719520568848,
    3.434246301651001,
    3.0581588745117188,
    3.1670098304748535,
    3.377981185913086,
    3.393993616104126,
    3.072307586669922,
    3.3469910621643066,
    3.700324773788452,
    3.392265558242798,
    3.3833091259002686,
    3.2052881717681885,
    2.944223642349243,
    2.9622347354888916,
    2.9979610443115234,
    3.255242347717285,
    3.2705023288726807,
    3.0033066272735596,
    3.2940640449523926,
    3.1489973068237305,
    3.2060790061950684,
    3.6317555904388428,
    3.5213091373443604,
    3.0422399044036865,
    3.290541410446167,
    3.562648296356201,
    3.3472366333007812,
    3.1189651489257812,
    3.066317558288574,
    2.8693172931671143,
    3.1647427082061768,
    3.213688611984253,
    3.3385019302368164,
    3.3244102001190186,
    3.353698968887329,
    3.5230636596679688,
    3.405120849609375,
    3.4623916149139404,
    3.639162540435791,
    3.621650457382202,
    3.39495587348938,
    2.9248623847961426,
    2.3847815990448,
    2.284423589706421,
    2.7910306453704834,
    3.119325637817383,
    2.90499210357666,
    2.7159061431884766,
    3.1508288383483887,
    3.1110012531280518,
    3.093869209289551,
    3.276571750640869,
    3.1460375785827637,
    2.877638578414917,
    2.871232271194458,
    2.7882816791534424,
    2.8161518573760986,
    2.7929468154907227,
    2.7279655933380127,
    2.6706180572509766,
    2.764019727706909,
    2.934464454650879,
    3.1987669467926025,
    3.0566930770874023,
    2.9910483360290527,
    2.8385868072509766,
    2.5537211894989014,
    2.59309720993042,
    2.9360787868499756,
    2.8284382820129395,
    2.836066246032715,
    2.6970608234405518,
    2.6244161128997803,
    3.105149745941162,
    3.4946186542510986,
    3.4582178592681885,
    3.398482322692871,
    3.4440982341766357,
    3.5678493976593018,
    3.237298011779785,
    2.8881430625915527,
    3.0300846099853516,
    3.336202621459961,
    3.0551815032958984,
    2.6780037879943848,
    2.520991086959839,
    2.753976345062256,
    2.944340944290161,
    2.9251699447631836,
    3.2111732959747314,
    3.357598066329956,
    2.947862386703491,
    2.7397944927215576,
    3.005654811859131,
    3.3246078491210938,
    3.3026890754699707,
    3.202008008956909,
    3.0742275714874268,
    2.986219644546509,
    3.002159595489502,
    3.2832694053649902,
    2.6906039714813232,
    2.581078290939331,
    2.8791604042053223,
    3.124619722366333,
    3.199057102203369,
    3.1741323471069336,
    3.186678886413574,
    3.317631483078003,
    3.423560857772827,
    3.1663880348205566,
    3.083961009979248,
    3.385239601135254,
    2.8313229084014893,
    2.52470326423645,
    2.716177225112915,
    2.7457168102264404,
    2.829848527908325,
    2.8137266635894775,
    2.756932497024536,
    2.8706765174865723,
    2.7799718379974365,
    2.806563138961792,
    3.0267531871795654,
    2.9807820320129395,
    2.5622901916503906,
    2.574981212615967,
    2.794095277786255,
    2.9197499752044678,
    2.8649747371673584,
    3.0250983238220215,
    3.228166341781616,
    3.1944267749786377,
    3.1586742401123047,
    3.1654789447784424,
    3.182567834854126,
    3.2579548358917236,
    3.2109808921813965,
    3.28279709815979,
    3.1634011268615723,
    3.3646607398986816,
    3.5423896312713623,
    3.2867724895477295,
    3.278296947479248,
    3.1415276527404785,
    3.0712480545043945,
    3.090156078338623,
    3.013413429260254,
    3.190070390701294,
    3.3274896144866943,
    3.238149642944336,
    2.938344955444336,
    3.193042516708374,
    3.4038338661193848,
    3.1352016925811768,
    2.946911096572876,
    2.993802309036255,
    3.220071315765381,
    3.0667967796325684,
    3.0003440380096436,
    3.060924530029297,
    3.2349772453308105,
    3.26265025138855,
    2.9771223068237305,
    3.0940487384796143,
    3.176323890686035,
    3.192162036895752,
    3.2680630683898926,
    3.371638536453247,
    3.1866493225097656,
    3.194883346557617,
    3.3180315494537354,
    3.1805291175842285,
    2.9816834926605225,
    2.9368085861206055,
    2.9467101097106934,
    2.9251298904418945,
    3.104262351989746,
    3.271925926208496,
    3.3158109188079834,
    3.272989273071289,
    3.33166241645813,
    3.627533435821533,
    3.7286365032196045,
    3.9122729301452637,
    3.682377815246582,
    3.3648080825805664,
    3.0898163318634033,
    2.924684524536133,
    3.098672389984131,
    3.010955333709717,
    2.834599733352661,
    3.025078773498535,
    3.059631824493408,
    3.1056461334228516,
    3.217359781265259,
    3.0666189193725586,
    3.1972427368164062,
    3.1505885124206543,
    3.238762140274048,
    3.0881600379943848,
    3.1450979709625244,
    3.1152684688568115,
    2.7301485538482666,
    3.146899938583374,
    3.460009813308716,
    2.936232089996338,
    2.7123477458953857,
    2.6051864624023438,
    2.7954020500183105,
    3.082014322280884,
    3.015043258666992,
    2.989264726638794,
    3.1740005016326904,
    3.1337661743164062,
    3.328368902206421,
    3.366131544113159,
    2.844672441482544,
    2.49344801902771,
    2.4002320766448975,
    2.5453832149505615,
    2.684375047683716,
    2.7312886714935303,
    2.6636126041412354,
    2.6506268978118896,
    2.9341843128204346,
    3.012308359146118,
    2.9423274993896484,
    3.037806510925293,
    3.15702223777771,
    2.964656114578247,
    3.2408394813537598,
    2.9847207069396973,
    3.0175938606262207,
    3.2741456031799316,
    3.0660722255706787,
    3.096177339553833,
    3.2453501224517822,
    3.364811897277832,
    3.2998600006103516,
    3.384673833847046,
    3.562617301940918,
    3.6287925243377686,
    3.2695600986480713,
    3.321133852005005,
    3.3860692977905273,
    3.306943416595459,
    3.3189780712127686,
    3.390735149383545,
    3.2416181564331055,
    3.189754009246826,
    3.2496354579925537,
    3.4607605934143066,
    3.27531361579895,
    3.1526482105255127,
    3.069167375564575,
    2.825077533721924,
    3.2330617904663086,
    3.098715305328369,
    3.1588008403778076,
    2.8590829372406006,
    2.8367562294006348,
    2.790689706802368,
    2.8393616676330566,
    2.8975589275360107,
    2.9047365188598633,
    2.8602468967437744,
    3.143906831741333,
    2.915951728820801,
    2.763564109802246,
    2.87044620513916,
    2.9455313682556152,
    3.0230088233947754,
    2.9115757942199707,
    2.9856460094451904,
    3.0364158153533936,
    2.9881579875946045,
    3.0168511867523193,
    3.026090145111084,
    2.8601126670837402,
    2.8452036380767822,
    2.7819342613220215,
    3.0224609375,
    2.969879388809204,
    2.929949998855591,
    3.124234199523926,
    3.0508768558502197,
    2.782560348510742,
    2.859266519546509,
    2.9923505783081055,
    3.05757474899292,
    3.090618133544922,
    3.2170488834381104,
    3.323585033416748,
    3.2488791942596436,
    2.9726040363311768,
    2.8650333881378174,
    2.9957990646362305,
    3.133420944213867,
    3.016011953353882,
    2.8698606491088867,
    3.1972482204437256,
    3.2569868564605713,
    3.2345223426818848,
    2.8336856365203857,
    2.523674249649048,
    2.874696969985962,
    2.902831554412842,
    3.1950604915618896,
    3.5744223594665527,
    3.534977674484253,
    3.197183132171631,
    3.2639238834381104,
    3.3697452545166016,
    3.40991473197937,
    3.2248053550720215,
    3.061002492904663,
    3.0085203647613525,
    3.107405424118042,
    3.1386682987213135,
    3.1745264530181885,
