{
  "name": "overnight_410m_d2d03_v2",
  "train_seed": 42,
  "d2d_seed": 3373,
  "n_states": 256,
  "sigma_c2c": 0.0,
  "sigma_d2d": 0.03,
  "analog_layers": [
    22,
    23
  ],
  "lr": 1e-05,
  "max_steps": 500,
  "retention_step_time": 0.0,
  "ppl_before": 25.073402276316397,
  "ppl_after": 18.908309161881164,
  "losses": [
    3.185960531234741,
    3.374901056289673,
    3.6007020473480225,
    3.805800199508667,
    3.549851894378662,
    3.5601203441619873,
    3.419243574142456,
    3.0358681678771973,
    3.0996084213256836,
    3.308748245239258,
    3.3482062816619873,
    3.048579454421997,
    3.3067092895507812,
    3.596651792526245,
    3.318354606628418,
    3.2978734970092773,
    3.1227548122406006,
    2.8778884410858154,
    2.924015760421753,
    2.985623598098755,
    3.2068989276885986,
    3.219578742980957,
    3.009334087371826,
    3.2436511516571045,
    3.131375789642334,
    3.195519208908081,
    3.6211907863616943,
    3.4931421279907227,
    2.9841301441192627,
    3.269094467163086,
    3.545483350753784,
    3.291288375854492,
    3.094773530960083,
    2.9957594871520996,
    2.814138889312744,
    3.092013359069824,
    3.1276426315307617,
    3.3155858516693115,
    3.291491985321045,
    3.2977521419525146,
    3.470553159713745,
    3.344076156616211,
    3.372859477996826,
    3.5381102561950684,
    3.5300426483154297,
    3.3154141902923584,
    2.846315383911133,
    2.316091537475586,
    2.235635280609131,
    2.773254156112671,
    3.048750638961792,
    2.8777015209198,
    2.6742286682128906,
    3.067819356918335,
    3.0582845211029053,
    3.054190158843994,
    3.2091903686523438,
    3.072193145751953,
    2.8019630908966064,
    2.809814691543579,
    2.7355592250823975,
    2.740988254547119,
    2.749513864517212,
    2.6973507404327393,
    2.6031928062438965,
    2.663531541824341,
    2.8677217960357666,
    3.179097890853882,
    3.035698890686035,
    2.894423484802246,
    2.7334322929382324,
    2.4864730834960938,
    2.532569169998169,
    2.839686393737793,
    2.833587646484375,
    2.8345558643341064,
    2.6019082069396973,
    2.574002504348755,
    3.011281728744507,
    3.443227767944336,
    3.33322811126709,
    3.3464767932891846,
    3.374079942703247,
    3.5148513317108154,
    3.106130599975586,
    2.856649875640869,
    3.018841505050659,
    3.2153873443603516,
    2.9747772216796875,
    2.5933122634887695,
    2.3949763774871826,
    2.682429790496826,
    2.836397647857666,
    2.8713643550872803,
    3.116887331008911,
    3.2852728366851807,
    2.91519832611084,
    2.675325870513916,
    2.918832302093506,
    3.256431818008423,
    3.210315465927124,
    3.1544482707977295,
    3.0705933570861816,
    2.928941011428833,
    2.8876051902770996,
    3.204040050506592,
    2.6191582679748535,
    2.5165014266967773,
    2.8262994289398193,
    3.0793795585632324,
    3.106984853744507,
    3.094480276107788,
    3.0122599601745605,
    3.1886041164398193,
    3.26599383354187,
    3.0580241680145264,
    3.0060384273529053,
    3.227156400680542,
    2.724921226501465,
    2.4243085384368896,
    2.6344902515411377,
    2.6768977642059326,
    2.746274709701538,
    2.7009315490722656,
    2.6810946464538574,
    2.823092222213745,
    2.7084314823150635,
    2.712568521499634,
    2.9240610599517822,
    2.9268627166748047,
    2.5155253410339355,
    2.578738212585449,
    2.73225998878479,
    2.880166530609131,
    2.7855236530303955,
    2.9413692951202393,
    3.179912567138672,
    3.118624448776245,
    3.1068308353424072,
    3.106135606765747,
    3.146256685256958,
    3.129143238067627,
    3.156651496887207,
    3.2208218574523926,
    3.0874905586242676,
    3.3447954654693604,
    3.4579854011535645,
    3.263502359390259,
    3.200676918029785,
    3.0729849338531494,
    2.990985155105591,
    2.9999372959136963,
    2.957932233810425,
    3.1207854747772217,
    3.254640817642212,
    3.139300584793091,
    2.8406357765197754,
    3.1330597400665283,
    3.3615896701812744,
    3.077695846557617,
    2.8707211017608643,
    2.984109401702881,
    3.1970174312591553,
    3.0561795234680176,
    2.9389190673828125,
    2.9725632667541504,
    3.162409782409668,
    3.1774933338165283,
    2.8975353240966797,
    3.0102474689483643,
    3.096801519393921,
    3.1638858318328857,
    3.212249994277954,
    3.350844383239746,
    3.1361470222473145,
    3.1004703044891357,
    3.2863893508911133,
    3.1025640964508057,
    2.940786838531494,
    2.9170525074005127,
    2.851473808288574,
    2.8306140899658203,
    3.050152540206909,
    3.231332778930664,
    3.2351958751678467,
    3.2118241786956787,
    3.322342872619629,
    3.581943988800049,
    3.623079776763916,
    3.7461795806884766,
    3.549701690673828,
    3.275136709213257,
    2.9302730560302734,
    2.805025339126587,
    3.0348596572875977,
    2.930473804473877,
    2.7410190105438232,
    2.9385030269622803,
    2.944913148880005,
    3.0193941593170166,
    3.125401020050049,
    2.966186046600342,
    3.096287965774536,
    3.0889227390289307,
    3.173265218734741,
    3.0348215103149414,
    3.0766894817352295,
    3.051691770553589,
    2.6351709365844727,
    3.0547056198120117,
    3.371342897415161,
    2.8494842052459717,
    2.6275486946105957,
    2.516890287399292,
    2.719761610031128,
    3.008162260055542,
    2.907492160797119,
    2.946969985961914,
    3.097712516784668,
    3.0654354095458984,
    3.263144016265869,
    3.292552947998047,
    2.8244552612304688,
    2.4429948329925537,
    2.2754602432250977,
    2.4174015522003174,
    2.613176107406616,
    2.6240789890289307,
    2.587291717529297,
    2.578770637512207,
    2.857010841369629,
    2.985607862472534,
    2.8864529132843018,
    3.0052335262298584,
    3.1410443782806396,
    2.8821303844451904,
    3.175722360610962,
    2.931809663772583,
    2.98075532913208,
    3.2655224800109863,
    3.0567140579223633,
    3.0808870792388916,
    3.225923538208008,
    3.3378050327301025,
    3.247835636138916,
    3.354875087738037,
    3.544341802597046,
    3.5924861431121826,
    3.2168655395507812,
    3.267730236053467,
    3.332612991333008,
    3.2748465538024902,
    3.2928900718688965,
    3.3520255088806152,
    3.197446346282959,
    3.1674587726593018,
    3.1905970573425293,
    3.378046751022339,
    3.2257680892944336,
    3.0788354873657227,
    2.9823803901672363,
    2.7477545738220215,
    3.1477162837982178,
    3.0421040058135986,
    3.064035415649414,
    2.776838541030884,
    2.7756307125091553,
    2.7168915271759033,
    2.717273712158203,
    2.784463405609131,
    2.871908187866211,
    2.8661139011383057,
    3.061208724975586,
    2.8489456176757812,
    2.7521615028381348,
    2.840768575668335,
    2.880594491958618,
    2.9388375282287598,
    2.876836061477661,
    2.967120885848999,
    2.986076593399048,
    2.9056549072265625,
    2.9989233016967773,
    2.9890317916870117,
    2.813959836959839,
    2.8664822578430176,
    2.690481662750244,
    2.945875644683838,
    2.9166228771209717,
    2.8545544147491455,
    3.0689942836761475,
    2.9932456016540527,
    2.738417625427246,
    2.7845559120178223,
    2.911991596221924,
    3.028928279876709,
    3.0705888271331787,
    3.129987955093384,
    3.260176420211792,
    3.1741421222686768,
    2.908888816833496,
    2.811408281326294,
    2.9140114784240723,
    3.0371789932250977,
    2.967319965362549,
    2.8251166343688965,
    3.132514715194702,
    3.1861634254455566,
    3.164212942123413,
    2.768460750579834,
    2.4660210609436035,
    2.7976369857788086,
    2.833960771560669,
    3.109947443008423,
    3.4736452102661133,
    3.4507384300231934,
    3.1068947315216064,
    3.2336466312408447,
    3.410536050796509,
    3.3704521656036377,
    3.1933066844940186,
    3.016040802001953,
    2.9939422607421875,
    3.066965341567993,
    3.1008660793304443,
    3.121652603149414,
