{
  "name": "overnight_410m_c2c02_v2",
  "train_seed": 42,
  "d2d_seed": 3373,
  "n_states": 256,
  "sigma_c2c": 0.02,
  "sigma_d2d": 0.0,
  "analog_layers": [
    22,
    23
  ],
  "lr": 1e-05,
  "max_steps": 500,
  "retention_step_time": 0.0,
  "ppl_before": 24.834297358701367,
  "ppl_after": 18.78988972892472,
  "losses": [
    3.1599690914154053,
    3.3659894466400146,
    3.595667839050293,
    3.7706761360168457,
    3.515357732772827,
    3.5172438621520996,
    3.4263205528259277,
    3.0477778911590576,
    3.122727394104004,
    3.292632818222046,
    3.302741289138794,
    2.9529101848602295,
    3.2747058868408203,
    3.5597422122955322,
    3.285609245300293,
    3.2778499126434326,
    3.113111972808838,
    2.8868794441223145,
    2.9103338718414307,
    2.974731922149658,
    3.2011449337005615,
    3.254615545272827,
    3.004434823989868,
    3.2387149333953857,
    3.101181745529175,
    3.1490838527679443,
    3.5774950981140137,
    3.462017297744751,
    3.012925386428833,
    3.2494099140167236,
    3.5140833854675293,
    3.309913158416748,
    3.061265468597412,
    2.981830596923828,
    2.8127269744873047,
    3.0520291328430176,
    3.1114721298217773,
    3.295069456100464,
    3.2479681968688965,
    3.3215491771698,
    3.5052425861358643,
    3.3357484340667725,
    3.388223171234131,
    3.504986524581909,
    3.5049755573272705,
    3.3272266387939453,
    2.8778982162475586,
    2.305732488632202,
    2.2557644844055176,
    2.7744858264923096,
    3.015760898590088,
    2.852290630340576,
    2.6649060249328613,
    3.013859987258911,
    3.0457749366760254,
    3.0225818157196045,
    3.206202983856201,
    3.056352138519287,
    2.7672390937805176,
    2.7636477947235107,
    2.7328577041625977,
    2.73762583732605,
    2.705354690551758,
    2.683401107788086,
    2.602893829345703,
    2.6726338863372803,
    2.860309600830078,
    3.159420967102051,
    3.005842447280884,
    2.9183242321014404,
    2.772864580154419,
    2.4841463565826416,
    2.5000357627868652,
    2.8564858436584473,
    2.7703499794006348,
    2.7392160892486572,
    2.6032803058624268,
    2.5477986335754395,
    2.9799258708953857,
    3.440605401992798,
    3.3409764766693115,
    3.3552534580230713,
    3.386117458343506,
    3.48447847366333,
    3.129333734512329,
    2.8674964904785156,
    2.991434097290039,
    3.245575189590454,
    2.9354755878448486,
    2.5628914833068848,
    2.351459264755249,
    2.642244815826416,
    2.8348519802093506,
    2.8751986026763916,
    3.1135518550872803,
    3.29190731048584,
    2.891169309616089,
    2.6200039386749268,
    2.8995003700256348,
    3.2568747997283936,
    3.1819772720336914,
    3.1176164150238037,
    3.01163911819458,
    2.91056227684021,
    2.93839693069458,
    3.178760290145874,
    2.5908777713775635,
    2.4985995292663574,
    2.783690929412842,
    3.1005706787109375,
    3.145322561264038,
    3.076392889022827,
    3.0096445083618164,
    3.2254483699798584,
    3.2774100303649902,
    3.038278579711914,
    2.992166519165039,
    3.1627140045166016,
    2.7176647186279297,
    2.419719934463501,
    2.6348700523376465,
    2.655893564224243,
    2.739281177520752,
    2.6858859062194824,
    2.6314311027526855,
    2.7592601776123047,
    2.6988117694854736,
    2.6965701580047607,
    2.9264330863952637,
    2.8792972564697266,
    2.4938204288482666,
    2.521838426589966,
    2.6890745162963867,
    2.8625895977020264,
    2.789578437805176,
    2.9368622303009033,
    3.16803240776062,
    3.1043081283569336,
    3.107886552810669,
    3.0934383869171143,
    3.1246230602264404,
    3.120917558670044,
    3.153743267059326,
    3.1953487396240234,
    3.060706615447998,
    3.300832748413086,
    3.415904998779297,
    3.2430813312530518,
    3.2079217433929443,
    3.0775723457336426,
    2.9713990688323975,
    2.9704196453094482,
    2.9160776138305664,
    3.0897696018218994,
    3.2469894886016846,
    3.135279893875122,
    2.8122262954711914,
    3.1519858837127686,
    3.333672523498535,
    3.049187660217285,
    2.8314058780670166,
    2.950147867202759,
    3.171083450317383,
    3.0588624477386475,
    2.9623875617980957,
    2.9429478645324707,
    3.1596920490264893,
    3.11323618888855,
    2.8706345558166504,
    3.0364909172058105,
    3.113717794418335,
    3.119833469390869,
    3.1766915321350098,
    3.3054821491241455,
    3.1264560222625732,
    3.0786304473876953,
    3.217719793319702,
    3.0681254863739014,
    2.8884856700897217,
    2.8559787273406982,
    2.8391904830932617,
    2.8113818168640137,
    3.044529914855957,
    3.1952784061431885,
    3.162881851196289,
    3.1122984886169434,
    3.27689528465271,
    3.547220230102539,
    3.601567268371582,
    3.7205469608306885,
    3.5440876483917236,
    3.3266115188598633,
    2.9144678115844727,
    2.821794271469116,
    3.063554286956787,
    2.9482827186584473,
    2.7330219745635986,
    2.8982112407684326,
    2.9415085315704346,
    3.0314321517944336,
    3.083582878112793,
    2.9875473976135254,
    3.1374573707580566,
    3.08394718170166,
    3.152355670928955,
    3.021650552749634,
    3.058718204498291,
    3.064159393310547,
    2.6289548873901367,
    3.0727427005767822,
    3.3645589351654053,
    2.847191333770752,
    2.6259360313415527,
    2.5507593154907227,
    2.727924108505249,
    2.9842121601104736,
    2.8946733474731445,
    2.952176570892334,
    3.1043472290039062,
    3.0808756351470947,
    3.2192537784576416,
    3.285445213317871,
    2.833770275115967,
    2.4293158054351807,
    2.2700963020324707,
    2.4070017337799072,
    2.5948972702026367,
    2.6390960216522217,
    2.5501177310943604,
    2.6011338233947754,
    2.856447219848633,
    2.983440399169922,
    2.9151906967163086,
    2.9989781379699707,
    3.1422007083892822,
    2.9102067947387695,
    3.191403865814209,
    2.9227938652038574,
    2.9006378650665283,
    3.2251455783843994,
    3.0128421783447266,
    3.0605640411376953,
    3.202244520187378,
    3.348461151123047,
    3.2354578971862793,
    3.30605149269104,
    3.5160250663757324,
    3.5489025115966797,
    3.187688112258911,
    3.2853262424468994,
    3.3372292518615723,
    3.270561456680298,
    3.271559476852417,
    3.3415725231170654,
    3.156830072402954,
    3.176806688308716,
    3.168067455291748,
    3.402323007583618,
    3.208935499191284,
    3.0961530208587646,
    2.9914865493774414,
    2.7554571628570557,
    3.0966696739196777,
    3.0185232162475586,
    3.0479507446289062,
    2.7842397689819336,
    2.761558771133423,
    2.747879981994629,
    2.75130558013916,
    2.8158609867095947,
    2.8857550621032715,
    2.8249166011810303,
    3.028841972351074,
    2.836697816848755,
    2.7400503158569336,
    2.818556070327759,
    2.8653481006622314,
    2.9389846324920654,
    2.846217632293701,
    2.9345309734344482,
    2.9570937156677246,
    2.8910973072052,
    2.96024751663208,
    2.9828948974609375,
    2.7955322265625,
    2.8361623287200928,
    2.7329893112182617,
    2.9826443195343018,
    2.8944826126098633,
    2.890573501586914,
    3.070021152496338,
    3.0092077255249023,
    2.771608829498291,
    2.864314556121826,
    2.9259226322174072,
    3.0204410552978516,
    3.0501832962036133,
    3.144226312637329,
    3.247959613800049,
    3.16437029838562,
    2.9008493423461914,
    2.8006503582000732,
    2.8813974857330322,
    3.0287187099456787,
    2.936985969543457,
    2.800374984741211,
    3.110435962677002,
    3.2098817825317383,
    3.1177279949188232,
    2.712406873703003,
    2.4264421463012695,
    2.7240686416625977,
    2.787360906600952,
    3.115568161010742,
    3.45917010307312,
    3.452430486679077,
    3.140767812728882,
    3.2329940795898438,
    3.3888187408447266,
    3.323096990585327,
    3.159148693084717,
    2.959423780441284,
    2.9774725437164307,
    3.0669069290161133,
    3.0816164016723633,
    3.0915346145629883,
