{
  "name": "overnight_410m_d2d01_v2",
  "train_seed": 42,
  "d2d_seed": 3373,
  "n_states": 256,
  "sigma_c2c": 0.0,
  "sigma_d2d": 0.01,
  "analog_layers": [
    22,
    23
  ],
  "lr": 1e-05,
  "max_steps": 500,
  "retention_step_time": 0.0,
  "ppl_before": 24.31005045081374,
  "ppl_after": 18.345844935240457,
  "losses": [
    3.157827854156494,
    3.3526010513305664,
    3.588515281677246,
    3.771472692489624,
    3.503051519393921,
    3.5128767490386963,
    3.3733558654785156,
    3.03059720993042,
    3.099999189376831,
    3.3098363876342773,
    3.3123629093170166,
    3.029090166091919,
    3.21964955329895,
    3.5318734645843506,
    3.2607223987579346,
    3.2354886531829834,
    3.1121649742126465,
    2.862210273742676,
    2.859889507293701,
    2.9581923484802246,
    3.177239418029785,
    3.23429799079895,
    2.969592809677124,
    3.240882158279419,
    3.1041195392608643,
    3.168199300765991,
    3.5729477405548096,
    3.4436395168304443,
    2.96421480178833,
    3.2415931224823,
    3.4773917198181152,
    3.272322416305542,
    3.0412533283233643,
    2.985767126083374,
    2.8082051277160645,
    3.0674057006835938,
    3.1252903938293457,
    3.2588791847229004,
    3.25270938873291,
    3.2742252349853516,
    3.458735942840576,
    3.334428310394287,
    3.33682918548584,
    3.47263765335083,
    3.508976936340332,
    3.304798126220703,
    2.8401851654052734,
    2.31074595451355,
    2.2103638648986816,
    2.765263080596924,
    3.0101311206817627,
    2.8333890438079834,
    2.6221768856048584,
    2.99417781829834,
    2.995089054107666,
    2.9687771797180176,
    3.1293468475341797,
    3.0356662273406982,
    2.7215864658355713,
    2.7987310886383057,
    2.7177317142486572,
    2.6810410022735596,
    2.6928467750549316,
    2.6428754329681396,
    2.5421600341796875,
    2.6101632118225098,
    2.8293397426605225,
    3.141599178314209,
    3.007880210876465,
    2.8805856704711914,
    2.698659658432007,
    2.446303367614746,
    2.508995294570923,
    2.8247129917144775,
    2.7490108013153076,
    2.7516119480133057,
    2.588174343109131,
    2.532524347305298,
    2.9615638256073,
    3.418194055557251,
    3.3297054767608643,
    3.3130528926849365,
    3.3581860065460205,
    3.490028142929077,
    3.0976011753082275,
    2.8264288902282715,
    2.9680240154266357,
    3.201585531234741,
    2.949242353439331,
    2.5355465412139893,
    2.3787918090820312,
    2.664219617843628,
    2.8222570419311523,
    2.810809850692749,
    3.0477306842803955,
    3.249303102493286,
    2.8942477703094482,
    2.6522014141082764,
    2.879244804382324,
    3.2265217304229736,
    3.189375162124634,
    3.1003973484039307,
    3.0231165885925293,
    2.923429250717163,
    2.908254623413086,
    3.159619092941284,
    2.5599331855773926,
    2.4877734184265137,
    2.7719969749450684,
    3.0295822620391846,
    3.076920747756958,
    3.0405421257019043,
    3.0038013458251953,
    3.183242082595825,
    3.2535455226898193,
    2.9984843730926514,
    2.9579789638519287,
    3.1815176010131836,
    2.6838834285736084,
    2.429171085357666,
    2.6430256366729736,
    2.6494815349578857,
    2.722801446914673,
    2.6791563034057617,
    2.6448299884796143,
    2.7648491859436035,
    2.6757774353027344,
    2.713071346282959,
    2.9230494499206543,
    2.890190362930298,
    2.5274977684020996,
    2.5404462814331055,
    2.7082979679107666,
    2.8695855140686035,
    2.761810302734375,
    2.9214165210723877,
    3.1541621685028076,
    3.088857650756836,
    3.072486400604248,
    3.0680460929870605,
    3.110469341278076,
    3.1212973594665527,
    3.0951738357543945,
    3.180940628051758,
    3.058713912963867,
    3.3019604682922363,
    3.4022841453552246,
    3.211028814315796,
    3.1474409103393555,
    3.061234712600708,
    2.9726972579956055,
    2.974754810333252,
    2.905961275100708,
    3.060645341873169,
    3.230372428894043,
    3.1506972312927246,
    2.839869976043701,
    3.12998366355896,
    3.274181842803955,
    3.0490057468414307,
    2.8171279430389404,
    2.912722587585449,
    3.18644380569458,
    3.0047621726989746,
    2.9206345081329346,
    2.9534361362457275,
    3.139270544052124,
    3.0883002281188965,
    2.876476526260376,
    3.0225627422332764,
    3.1167118549346924,
    3.1366214752197266,
    3.1783230304718018,
    3.3257017135620117,
    3.1012942790985107,
    3.0656824111938477,
    3.234482526779175,
    3.0535919666290283,
    2.8892385959625244,
    2.86956524848938,
    2.8442115783691406,
    2.828449010848999,
    3.0077099800109863,
    3.206307888031006,
    3.2023823261260986,
    3.1718239784240723,
    3.3082382678985596,
    3.5747885704040527,
    3.586174249649048,
    3.7440857887268066,
    3.5453033447265625,
    3.289883852005005,
    2.9449334144592285,
    2.8103654384613037,
    3.045339345932007,
    2.910923480987549,
    2.6743459701538086,
    2.8868982791900635,
    2.9181361198425293,
    3.0072813034057617,
    3.106290817260742,
    2.951885938644409,
    3.049445867538452,
    3.0656912326812744,
    3.1231465339660645,
    3.004317283630371,
    3.059983491897583,
    3.056598424911499,
    2.628262519836426,
    3.0549213886260986,
    3.3413569927215576,
    2.832697868347168,
    2.6338508129119873,
    2.5041308403015137,
    2.694490671157837,
    2.973728656768799,
    2.8987340927124023,
    2.9385478496551514,
    3.097979784011841,
    3.0733482837677,
    3.231006145477295,
    3.260871171951294,
    2.7650535106658936,
    2.365053176879883,
    2.2648489475250244,
    2.3671116828918457,
    2.5632810592651367,
    2.5867438316345215,
    2.553562879562378,
    2.5832433700561523,
    2.7993881702423096,
    2.9653122425079346,
    2.884002923965454,
    2.952749729156494,
    3.1513497829437256,
    2.8775055408477783,
    3.16611909866333,
    2.8978652954101562,
    2.936947822570801,
    3.2028889656066895,
    2.996168851852417,
    3.051887273788452,
    3.1874094009399414,
    3.3361759185791016,
    3.2357733249664307,
    3.3386127948760986,
    3.523540735244751,
    3.549797296524048,
    3.1715025901794434,
    3.2600185871124268,
    3.3238019943237305,
    3.2648909091949463,
    3.266691207885742,
    3.338993787765503,
    3.201992988586426,
    3.1516542434692383,
    3.1592330932617188,
    3.3692100048065186,
    3.1937081813812256,
    3.0759782791137695,
    2.9531779289245605,
    2.697748899459839,
    3.102585792541504,
    2.980252265930176,
    3.034120798110962,
    2.7609500885009766,
    2.7155587673187256,
    2.687201738357544,
    2.692138910293579,
    2.793304204940796,
    2.844639301300049,
    2.8193180561065674,
    3.0194597244262695,
    2.83488392829895,
    2.748039722442627,
    2.7888989448547363,
    2.848276376724243,
    2.919506549835205,
    2.8517770767211914,
    2.9316787719726562,
    2.9180634021759033,
    2.884592294692993,
    2.9690377712249756,
    2.9386141300201416,
    2.7771804332733154,
    2.8426785469055176,
    2.685786724090576,
    2.9514050483703613,
    2.8877763748168945,
    2.8871405124664307,
    3.05076003074646,
    2.9702839851379395,
    2.729860782623291,
    2.7888846397399902,
    2.8952691555023193,
    2.9980380535125732,
    3.01822829246521,
    3.1211800575256348,
    3.2459590435028076,
    3.1309964656829834,
    2.9143905639648438,
    2.7998740673065186,
    2.9110794067382812,
    3.041304111480713,
    2.9487833976745605,
    2.82067608833313,
    3.0862443447113037,
    3.1759285926818848,
    3.123514413833618,
    2.6790482997894287,
    2.4089150428771973,
    2.719789743423462,
    2.7835071086883545,
    3.0980868339538574,
    3.4600887298583984,
    3.453878402709961,
    3.0939364433288574,
    3.2255218029022217,
    3.3635525703430176,
    3.34153413772583,
    3.1835405826568604,
    2.9517288208007812,
    2.9188783168792725,
    3.0410242080688477,
    3.063011884689331,
    3.0948572158813477,
