{
  "name": "p1b_last1_e10_v2",
  "train_seed": 42,
  "d2d_seed": 3373,
  "n_states": 256,
  "sigma_c2c": 0.01,
  "sigma_d2d": 0.1,
  "analog_layers": [
    15
  ],
  "lr": 1e-05,
  "max_steps": 500,
  "retention_step_time": 0.0,
  "ppl_before": 18.412225609635737,
  "ppl_after": 14.278835975466373,
  "losses": [
    2.7737443447113037,
    3.0852746963500977,
    3.3363089561462402,
    3.586784601211548,
    3.2668964862823486,
    3.249530553817749,
    3.1390531063079834,
    2.761281728744507,
    2.7449071407318115,
    2.947807788848877,
    3.0268187522888184,
    2.617271900177002,
    3.0471224784851074,
    3.315235137939453,
    2.9531493186950684,
    2.9366142749786377,
    2.6763546466827393,
    2.453646421432495,
    2.6031672954559326,
    2.747297525405884,
    2.97938871383667,
    3.0165297985076904,
    2.7282872200012207,
    2.9589669704437256,
    2.820861577987671,
    2.9081549644470215,
    3.275301218032837,
    3.2000510692596436,
    2.746800184249878,
    3.031931161880493,
    3.1509010791778564,
    3.004607915878296,
    2.773409605026245,
    2.63018536567688,
    2.517564296722412,
    2.754685401916504,
    2.7861428260803223,
    2.9769070148468018,
    2.977437734603882,
    3.018734931945801,
    3.148505926132202,
    3.0671818256378174,
    3.108537197113037,
    3.2046613693237305,
    3.1421544551849365,
    3.0030624866485596,
    2.6731607913970947,
    2.082141399383545,
    1.9489898681640625,
    2.5240297317504883,
    2.7518723011016846,
    2.585935354232788,
    2.4068119525909424,
    2.7686192989349365,
    2.6520066261291504,
    2.6170408725738525,
    2.765721559524536,
    2.67524790763855,
    2.367846965789795,
    2.411181926727295,
    2.418064594268799,
    2.3596909046173096,
    2.3483433723449707,
    2.355544090270996,
    2.331435203552246,
    2.332536220550537,
    2.5904743671417236,
    2.8135483264923096,
    2.6729989051818848,
    2.525261402130127,
    2.4715185165405273,
    2.2815661430358887,
    2.265101194381714,
    2.4405417442321777,
    2.39652156829834,
    2.4320240020751953,
    2.320531129837036,
    2.2306580543518066,
    2.7429299354553223,
    3.1684725284576416,
    3.1410696506500244,
    3.033315896987915,
    3.0907351970672607,
    3.1803340911865234,
    2.765596628189087,
    2.4832704067230225,
    2.6661946773529053,
    2.90690541267395,
    2.644763946533203,
    2.317810535430908,
    2.0650699138641357,
    2.3167450428009033,
    2.5636749267578125,
    2.49537992477417,
    2.8258204460144043,
    3.0594747066497803,
    2.5986297130584717,
    2.340568780899048,
    2.6018261909484863,
    2.9851057529449463,
    2.906404495239258,
    2.816542625427246,
    2.7586448192596436,
    2.645325183868408,
    2.6413140296936035,
    2.8601443767547607,
    2.3415937423706055,
    2.218743085861206,
    2.520869731903076,
    2.7567007541656494,
    2.7702436447143555,
    2.684048652648926,
    2.722313642501831,
    2.932725667953491,
    2.9052846431732178,
    2.7210500240325928,
    2.6806793212890625,
    2.9144389629364014,
    2.509758234024048,
    2.1236701011657715,
    2.313796281814575,
    2.3529279232025146,
    2.4363651275634766,
    2.4332451820373535,
    2.4447596073150635,
    2.48751163482666,
    2.5033881664276123,
    2.456244945526123,
    2.5941433906555176,
    2.572604179382324,
    2.223881244659424,
    2.3378021717071533,
    2.3306565284729004,
    2.464449644088745,
    2.387561082839966,
    2.6558005809783936,
    2.9511451721191406,
    2.918799638748169,
    2.937382459640503,
    2.9336423873901367,
    2.845280885696411,
    2.8636114597320557,
    2.8640291690826416,
    2.9151952266693115,
    2.836878538131714,
    2.980281352996826,
    3.14819598197937,
    3.0689969062805176,
    2.9973504543304443,
    2.828695774078369,
    2.7648799419403076,
    2.747744083404541,
    2.6699867248535156,
    2.847266435623169,
    2.998966932296753,
    2.912703037261963,
    2.6646101474761963,
    2.9394476413726807,
    3.0265846252441406,
    2.7961361408233643,
    2.5842103958129883,
    2.720355749130249,
    2.914998769760132,
    2.792454242706299,
    2.7169203758239746,
    2.809523582458496,
    2.9411683082580566,
    2.8819398880004883,
    2.685493230819702,
    2.8268423080444336,
    2.8896896839141846,
    2.904466152191162,
    2.9469733238220215,
    3.0993473529815674,
    2.9957807064056396,
    2.9289703369140625,
    3.003892660140991,
    2.8545897006988525,
    2.706101894378662,
    2.645641326904297,
    2.665367364883423,
    2.6323633193969727,
    2.7118024826049805,
    2.993525505065918,
    2.983255624771118,
    2.906991720199585,
    3.0756802558898926,
    3.3908917903900146,
    3.350071907043457,
    3.5412635803222656,
    3.3637783527374268,
    3.13240385055542,
    2.7012672424316406,
    2.620556116104126,
    2.8241875171661377,
    2.670813798904419,
    2.4682881832122803,
    2.713109016418457,
    2.725605010986328,
    2.777857780456543,
    2.9214842319488525,
    2.802631378173828,
    2.8378610610961914,
    2.776829242706299,
    2.8564658164978027,
    2.750117063522339,
    2.894986152648926,
    2.9324138164520264,
    2.4338085651397705,
    2.8563315868377686,
    3.067026138305664,
    2.638021945953369,
    2.447983503341675,
    2.342573881149292,
    2.416489362716675,
    2.6406409740448,
    2.5972952842712402,
    2.751248598098755,
    2.916675329208374,
    2.938408374786377,
    3.0666139125823975,
    2.9689621925354004,
    2.4281907081604004,
    2.1161880493164062,
    2.126359701156616,
    2.2192842960357666,
    2.2263524532318115,
    2.208885908126831,
    2.1513617038726807,
    2.3789100646972656,
    2.5700523853302,
    2.687687635421753,
    2.571094512939453,
    2.6270558834075928,
    2.858023166656494,
    2.6310815811157227,
    2.8982455730438232,
    2.6895716190338135,
    2.753000497817993,
    2.99047589302063,
    2.721210479736328,
    2.7861499786376953,
    2.924180030822754,
    3.0252177715301514,
    2.9746334552764893,
    3.0370569229125977,
    3.2227871417999268,
    3.326759099960327,
    3.000873565673828,
    3.0020790100097656,
    3.0853986740112305,
    3.0309898853302,
    2.983269214630127,
    3.0864310264587402,
    2.9143242835998535,
    2.894110679626465,
    2.9304606914520264,
    3.159029960632324,
    3.0162746906280518,
    2.8860583305358887,
    2.725309133529663,
    2.5215845108032227,
    2.762331962585449,
    2.6917364597320557,
    2.762794256210327,
    2.4886415004730225,
    2.478360652923584,
    2.3992252349853516,
    2.4584851264953613,
    2.5580382347106934,
    2.567289113998413,
    2.6079423427581787,
    2.7459020614624023,
    2.618659257888794,
    2.551185369491577,
    2.5962955951690674,
    2.640645980834961,
    2.775799036026001,
    2.687347173690796,
    2.7288544178009033,
    2.7089507579803467,
    2.659618377685547,
    2.710768222808838,
    2.745241403579712,
    2.622743844985962,
    2.7029237747192383,
    2.5104219913482666,
    2.68929123878479,
    2.716980218887329,
    2.702296495437622,
    2.8425345420837402,
    2.7898221015930176,
    2.5593326091766357,
    2.629990339279175,
    2.703392505645752,
    2.7643837928771973,
    2.8088605403900146,
    2.902595043182373,
    3.099283456802368,
    2.9286158084869385,
    2.679245710372925,
    2.6197872161865234,
    2.7239990234375,
    2.864198923110962,
    2.8266804218292236,
    2.6088368892669678,
    2.9448487758636475,
    3.040097236633301,
    2.9061379432678223,
    2.45660138130188,
    2.1930763721466064,
    2.4162490367889404,
    2.4364354610443115,
    2.815472364425659,
    3.1964449882507324,
    3.110996723175049,
    2.8228044509887695,
    2.9064178466796875,
    3.0242929458618164,
    3.0898585319519043,
    2.921823263168335,
    2.6436426639556885,
    2.6432881355285645,
    2.789430618286133,
    2.8287301063537598,
    2.8172717094421387,
    2.823345184326172,
