{
  "name": "p1b_last1_e20_v2",
  "train_seed": 42,
  "d2d_seed": 3373,
  "n_states": 256,
  "sigma_c2c": 0.01,
  "sigma_d2d": 0.2,
  "analog_layers": [
    15
  ],
  "lr": 1e-05,
  "max_steps": 500,
  "retention_step_time": 0.0,
  "ppl_before": 21.319314431820175,
  "ppl_after": 14.909268764800869,
  "losses": [
    2.97796893119812,
    3.2615392208099365,
    3.4501497745513916,
    3.757380962371826,
    3.429553747177124,
    3.367885112762451,
    3.259514331817627,
    2.8985860347747803,
    2.8965537548065186,
    3.057138681411743,
    3.159735918045044,
    2.716275453567505,
    3.159663200378418,
    3.4547183513641357,
    3.1290881633758545,
    3.038787364959717,
    2.8303630352020264,
    2.6040244102478027,
    2.731630563735962,
    2.8512535095214844,
    3.0753514766693115,
    3.16945481300354,
    2.838253974914551,
    3.0384840965270996,
    2.9120943546295166,
    3.015936851501465,
    3.3957736492156982,
    3.3116934299468994,
    2.824686288833618,
    3.116443634033203,
    3.2186408042907715,
    3.1109116077423096,
    2.858520030975342,
    2.723362922668457,
    2.6023640632629395,
    2.875178575515747,
    2.882473945617676,
    3.0576372146606445,
    3.0528273582458496,
    3.112088203430176,
    3.2218339443206787,
    3.1668691635131836,
    3.2101519107818604,
    3.3030810356140137,
    3.249467372894287,
    3.1325032711029053,
    2.772498607635498,
    2.143618106842041,
    2.0085322856903076,
    2.597750663757324,
    2.8605358600616455,
    2.6376373767852783,
    2.49300217628479,
    2.843534469604492,
    2.7787413597106934,
    2.739354133605957,
    2.8978376388549805,
    2.831268310546875,
    2.5020391941070557,
    2.5334861278533936,
    2.50728178024292,
    2.479222297668457,
    2.44555401802063,
    2.464114189147949,
    2.5115063190460205,
    2.460602283477783,
    2.698779344558716,
    2.9092788696289062,
    2.7814455032348633,
    2.637324571609497,
    2.5791261196136475,
    2.378816604614258,
    2.3716299533843994,
    2.5378522872924805,
    2.475052833557129,
    2.5220553874969482,
    2.4466657638549805,
    2.3544042110443115,
    2.8394265174865723,
    3.256160020828247,
    3.2032647132873535,
    3.0975422859191895,
    3.157719612121582,
    3.2566452026367188,
    2.8447318077087402,
    2.53464674949646,
    2.7321441173553467,
    3.000298023223877,
    2.737745761871338,
    2.4146194458007812,
    2.1524572372436523,
    2.399214029312134,
    2.647024393081665,
    2.574596405029297,
    2.900485038757324,
    3.122762441635132,
    2.692370653152466,
    2.4236390590667725,
    2.6677894592285156,
    3.055527925491333,
    2.989549160003662,
    2.917997121810913,
    2.801131248474121,
    2.7125329971313477,
    2.735295057296753,
    2.9598536491394043,
    2.4458932876586914,
    2.2942872047424316,
    2.627197027206421,
    2.8860461711883545,
    2.9000539779663086,
    2.789534091949463,
    2.822298526763916,
    3.0206947326660156,
    3.01875901222229,
    2.804792642593384,
    2.7379541397094727,
    3.021406888961792,
    2.586756467819214,
    2.1943633556365967,
    2.383044958114624,
    2.4124972820281982,
    2.503459930419922,
    2.4761881828308105,
    2.5259039402008057,
    2.5738871097564697,
    2.566622257232666,
    2.5205094814300537,
    2.669552803039551,
    2.6562819480895996,
    2.2751612663269043,
    2.3870840072631836,
    2.397987127304077,
    2.5394129753112793,
    2.4748871326446533,
    2.7417073249816895,
    3.013821601867676,
    2.9740142822265625,
    2.965587854385376,
    2.9508938789367676,
    2.9142873287200928,
    2.9406402111053467,
    2.944321632385254,
    2.9634957313537598,
    2.921588182449341,
    3.0543923377990723,
    3.2029426097869873,
    3.1316070556640625,
    3.062333822250366,
    2.8782176971435547,
    2.8119077682495117,
    2.8307974338531494,
    2.7199127674102783,
    2.9169440269470215,
    3.070262908935547,
    2.9822158813476562,
    2.7137324810028076,
    3.0017688274383545,
    3.0642740726470947,
    2.856894016265869,
    2.6514110565185547,
    2.781404495239258,
    2.9732890129089355,
    2.83681058883667,
    2.7696566581726074,
    2.8589749336242676,
    2.992957830429077,
    2.9338512420654297,
    2.7188119888305664,
    2.8651320934295654,
    2.9309749603271484,
    2.9442851543426514,
    3.006614923477173,
    3.1545159816741943,
    3.055354595184326,
    2.9984843730926514,
    3.0924971103668213,
    2.914100408554077,
    2.7606778144836426,
    2.7051925659179688,
    2.7476205825805664,
    2.718803644180298,
    2.792759895324707,
    3.0615320205688477,
    3.053043842315674,
    2.9773786067962646,
    3.1335089206695557,
    3.4450507164001465,
    3.3941471576690674,
    3.5886332988739014,
    3.4360082149505615,
    3.1909070014953613,
    2.784271717071533,
    2.6664278507232666,
    2.865670919418335,
    2.7277634143829346,
    2.5344808101654053,
    2.768235683441162,
    2.7708702087402344,
    2.828164577484131,
    2.931863784790039,
    2.8550174236297607,
    2.8714699745178223,
    2.8357009887695312,
    2.902951717376709,
    2.788834810256958,
    2.9566798210144043,
    2.9824328422546387,
    2.47213077545166,
    2.8989996910095215,
    3.1169190406799316,
    2.693031072616577,
    2.488518476486206,
    2.377110004425049,
    2.4685282707214355,
    2.681579828262329,
    2.6604607105255127,
    2.799708843231201,
    2.9620091915130615,
    3.000856399536133,
    3.118582010269165,
    3.0020384788513184,
    2.455698013305664,
    2.1483163833618164,
    2.1044647693634033,
    2.2071406841278076,
    2.262011766433716,
    2.2908756732940674,
    2.2811460494995117,
    2.4352211952209473,
    2.636160135269165,
    2.75166654586792,
    2.668989658355713,
    2.7006497383117676,
    2.9207277297973633,
    2.674154758453369,
    2.968858480453491,
    2.7576639652252197,
    2.8156628608703613,
    3.0507867336273193,
    2.7395365238189697,
    2.8408851623535156,
    2.9660027027130127,
    3.077025890350342,
    3.00891375541687,
    3.0833845138549805,
    3.278759717941284,
    3.3739538192749023,
    3.0330846309661865,
    3.054997205734253,
    3.125540018081665,
    3.0679221153259277,
    3.0170414447784424,
    3.1099565029144287,
    2.9427523612976074,
    2.926077365875244,
    2.9708144664764404,
    3.1803700923919678,
    3.056274652481079,
    2.909170627593994,
    2.7512431144714355,
    2.5814225673675537,
    2.833648204803467,
    2.764050006866455,
    2.8221843242645264,
    2.5309672355651855,
    2.5241904258728027,
    2.4545421600341797,
    2.505755662918091,
    2.626915216445923,
    2.6237294673919678,
    2.6658430099487305,
    2.8158011436462402,
    2.674414873123169,
    2.604444980621338,
    2.675184726715088,
    2.6825597286224365,
    2.799161911010742,
    2.7199530601501465,
    2.7558562755584717,
    2.734999179840088,
    2.709136486053467,
    2.768303155899048,
    2.802438974380493,
    2.682095766067505,
    2.7366888523101807,
    2.568546772003174,
    2.744678258895874,
    2.775424003601074,
    2.747060537338257,
    2.8935139179229736,
    2.864901304244995,
    2.5901589393615723,
    2.6827890872955322,
    2.7400951385498047,
    2.8260273933410645,
    2.8425772190093994,
    2.954310655593872,
    3.1338372230529785,
    2.9913978576660156,
    2.7119603157043457,
    2.6606645584106445,
    2.75704288482666,
    2.9003067016601562,
    2.847632646560669,
    2.638406991958618,
    2.9869518280029297,
    3.101672410964966,
    2.9735121726989746,
    2.5264577865600586,
    2.2722930908203125,
    2.4911913871765137,
    2.526510000228882,
    2.895210027694702,
    3.262953281402588,
    3.1733691692352295,
    2.874746799468994,
    2.959125518798828,
    3.0686442852020264,
    3.1616926193237305,
    2.9783194065093994,
    2.7044484615325928,
    2.708301305770874,
    2.838547706604004,
    2.8630244731903076,
    2.8544723987579346,
