{
  "name": "p1b_last1_e15_v2",
  "train_seed": 42,
  "d2d_seed": 3373,
  "n_states": 256,
  "sigma_c2c": 0.01,
  "sigma_d2d": 0.15,
  "analog_layers": [
    15
  ],
  "lr": 1e-05,
  "max_steps": 500,
  "retention_step_time": 0.0,
  "ppl_before": 19.59787756515558,
  "ppl_after": 14.589973781459534,
  "losses": [
    2.861010789871216,
    3.1517956256866455,
    3.3885552883148193,
    3.662112236022949,
    3.3403337001800537,
    3.303739547729492,
    3.1927285194396973,
    2.8242809772491455,
    2.809976577758789,
    2.990459680557251,
    3.078207015991211,
    2.6571426391601562,
    3.1012535095214844,
    3.3781609535217285,
    3.0262575149536133,
    2.976384162902832,
    2.7391445636749268,
    2.5178985595703125,
    2.6641287803649902,
    2.7921783924102783,
    3.02662992477417,
    3.0992424488067627,
    2.77632999420166,
    2.9910428524017334,
    2.8606245517730713,
    2.9576327800750732,
    3.328582286834717,
    3.2548880577087402,
    2.785386562347412,
    3.0680453777313232,
    3.1837592124938965,
    3.055745840072632,
    2.80989408493042,
    2.667766571044922,
    2.5532588958740234,
    2.8094046115875244,
    2.8318464756011963,
    3.014697551727295,
    3.008632183074951,
    3.054334878921509,
    3.184845447540283,
    3.1122090816497803,
    3.158675193786621,
    3.245067834854126,
    3.190986394882202,
    3.070131540298462,
    2.713312864303589,
    2.106639862060547,
    1.976157784461975,
    2.557331085205078,
    2.8005967140197754,
    2.6121985912323,
    2.4493587017059326,
    2.802049398422241,
    2.7109291553497314,
    2.671534776687622,
    2.826042652130127,
    2.7489540576934814,
    2.425293207168579,
    2.462599992752075,
    2.453627586364746,
    2.410597801208496,
    2.3929200172424316,
    2.4083471298217773,
    2.416274070739746,
    2.387180805206299,
    2.6419565677642822,
    2.8639767169952393,
    2.7252697944641113,
    2.571284055709839,
    2.519495964050293,
    2.3266243934631348,
    2.3101718425750732,
    2.4856326580047607,
    2.4323036670684814,
    2.4743874073028564,
    2.384903907775879,
    2.2879159450531006,
    2.7855441570281982,
    3.2064106464385986,
    3.169585704803467,
    3.0617923736572266,
    3.117218255996704,
    3.2178852558135986,
    2.8000545501708984,
    2.503556728363037,
    2.691814661026001,
    2.9484074115753174,
    2.6846983432769775,
    2.3596599102020264,
    2.110665798187256,
    2.3522121906280518,
    2.6067261695861816,
    2.530553102493286,
    2.8653337955474854,
    3.0892744064331055,
    2.6433262825012207,
    2.375439167022705,
    2.6291286945343018,
    3.018904447555542,
    2.9465901851654053,
    2.8625071048736572,
    2.7752866744995117,
    2.6717045307159424,
    2.683842420578003,
    2.9086759090423584,
    2.3903839588165283,
    2.249481201171875,
    2.564666271209717,
    2.816814422607422,
    2.8299973011016846,
    2.730363368988037,
    2.7692506313323975,
    2.9721689224243164,
    2.960233211517334,
    2.7571957111358643,
    2.705717086791992,
    2.962432384490967,
    2.5418901443481445,
    2.1578855514526367,
    2.3430943489074707,
    2.3778741359710693,
    2.4685847759246826,
    2.451371669769287,
    2.481769561767578,
    2.5327136516571045,
    2.532252311706543,
    2.4879980087280273,
    2.6313109397888184,
    2.614032745361328,
    2.241455554962158,
    2.3520476818084717,
    2.362851619720459,
    2.497877359390259,
    2.430647850036621,
    2.6943790912628174,
    2.981262683868408,
    2.944570541381836,
    2.9473133087158203,
    2.935239791870117,
    2.8729920387268066,
    2.899259328842163,
    2.899604320526123,
    2.936314582824707,
    2.8763768672943115,
    3.016934871673584,
    3.175511360168457,
    3.102175712585449,
    3.027956485748291,
    2.85067081451416,
    2.7864842414855957,
    2.787242889404297,
    2.693106174468994,
    2.8800394535064697,
    3.0312442779541016,
    2.94923996925354,
    2.6903555393218994,
    2.9712390899658203,
    3.041696786880493,
    2.8212146759033203,
    2.618500232696533,
    2.7498857975006104,
    2.944721221923828,
    2.8141753673553467,
    2.7410850524902344,
    2.836988687515259,
    2.9629695415496826,
    2.9091804027557373,
    2.7018730640411377,
    2.8489022254943848,
    2.908596992492676,
    2.9203755855560303,
    2.9750072956085205,
    3.126682758331299,
    3.023092746734619,
    2.9601988792419434,
    3.0448086261749268,
    2.880007028579712,
    2.729888916015625,
    2.6720337867736816,
    2.7080163955688477,
    2.6769309043884277,
    2.7551026344299316,
    3.030561685562134,
    3.0173397064208984,
    2.9385828971862793,
    3.101780414581299,
    3.4200282096862793,
    3.372789144515991,
    3.5617892742156982,
    3.3930883407592773,
    3.157806873321533,
    2.7397608757019043,
    2.6440768241882324,
    2.8382248878479004,
    2.6924328804016113,
    2.4963183403015137,
    2.7372872829437256,
    2.7459285259246826,
    2.8021302223205566,
    2.9268083572387695,
    2.8318426609039307,
    2.8544974327087402,
    2.803943157196045,
    2.8794455528259277,
    2.769996404647827,
    2.9257493019104004,
    2.961219310760498,
    2.4537405967712402,
    2.875697135925293,
    3.0896151065826416,
    2.663940906524658,
    2.4683573246002197,
    2.3642821311950684,
    2.4426169395446777,
    2.6575162410736084,
    2.6308302879333496,
    2.777243137359619,
    2.939819812774658,
    2.9678266048431396,
    3.0890891551971436,
    2.9907877445220947,
    2.4413766860961914,
    2.124811887741089,
    2.110137939453125,
    2.2149605751037598,
    2.2403318881988525,
    2.2525134086608887,
    2.206315755844116,
    2.4034512042999268,
    2.601759195327759,
    2.720844268798828,
    2.6206367015838623,
    2.6604697704315186,
    2.8905742168426514,
    2.6498312950134277,
    2.9292526245117188,
    2.7218358516693115,
    2.7839341163635254,
    3.018333911895752,
    2.727259397506714,
    2.810567855834961,
    2.944326877593994,
    3.0478761196136475,
    2.9895522594451904,
    3.0582847595214844,
    3.2484676837921143,
    3.3528218269348145,
    3.0175209045410156,
    3.0258913040161133,
    3.1054627895355225,
    3.0506224632263184,
    3.0002706050872803,
    3.0957999229431152,
    2.9261367321014404,
    2.907883882522583,
    2.9506118297576904,
    3.168524980545044,
    3.0326459407806396,
    2.8958616256713867,
    2.73913311958313,
    2.5529208183288574,
    2.796689510345459,
    2.7270374298095703,
    2.7878150939941406,
    2.5137908458709717,
    2.502938985824585,
    2.4279379844665527,
    2.4805264472961426,
    2.5898890495300293,
    2.600770950317383,
    2.636674165725708,
    2.776890277862549,
    2.6503305435180664,
    2.5752248764038086,
    2.634674549102783,
    2.6570944786071777,
    2.7839159965515137,
    2.7047741413116455,
    2.7425613403320312,
    2.7199225425720215,
    2.683429718017578,
    2.7379841804504395,
    2.7718665599823,
    2.6531715393066406,
    2.719541549682617,
    2.53818941116333,
    2.7199647426605225,
    2.751631736755371,
    2.7239067554473877,
    2.867546558380127,
    2.8273680210113525,
    2.5732550621032715,
    2.6599459648132324,
    2.7212533950805664,
    2.7957265377044678,
    2.8243062496185303,
    2.9235658645629883,
    3.117452383041382,
    2.9613146781921387,
    2.6964404582977295,
    2.639752149581909,
    2.73736834526062,
    2.884133815765381,
    2.8394765853881836,
    2.61934494972229,
    2.965054750442505,
    3.0669455528259277,
    2.942736864089966,
    2.4911296367645264,
    2.2349233627319336,
    2.4592292308807373,
    2.4862241744995117,
    2.860180616378784,
    3.232171058654785,
    3.1429049968719482,
    2.8465733528137207,
    2.9303834438323975,
    3.0489277839660645,
    3.1223771572113037,
    2.949227809906006,
    2.6731624603271484,
    2.6779985427856445,
    2.8114728927612305,
    2.844343662261963,
    2.834754705429077,
