{
  "name": "p1b_last1_c2c_v2",
  "train_seed": 42,
  "d2d_seed": 3373,
  "n_states": 256,
  "sigma_c2c": 0.01,
  "sigma_d2d": 0.0,
  "analog_layers": [
    15
  ],
  "lr": 1e-05,
  "max_steps": 500,
  "retention_step_time": 0.0,
  "ppl_before": 17.447211995001606,
  "ppl_after": 13.903112147529077,
  "losses": [
    2.6794674396514893,
    3.03177809715271,
    3.2702038288116455,
    3.5025417804718018,
    3.197449207305908,
    3.19920015335083,
    3.0880775451660156,
    2.7307443618774414,
    2.7013723850250244,
    2.924004316329956,
    2.989284038543701,
    2.5703928470611572,
    2.972928762435913,
    3.233203172683716,
    2.886597156524658,
    2.9011852741241455,
    2.612384557723999,
    2.3863234519958496,
    2.550978660583496,
    2.7019829750061035,
    2.9527528285980225,
    2.945141553878784,
    2.662264108657837,
    2.921771764755249,
    2.792344808578491,
    2.8484301567077637,
    3.211723566055298,
    3.138620138168335,
    2.7038064002990723,
    3.0009138584136963,
    3.113431453704834,
    2.969442844390869,
    2.7283427715301514,
    2.6023762226104736,
    2.495806932449341,
    2.716127634048462,
    2.7332916259765625,
    2.93477201461792,
    2.944937229156494,
    3.0015594959259033,
    3.104538679122925,
    3.031425952911377,
    3.0636086463928223,
    3.154252529144287,
    3.099339723587036,
    2.923572063446045,
    2.618032693862915,
    2.0562031269073486,
    1.936200737953186,
    2.492741346359253,
    2.70450758934021,
    2.565904378890991,
    2.3551313877105713,
    2.7235844135284424,
    2.5889830589294434,
    2.5721518993377686,
    2.7046070098876953,
    2.625544548034668,
    2.306166648864746,
    2.354459285736084,
    2.3702046871185303,
    2.3240652084350586,
    2.293565511703491,
    2.2911880016326904,
    2.2480781078338623,
    2.287278175354004,
    2.5377449989318848,
    2.7334041595458984,
    2.6163108348846436,
    2.492398738861084,
    2.4337477684020996,
    2.2332746982574463,
    2.2064571380615234,
    2.3938546180725098,
    2.3398749828338623,
    2.332601547241211,
    2.253727674484253,
    2.1897647380828857,
    2.6978580951690674,
    3.137554168701172,
    3.1038575172424316,
    3.0053694248199463,
    3.0712108612060547,
    3.137274980545044,
    2.7186779975891113,
    2.455482244491577,
    2.6438674926757812,
    2.881336212158203,
    2.6339268684387207,
    2.289884090423584,
    2.0279381275177,
    2.288332223892212,
    2.5279335975646973,
    2.4691989421844482,
    2.7780404090881348,
    3.041044235229492,
    2.5551981925964355,
    2.2934491634368896,
    2.565052032470703,
    2.9449291229248047,
    2.8558435440063477,
    2.7560198307037354,
    2.7149531841278076,
    2.604038715362549,
    2.5792088508605957,
    2.788560390472412,
    2.2809267044067383,
    2.1843252182006836,
    2.4706742763519287,
    2.712934970855713,
    2.716193437576294,
    2.630361318588257,
    2.691438674926758,
    2.8873484134674072,
    2.873392105102539,
    2.6706762313842773,
    2.645075559616089,
    2.8632216453552246,
    2.4603846073150635,
    2.0855212211608887,
    2.296905517578125,
    2.328430652618408,
    2.376359462738037,
    2.3926644325256348,
    2.415296792984009,
    2.4389889240264893,
    2.4788005352020264,
    2.4359536170959473,
    2.5615346431732178,
    2.5315656661987305,
    2.2063326835632324,
    2.348904609680176,
    2.298543930053711,
    2.416879415512085,
    2.346749782562256,
    2.6115825176239014,
    2.916175127029419,
    2.8798532485961914,
    2.9214534759521484,
    2.9134018421173096,
    2.8187904357910156,
    2.8216652870178223,
    2.8204028606414795,
    2.879758834838867,
    2.7997653484344482,
    2.9438552856445312,
    3.1276097297668457,
    3.034738063812256,
    2.9661948680877686,
    2.801506996154785,
    2.738943338394165,
    2.7127420902252197,
    2.6297483444213867,
    2.8090152740478516,
    2.9706599712371826,
    2.8596813678741455,
    2.63163685798645,
    2.9015426635742188,
    3.026137590408325,
    2.793217182159424,
    2.5497453212738037,
    2.6755809783935547,
    2.8860690593719482,
    2.776278257369995,
    2.705209970474243,
    2.750537395477295,
    2.9252495765686035,
    2.8494691848754883,
    2.646641254425049,
    2.7984652519226074,
    2.8594655990600586,
    2.8690669536590576,
    2.9186272621154785,
    3.078641891479492,
    2.961960792541504,
    2.872009754180908,
    2.9791128635406494,
    2.833758592605591,
    2.66828989982605,
    2.627483606338501,
    2.6117939949035645,
    2.5970847606658936,
    2.669156312942505,
    2.9545211791992188,
    2.9542534351348877,
    2.8711071014404297,
    3.055219888687134,
    3.337406873703003,
    3.3006093502044678,
    3.491947889328003,
    3.3251564502716064,
    3.1034140586853027,
    2.663475275039673,
    2.581022262573242,
    2.8283846378326416,
    2.664656639099121,
    2.4453113079071045,
    2.666524648666382,
    2.690863847732544,
    2.7436835765838623,
    2.879049777984619,
    2.768150568008423,
    2.8045554161071777,
    2.7447726726531982,
    2.8236143589019775,
    2.7260475158691406,
    2.850421667098999,
    2.884995222091675,
    2.3940083980560303,
    2.830442190170288,
    3.0374138355255127,
    2.595653772354126,
    2.4155256748199463,
    2.3102333545684814,
    2.3939425945281982,
    2.616805076599121,
    2.559358835220337,
    2.710376024246216,
    2.872842788696289,
    2.897376537322998,
    3.044792652130127,
    2.9407684803009033,
    2.41170597076416,
    2.1153314113616943,
    2.121711015701294,
    2.222971200942993,
    2.197052001953125,
    2.1791739463806152,
    2.124616861343384,
    2.3760955333709717,
    2.5388808250427246,
    2.656137228012085,
    2.511873960494995,
    2.6034231185913086,
    2.81784987449646,
    2.6080167293548584,
    2.8616855144500732,
    2.6399030685424805,
    2.729006290435791,
    2.962700605392456,
    2.7113091945648193,
    2.762554168701172,
    2.9166781902313232,
    3.0082552433013916,
    2.955620050430298,
    3.0119235515594482,
    3.187343120574951,
    3.2962162494659424,
    2.9685845375061035,
    2.984992742538452,
    3.069816827774048,
    3.0169739723205566,
    2.960940361022949,
    3.079514503479004,
    2.8950254917144775,
    2.8820862770080566,
    2.9037046432495117,
    3.1414737701416016,
    3.0052595138549805,
    2.8720197677612305,
    2.70155930519104,
    2.49617600440979,
    2.7339982986450195,
    2.650367021560669,
    2.7262203693389893,
    2.4800708293914795,
    2.4571692943573,
    2.3586413860321045,
    2.427410364151001,
    2.5366687774658203,
    2.513787031173706,
    2.5723776817321777,
    2.7264392375946045,
    2.579145908355713,
    2.5232276916503906,
    2.547218084335327,
    2.6062417030334473,
    2.754531145095825,
    2.655632257461548,
    2.708465576171875,
    2.6819534301757812,
    2.6358695030212402,
    2.6858649253845215,
    2.7189645767211914,
    2.5860211849212646,
    2.684382438659668,
    2.488792896270752,
    2.6656558513641357,
    2.6814963817596436,
    2.6900088787078857,
    2.811762809753418,
    2.7684097290039062,
    2.5211241245269775,
    2.578505039215088,
    2.6743404865264893,
    2.7258853912353516,
    2.786421775817871,
    2.897956132888794,
    3.0697875022888184,
    2.8828892707824707,
    2.6396584510803223,
    2.589811086654663,
    2.7017135620117188,
    2.8376834392547607,
    2.7838590145111084,
    2.612584114074707,
    2.9134209156036377,
    3.013317108154297,
    2.8654417991638184,
    2.3909740447998047,
    2.1386265754699707,
    2.370694637298584,
    2.396475315093994,
    2.7753467559814453,
    3.170853614807129,
    3.099663257598877,
    2.8079140186309814,
    2.8732168674468994,
    3.000638008117676,
    3.0728750228881836,
    2.889904260635376,
    2.589320659637451,
    2.6058084964752197,
    2.783231735229492,
    2.81672739982605,
    2.7975363731384277,
    2.7870969772338867,
