{
  "name": "p1b_last1_d2d_v2",
  "train_seed": 42,
  "d2d_seed": 3373,
  "n_states": 256,
  "sigma_c2c": 0.0,
  "sigma_d2d": 0.02,
  "analog_layers": [
    15
  ],
  "lr": 1e-05,
  "max_steps": 500,
  "retention_step_time": 0.0,
  "ppl_before": 17.478536861137652,
  "ppl_after": 13.916637205474673,
  "losses": [
    2.6877336502075195,
    3.0365121364593506,
    3.2748947143554688,
    3.5140926837921143,
    3.200477361679077,
    3.199862003326416,
    3.0903449058532715,
    2.7273831367492676,
    2.700652837753296,
    2.92130184173584,
    2.99101185798645,
    2.5754613876342773,
    2.9779887199401855,
    3.2422428131103516,
    2.89378023147583,
    2.9012672901153564,
    2.6185078620910645,
    2.3910608291625977,
    2.547684669494629,
    2.7048041820526123,
    2.9484386444091797,
    2.948237895965576,
    2.6703689098358154,
    2.926546573638916,
    2.7912189960479736,
    2.851162910461426,
    3.2175180912017822,
    3.142303466796875,
    2.7032227516174316,
    3.0024914741516113,
    3.110790491104126,
    2.973022222518921,
    2.732220411300659,
    2.5995616912841797,
    2.495615243911743,
    2.716261625289917,
    2.7365522384643555,
    2.9358692169189453,
    2.945678472518921,
    2.9965665340423584,
    3.1078197956085205,
    3.0303122997283936,
    3.0654900074005127,
    3.1562530994415283,
    3.104112148284912,
    2.9303879737854004,
    2.6211533546447754,
    2.0575599670410156,
    1.934637188911438,
    2.494311809539795,
    2.707832098007202,
    2.563544750213623,
    2.3540382385253906,
    2.7262799739837646,
    2.5895185470581055,
    2.5690274238586426,
    2.7059755325317383,
    2.6243958473205566,
    2.308837413787842,
    2.3626298904418945,
    2.3758678436279297,
    2.322941780090332,
    2.295003890991211,
    2.2972781658172607,
    2.250628709793091,
    2.288235664367676,
    2.5373709201812744,
    2.7386908531188965,
    2.616712808609009,
    2.4923653602600098,
    2.431159734725952,
    2.2282023429870605,
    2.212893009185791,
    2.394693374633789,
    2.3487398624420166,
    2.349135160446167,
    2.2484445571899414,
    2.1849842071533203,
    2.6969761848449707,
    3.1365573406219482,
    3.1050848960876465,
    3.006958246231079,
    3.071051836013794,
    3.144188404083252,
    2.721323013305664,
    2.4518306255340576,
    2.6440134048461914,
    2.880234956741333,
    2.6274302005767822,
    2.2915287017822266,
    2.028132438659668,
    2.28657603263855,
    2.529148578643799,
    2.4652559757232666,
    2.7813806533813477,
    3.0377907752990723,
    2.5590085983276367,
    2.302947998046875,
    2.5663673877716064,
    2.9444754123687744,
    2.8652291297912598,
    2.7610511779785156,
    2.717576503753662,
    2.609665870666504,
    2.5860595703125,
    2.7954490184783936,
    2.289384126663208,
    2.186095714569092,
    2.472172260284424,
    2.7144601345062256,
    2.720905065536499,
    2.6296751499176025,
    2.6890223026275635,
    2.8922460079193115,
    2.8747169971466064,
    2.67598557472229,
    2.645965814590454,
    2.8681344985961914,
    2.4622857570648193,
    2.0876271724700928,
    2.2983384132385254,
    2.3276867866516113,
    2.389617681503296,
    2.396604537963867,
    2.4151432514190674,
    2.442591905593872,
    2.4814956188201904,
    2.4352433681488037,
    2.560657024383545,
    2.5287935733795166,
    2.2062830924987793,
    2.3502049446105957,
    2.298870325088501,
    2.419689416885376,
    2.3507111072540283,
    2.616623878479004,
    2.917668104171753,
    2.8848588466644287,
    2.9224634170532227,
    2.9142487049102783,
    2.8208746910095215,
    2.8224730491638184,
    2.8250081539154053,
    2.8831543922424316,
    2.797719717025757,
    2.9472992420196533,
    3.125302314758301,
    3.0310428142547607,
    2.964545726776123,
    2.8010454177856445,
    2.7383716106414795,
    2.711184024810791,
    2.631805181503296,
    2.8086745738983154,
    2.9715168476104736,
    2.8611130714416504,
    2.632849931716919,
    2.9025938510894775,
    3.0172042846679688,
    2.7869279384613037,
    2.5498416423797607,
    2.679781913757324,
    2.880903720855713,
    2.7758028507232666,
    2.7001049518585205,
    2.7595551013946533,
    2.92311692237854,
    2.8474137783050537,
    2.6497104167938232,
    2.7989628314971924,
    2.857679605484009,
    2.8726301193237305,
    2.9219398498535156,
    3.07844614982605,
    2.964810609817505,
    2.878732442855835,
    2.976233720779419,
    2.8330483436584473,
    2.6697540283203125,
    2.625375270843506,
    2.6099586486816406,
    2.5938923358917236,
    2.6743524074554443,
    2.955620288848877,
    2.9482035636901855,
    2.872499942779541,
    3.05505108833313,
    3.3461499214172363,
    3.3106091022491455,
    3.503882646560669,
    3.326917886734009,
    3.1060891151428223,
    2.6656064987182617,
    2.582091808319092,
    2.823678970336914,
    2.6619441509246826,
    2.4457457065582275,
    2.668661594390869,
    2.690983772277832,
    2.746250629425049,
    2.885331392288208,
    2.7663118839263916,
    2.8018641471862793,
    2.7462823390960693,
    2.827091932296753,
    2.728360652923584,
    2.8526697158813477,
    2.8911664485931396,
    2.397313117980957,
    2.8310065269470215,
    3.0362813472747803,
    2.5976645946502686,
    2.4220755100250244,
    2.3132236003875732,
    2.397420883178711,
    2.6177146434783936,
    2.5603110790252686,
    2.711357593536377,
    2.87430477142334,
    2.9012563228607178,
    3.048515558242798,
    2.9444620609283447,
    2.4109623432159424,
    2.113318920135498,
    2.128286123275757,
    2.2201333045959473,
    2.2013494968414307,
    2.173694133758545,
    2.1168549060821533,
    2.3684725761413574,
    2.540203094482422,
    2.655233860015869,
    2.5173094272613525,
    2.597412109375,
    2.8206889629364014,
    2.6103408336639404,
    2.8666090965270996,
    2.6439809799194336,
    2.72969913482666,
    2.9673712253570557,
    2.709806442260742,
    2.762800455093384,
    2.916320323944092,
    3.007530689239502,
    2.9551520347595215,
    3.0134782791137695,
    3.190833568572998,
    3.298288583755493,
    2.9754931926727295,
    2.9848473072052,
    3.0688278675079346,
    3.013801097869873,
    2.964144468307495,
    3.0781521797180176,
    2.898144006729126,
    2.880585193634033,
    2.9044761657714844,
    3.1435563564300537,
    3.003727674484253,
    2.8683815002441406,
    2.703896999359131,
    2.4996399879455566,
    2.736407518386841,
    2.6528677940368652,
    2.728175163269043,
    2.475856304168701,
    2.4578847885131836,
    2.359656810760498,
    2.4280753135681152,
    2.53875470161438,
    2.512709140777588,
    2.5739471912384033,
    2.7212016582489014,
    2.579324722290039,
    2.526470899581909,
    2.5490541458129883,
    2.606991767883301,
    2.7525110244750977,
    2.6538732051849365,
    2.7121334075927734,
    2.686992645263672,
    2.634208917617798,
    2.687357187271118,
    2.721129894256592,
    2.586178779602051,
    2.6837644577026367,
    2.4866833686828613,
    2.665951728820801,
    2.6784961223602295,
    2.6875710487365723,
    2.815307378768921,
    2.762756109237671,
    2.5242979526519775,
    2.580479383468628,
    2.6767146587371826,
    2.7274281978607178,
    2.789965867996216,
    2.889906406402588,
    3.0689315795898438,
    2.888333559036255,
    2.6430370807647705,
    2.589782238006592,
    2.7029941082000732,
    2.8380892276763916,
    2.7893967628479004,
    2.6087002754211426,
    2.912217378616333,
    3.0151326656341553,
    2.8697452545166016,
    2.4004862308502197,
    2.142878532409668,
    2.3706603050231934,
    2.3927245140075684,
    2.7739052772521973,
    3.1674041748046875,
    3.0944907665252686,
    2.8044557571411133,
    2.877605438232422,
    2.9958078861236572,
    3.0664548873901367,
    2.8939645290374756,
    2.595186710357666,
    2.6094110012054443,
    2.7868618965148926,
    2.8157248497009277,
    2.7984185218811035,
