{
  "git_commit": "e827696a4c55117304ba9aead7e1acb205759b63",
  "git_status_short": "M p3_hat_train.py\n?? coordination/REMOTE107_NEXT_TASKS_20260512.md\n?? coordination/remote_tasks/107/REMOTE_107_REMAINING_TASKS_20260512.md\n?? scripts/energy_profile_kv_cache.py",
  "script": "p3_hat_train.py",
  "command": "/home/lisq753/projects/HAT/HAT/p3_hat_train.py --name p28b_adaptive_cosine_v1 --model_name EleutherAI/pythia-2.8b-deduped --n_states 256 --sigma_c2c 0.01 --sigma_d2d 0.02 --max_steps 500 --analog_layers 31 --noise_schedule cosine --freeze-non-target-params --fp16 --output_dir /home/lisq753/projects/HAT_kv107/paper2/results/remote107",
  "mode": "train",
  "model": "EleutherAI/pythia-2.8b-deduped",
  "dataset_train": "wikitext-2-raw-v1 (train)",
  "dataset_eval": "wikitext-2-raw-v1 (test)",
  "train_seed": 42,
  "train_d2d_seed": 3373,
  "eval_d2d_seed": null,
  "n_states": 256,
  "sigma_c2c": 0.01,
  "sigma_d2d": 0.02,
  "retention_step_time": 0.0,
  "analog_layers": [
    31
  ],
  "ctx_len": 512,
  "stride": 256,
  "max_steps": 500,
  "batch_size": 1,
  "epochs": 1,
  "lr": 1e-05,
  "ppl_before": 13.694164783474925,
  "ppl_after": 12.67656415163942,
  "losses": [
    2.375,
    2.828125,
    3.0625,
    3.265625,
    3.1875,
    3.09375,
    2.921875,
    2.59375,
    2.71875,
    2.796875,
    2.8125,
    2.546875,
    2.9375,
    3.125,
    2.90625,
    2.78125,
    2.46875,
    2.234375,
    2.53125,
    2.671875,
    2.921875,
    2.734375,
    2.4375,
    2.8125,
    2.734375,
    2.625,
    3.09375,
    2.9375,
    2.578125,
    2.859375,
    3.03125,
    3.03125,
    2.84375,
    2.640625,
    2.5,
    2.703125,
    2.78125,
    2.921875,
    2.859375,
    2.84375,
    3.078125,
    3.03125,
    3.03125,
    3.171875,
    3.1875,
    3.046875,
    2.59375,
    2.0,
    2.015625,
    2.515625,
    2.71875,
    2.5,
    2.3125,
    2.671875,
    2.453125,
    2.421875,
    2.609375,
    2.53125,
    2.203125,
    2.328125,
    2.421875,
    2.328125,
    2.234375,
    2.265625,
    2.1875,
    2.296875,
    2.515625,
    2.640625,
    2.5625,
    2.453125,
    2.515625,
    2.296875,
    2.375,
    2.5625,
    2.328125,
    2.203125,
    2.375,
    2.265625,
    2.671875,
    3.078125,
    3.09375,
    3.0,
    3.046875,
    3.140625,
    2.8125,
    2.453125,
    2.5,
    2.828125,
    2.71875,
    2.328125,
    2.0625,
    2.25,
    2.515625,
    2.421875,
    2.671875,
    2.859375,
    2.625,
    2.3125,
    2.59375,
    2.78125,
    2.671875,
    2.640625,
    2.71875,
    2.640625,
    2.65625,
    2.8125,
    2.3125,
    2.171875,
    2.375,
    2.703125,
    2.59375,
    2.546875,
    2.640625,
    2.796875,
    2.890625,
    2.734375,
    2.640625,
    2.796875,
    2.390625,
    2.078125,
    2.28125,
    2.296875,
    2.3125,
    2.234375,
    2.46875,
    2.546875,
    2.390625,
    2.34375,
    2.65625,
    2.59375,
    2.078125,
    2.1875,
    2.328125,
    2.40625,
    2.28125,
    2.546875,
    2.859375,
    2.75,
    2.75,
    2.703125,
    2.609375,
    2.75,
    2.765625,
    2.8125,
    2.765625,
    2.890625,
    3.03125,
    2.859375,
    2.84375,
    2.8125,
    2.6875,
    2.5625,
    2.515625,
    2.765625,
    2.859375,
    2.75,
    2.625,
    2.890625,
    2.859375,
    2.71875,
    2.578125,
    2.578125,
    2.828125,
    2.796875,
    2.671875,
    2.75,
    2.96875,
    2.90625,
    2.734375,
    2.84375,
    2.859375,
    2.859375,
    2.953125,
    2.984375,
    2.90625,
    2.8125,
    2.890625,
    2.8125,
    2.5,
    2.484375,
    2.578125,
    2.546875,
    2.578125,
    2.6875,
    2.890625,
    2.75,
    2.75,
    3.109375,
    3.1875,
    3.296875,
    3.0625,
    2.921875,
    2.796875,
    2.53125,
    2.75,
    2.65625,
    2.40625,
    2.515625,
    2.578125,
    2.6875,
    2.828125,
    2.703125,
    2.65625,
    2.625,
    2.734375,
    2.65625,
    2.75,
    2.828125,
    2.53125,
    2.953125,
    3.125,
    2.65625,
    2.484375,
    2.28125,
    2.421875,
    2.703125,
    2.765625,
    2.765625,
    2.890625,
    2.828125,
    3.09375,
    2.984375,
    2.390625,
    2.09375,
    2.078125,
    2.203125,
    2.171875,
    2.140625,
    2.140625,
    2.28125,
    2.515625,
    2.640625,
    2.515625,
    2.390625,
    2.59375,
    2.515625,
    2.765625,
    2.546875,
    2.65625,
    2.8125,
    2.578125,
    2.578125,
    2.828125,
    2.84375,
    2.84375,
    2.859375,
    3.046875,
    3.171875,
    2.90625,
    2.9375,
    3.0,
    2.859375,
    2.890625,
    2.984375,
    2.890625,
    2.796875,
    2.890625,
    3.09375,
    3.015625,
    2.890625,
    2.765625,
    2.546875,
    2.734375,
    2.640625,
    2.78125,
    2.484375,
    2.453125,
    2.421875,
    2.578125,
    2.53125,
    2.53125,
    2.5,
    2.65625,
    2.46875,
    2.5,
    2.46875,
    2.40625,
    2.59375,
    2.59375,
    2.671875,
    2.59375,
    2.5625,
    2.515625,
    2.609375,
    2.53125,
    2.53125,
    2.40625,
    2.5625,
    2.546875,
    2.640625,
    2.671875,
    2.640625,
    2.546875,
    2.5625,
    2.671875,
    2.734375,
    2.8125,
    2.90625,
    3.046875,
    2.890625,
    2.6875,
    2.625,
    2.6875,
    2.84375,
    2.8125,
    2.65625,
    3.0,
    3.0625,
    3.046875,
    2.40625,
    2.046875,
    2.328125,
    2.28125,
    2.546875,
    2.90625,
    2.90625,
    2.6875,
    2.703125,
    2.75,
    2.828125,
    2.640625,
    2.390625,
    2.515625,
    2.703125,
    2.78125,
    2.671875,
    2.734375,
    2.328125,
    1.9765625,
    2.25,
    2.46875,
    2.53125,
    2.53125,
    2.5,
    2.46875,
    2.203125,
    1.9453125,
    2.140625,
    2.421875,
    2.5,
    2.21875,
    2.203125,
    2.34375,
    2.46875,
    2.703125,
    2.734375,
    2.828125,
    2.90625,
    2.90625,
    2.671875,
    2.140625,
    2.125,
    2.390625,
    2.359375,
    2.40625,
    2.25,
    2.0625,
    2.171875,
    2.140625,
    2.546875,
    2.875,
    2.4375,
    2.375,
    2.65625,
    2.734375,
    2.65625,
    2.75,
    2.953125,
    2.984375,
    2.703125,
    2.703125,
    2.8125,
    2.65625,
    2.859375,
    3.15625,
    3.28125,
    2.90625,
    3.015625,
    3.15625,
    2.96875,
    2.921875,
    3.03125,
    2.984375,
    3.109375,
    2.9375,
    3.109375,
    3.109375,
    2.9375,
    2.9375,
    2.71875,
    2.375,
    2.359375,
    2.5,
    2.625,
    2.796875,
    2.71875,
    2.609375,
    2.828125,
    2.65625,
    2.609375,
    2.375,
    2.5,
    2.5625,
    2.5625,
    2.71875,
    2.609375,
    2.59375,
    2.859375,
    2.875,
    2.703125,
    2.9375,
    2.953125,
    2.5,
    2.46875,
    2.328125,
    2.359375,
    2.5,
    2.78125,
    2.734375,
    2.53125,
    2.4375,
    2.46875,
    2.5625,
    2.609375,
    2.5625,
    2.609375,
    2.765625,
    2.84375,
    3.03125,
    3.1875,
    3.03125,
    3.046875,
    3.0,
    2.984375,
    2.9375,
    2.953125,
    2.9375,
    2.953125,
    2.921875,
    2.953125,
    2.75,
    2.328125,
    2.375,
    2.390625,
    2.421875,
    2.640625,
    2.453125,
    1.8984375,
    2.015625,
    2.1875,
    2.21875,
    2.109375,
    2.25,
    2.15625,
    1.9375,
    1.8828125,
    2.109375,
    2.140625,
    2.15625,
    2.328125,
    2.53125,
    2.5,
    2.390625,
    2.328125,
    2.375,
    2.40625,
    2.203125,
    2.203125,
    2.3125,
    2.40625,
    2.28125,
    1.96875,
    2.125,
    2.421875,
    2.484375,
    2.484375,
    2.390625,
    2.328125,
    2.6875,
    2.875,
    2.59375,
    2.453125,
    2.171875,
    2.0625,
    2.453125,
    2.59375,
    2.34375,
    2.453125,
    2.609375,
    2.59375,
    2.484375,
    2.46875,
    2.40625,
    2.296875,
    2.53125,
    2.78125,
    2.859375,
    2.59375,
    2.421875,
    2.453125
  ],
  "wall_clock_time": 1678.5945003032684,
  "gpu_id": "7",
  "gpu_name": "NVIDIA PH402 SKU 200"
}