{
  "git_commit": "51ff4241cfe03f30b846a86bf434127fe54c1b50",
  "git_status_short": "M p3_hat_eval.py\n M p3_hat_train.py",
  "script": "p3_hat_train.py",
  "command": "/home/lisq753/projects/HAT/HAT/p3_hat_train.py --name p410m_multi_u100 --model_name EleutherAI/pythia-410m-deduped --n_states 256 --sigma_c2c 0.01 --sigma_d2d 0.02 --max_steps 100 --analog_layers 23 --d2d_schedule uniform --output_dir /home/lisq753/projects/HAT_kv107/paper2/results/remote107",
  "mode": "train",
  "model": "EleutherAI/pythia-410m-deduped",
  "dataset_train": "wikitext-2-raw-v1 (train)",
  "dataset_eval": "wikitext-2-raw-v1 (test)",
  "train_seed": 42,
  "train_d2d_seed": 3373,
  "eval_d2d_seed": null,
  "n_states": 256,
  "sigma_c2c": 0.01,
  "sigma_d2d": 0.02,
  "retention_step_time": 0.0,
  "analog_layers": [
    23
  ],
  "ctx_len": 512,
  "stride": 256,
  "max_steps": 100,
  "batch_size": 1,
  "epochs": 1,
  "lr": 1e-05,
  "ppl_before": 23.299391239025578,
  "ppl_after": 22.13363813530419,
  "losses": [
    3.1046316623687744,
    3.2808046340942383,
    3.5379788875579834,
    3.71327805519104,
    3.5987091064453125,
    3.491715908050537,
    3.404501438140869,
    3.0472095012664795,
    3.209456443786621,
    3.337489366531372,
    3.3445839881896973,
    3.039517641067505,
    3.5061728954315186,
    3.717153787612915,
    3.47868013381958,
    3.3835389614105225,
    3.3147788047790527,
    2.8896188735961914,
    2.8775250911712646,
    3.052492618560791,
    3.2744269371032715,
    3.1900413036346436,
    2.901582717895508,
    3.2596731185913086,
    3.234083652496338,
    3.125678300857544,
    3.503749370574951,
    3.414386034011841,
    3.0478360652923584,
    3.329137086868286,
    3.578123092651367,
    3.4079501628875732,
    3.2128474712371826,
    3.047917127609253,
    2.904439687728882,
    3.156747817993164,
    3.218906879425049,
    3.300271511077881,
    3.3256447315216064,
    3.380755662918091,
    3.5625052452087402,
    3.425647258758545,
    3.490487813949585,
    3.629486560821533,
    3.724669933319092,
    3.525010585784912,
    3.05412220954895,
    2.3773200511932373,
    2.2910261154174805,
    2.8894848823547363,
    3.1989331245422363,
    2.9377334117889404,
    2.809330701828003,
    3.214414596557617,
    3.160654067993164,
    3.08748722076416,
    3.3635711669921875,
    3.1735634803771973,
    2.8623387813568115,
    2.8630194664001465,
    2.8951375484466553,
    2.8336715698242188,
    2.801229476928711,
    2.6970455646514893,
    2.6337532997131348,
    2.7455039024353027,
    3.0166592597961426,
    3.125957489013672,
    3.1251821517944336,
    3.0220892429351807,
    2.968921661376953,
    2.6769256591796875,
    2.798352003097534,
    3.0664191246032715,
    2.846651077270508,
    2.891634225845337,
    2.9089865684509277,
    2.7351536750793457,
    3.074847936630249,
    3.475522756576538,
    3.402071952819824,
    3.4551467895507812,
    3.528911828994751,
    3.5768845081329346,
    3.2249276638031006,
    2.9980309009552,
    3.142364740371704,
    3.40480899810791,
    3.189263105392456,
    2.7936222553253174,
    2.592097282409668,
    2.8057610988616943,
    3.0009679794311523,
    3.0620439052581787,
    3.1639301776885986,
    3.2630255222320557,
    3.064338445663452,
    2.8209917545318604,
    3.1513915061950684,
    3.328845262527466
  ],
  "wall_clock_time": 181.5941514968872,
  "gpu_id": "0",
  "gpu_name": "NVIDIA PH402 SKU 200"
}