{
  "git_commit": "e827696a4c55117304ba9aead7e1acb205759b63",
  "git_status_short": "M p3_hat_train.py\n?? coordination/REMOTE107_NEXT_TASKS_20260512.md\n?? coordination/remote_tasks/107/REMOTE_107_REMAINING_TASKS_20260512.md\n?? scripts/energy_profile_kv_cache.py",
  "script": "p3_hat_train.py",
  "command": "/home/lisq753/projects/HAT/HAT/p3_hat_train.py --name p410m_adaptive_layerwise_v4 --model_name EleutherAI/pythia-410m-deduped --n_states 256 --sigma_c2c 0.01 --sigma_d2d 0.02 --max_steps 500 --analog_layers 23 --noise_schedule layer_wise --output_dir /home/lisq753/projects/HAT_kv107/paper2/results/remote107",
  "mode": "train",
  "model": "EleutherAI/pythia-410m-deduped",
  "dataset_train": "wikitext-2-raw-v1 (train)",
  "dataset_eval": "wikitext-2-raw-v1 (test)",
  "train_seed": 42,
  "train_d2d_seed": 3373,
  "eval_d2d_seed": null,
  "n_states": 256,
  "sigma_c2c": 0.01,
  "sigma_d2d": 0.02,
  "retention_step_time": 0.0,
  "analog_layers": [
    23
  ],
  "ctx_len": 512,
  "stride": 256,
  "max_steps": 500,
  "batch_size": 1,
  "epochs": 1,
  "lr": 1e-05,
  "ppl_before": 23.227458091597544,
  "ppl_after": 18.362231325609063,
  "losses": [
    3.0654335021972656,
    3.2831883430480957,
    3.531400442123413,
    3.7122557163238525,
    3.6451942920684814,
    3.500434398651123,
    3.4084627628326416,
    3.051609516143799,
    3.232562303543091,
    3.365551710128784,
    3.3526546955108643,
    3.0376288890838623,
    3.3725476264953613,
    3.700099229812622,
    3.477851152420044,
    3.4523251056671143,
    3.247441053390503,
    2.8895978927612305,
    2.8793129920959473,
    3.0000975131988525,
    3.1073098182678223,
    3.228302478790283,
    2.9217207431793213,
    3.202650785446167,
    3.0891754627227783,
    3.1087071895599365,
    3.487279176712036,
    3.474644899368286,
    2.9339466094970703,
    3.2494072914123535,
    3.482738494873047,
    3.2834489345550537,
    3.0536255836486816,
    2.959115505218506,
    2.790386199951172,
    3.0285329818725586,
    3.0704028606414795,
    3.213297128677368,
    3.241290807723999,
    3.283409357070923,
    3.4290246963500977,
    3.327951431274414,
    3.340390205383301,
    3.5084407329559326,
    3.466982364654541,
    3.3293697834014893,
    2.8729631900787354,
    2.2869367599487305,
    2.1939542293548584,
    2.696643352508545,
    3.0146727561950684,
    2.8481311798095703,
    2.6766622066497803,
    3.077371835708618,
    3.017169952392578,
    2.9787344932556152,
    3.1664280891418457,
    3.03470516204834,
    2.720632791519165,
    2.764727830886841,
    2.7084078788757324,
    2.737494468688965,
    2.7101171016693115,
    2.6044931411743164,
    2.568005323410034,
    2.5938804149627686,
    2.8437001705169678,
    3.1282482147216797,
    2.9977753162384033,
    2.918376922607422,
    2.7517807483673096,
    2.43312931060791,
    2.4443359375,
    2.7503280639648438,
    2.7659010887145996,
    2.7360329627990723,
    2.568594455718994,
    2.4815762042999268,
    2.973454236984253,
    3.421729803085327,
    3.2908201217651367,
    3.3535778522491455,
    3.360167980194092,
    3.4868228435516357,
    3.0657529830932617,
    2.843405246734619,
    2.9772746562957764,
    3.1999127864837646,
    2.9653167724609375,
    2.553302526473999,
    2.380777359008789,
    2.6620078086853027,
    2.834463119506836,
    2.8643648624420166,
    3.0944809913635254,
    3.28802752494812,
    2.941863536834717,
    2.6215689182281494,
    2.8974485397338867,
    3.264794111251831,
    3.1895132064819336,
    3.109653949737549,
    3.038081645965576,
    2.9775891304016113,
    2.934835195541382,
    3.1661908626556396,
    2.5530920028686523,
    2.4665770530700684,
    2.736790180206299,
    3.001955032348633,
    3.0613420009613037,
    3.000365734100342,
    2.9928698539733887,
    3.1266794204711914,
    3.210139036178589,
    3.011888027191162,
    2.9762299060821533,
    3.164804220199585,
    2.628840446472168,
    2.4059412479400635,
    2.6425063610076904,
    2.645325183868408,
    2.7430505752563477,
    2.640489339828491,
    2.673417091369629,
    2.793336868286133,
    2.684110403060913,
    2.6864778995513916,
    2.933933734893799,
    2.9133005142211914,
    2.4709017276763916,
    2.541917085647583,
    2.663792848587036,
    2.857349395751953,
    2.7618906497955322,
    2.9114222526550293,
    3.1722381114959717,
    3.1350584030151367,
    3.108741521835327,
    3.082024335861206,
    3.086696147918701,
    3.143868923187256,
    3.116175651550293,
    3.158690929412842,
    3.032273292541504,
    3.3209030628204346,
    3.3983285427093506,
    3.215301990509033,
    3.1418275833129883,
    3.0368432998657227,
    2.9879150390625,
    2.966815710067749,
    2.910205364227295,
    3.0399811267852783,
    3.226086378097534,
    3.10621976852417,
    2.825019121170044,
    3.1462693214416504,
    3.2787015438079834,
    3.0487046241760254,
    2.8570194244384766,
    2.9452719688415527,
    3.159700632095337,
    2.9929351806640625,
    2.9200785160064697,
    2.96187424659729,
    3.1492435932159424,
    3.117896556854248,
    2.8539862632751465,
    3.026437997817993,
    3.096911907196045,
    3.117095708847046,
    3.168313980102539,
    3.3238165378570557,
    3.122002363204956,
    3.0619585514068604,
    3.2393267154693604,
    3.0462419986724854,
    2.8984084129333496,
    2.8606762886047363,
    2.855940103530884,
    2.830075979232788,
    3.037658214569092,
    3.2157175540924072,
    3.200714588165283,
    3.2053239345550537,
    3.2949702739715576,
    3.537022590637207,
    3.5970847606658936,
    3.7399580478668213,
    3.5347707271575928,
    3.289783477783203,
    2.935098171234131,
    2.8204357624053955,
    3.0505154132843018,
    2.940037250518799,
    2.7255425453186035,
    2.9077775478363037,
    2.950531005859375,
    3.0456745624542236,
    3.1007583141326904,
    3.009897470474243,
    3.1040124893188477,
    3.084665536880493,
    3.1506190299987793,
    3.005885601043701,
    3.063136100769043,
    3.0730302333831787,
    2.627271890640259,
    3.040400743484497,
    3.3422763347625732,
    2.818096399307251,
    2.642759323120117,
    2.513620138168335,
    2.6945765018463135,
    2.974120855331421,
    2.869598627090454,
    2.9238882064819336,
    3.0957484245300293,
    3.065718173980713,
    3.2033071517944336,
    3.2748374938964844,
    2.80407977104187,
    2.403611421585083,
    2.256148338317871,
    2.374016284942627,
    2.604259729385376,
    2.610260248184204,
    2.5327959060668945,
    2.5933279991149902,
    2.843623161315918,
    2.9617247581481934,
    2.8583948612213135,
    2.969552755355835,
    3.1237447261810303,
    2.8836123943328857,
    3.187897205352783,
    2.8999884128570557,
    2.9202282428741455,
    3.2173244953155518,
    3.0457780361175537,
    3.0275990962982178,
    3.1707332134246826,
    3.289130926132202,
    3.2282352447509766,
    3.3006017208099365,
    3.4733920097351074,
    3.5497326850891113,
    3.214637041091919,
    3.2951483726501465,
    3.3304483890533447,
    3.2642338275909424,
    3.274101972579956,
    3.3166682720184326,
    3.179643392562866,
    3.1461193561553955,
    3.1815073490142822,
    3.3712053298950195,
    3.2054941654205322,
    3.0759923458099365,
    2.9560658931732178,
    2.7261979579925537,
    3.108194589614868,
    2.980067729949951,
    3.034602165222168,
    2.763739585876465,
    2.7557320594787598,
    2.70058274269104,
    2.7462270259857178,
    2.7901811599731445,
    2.856431722640991,
    2.820993661880493,
    3.01196026802063,
    2.802074909210205,
    2.6922624111175537,
    2.762890100479126,
    2.837632417678833,
    2.902029275894165,
    2.8559606075286865,
    2.945409059524536,
    2.9107775688171387,
    2.8675014972686768,
    2.9580936431884766,
    2.915473699569702,
    2.788437843322754,
    2.8254506587982178,
    2.710462808609009,
    2.9457318782806396,
    2.911358594894409,
    2.8936445713043213,
    3.081202745437622,
