{
  "git_commit": "51ff4241cfe03f30b846a86bf434127fe54c1b50",
  "git_status_short": "M p3_hat_eval.py\n M p3_hat_train.py",
  "script": "p3_hat_train.py",
  "command": "p3_hat_train.py --name p410m_multi_l500_full --model_name EleutherAI/pythia-410m-deduped --n_states 256 --sigma_c2c 0.01 --sigma_d2d 0.02 --max_steps 500 --analog_layers 23 --d2d_schedule linear --output_dir /home/lisq753/projects/HAT_kv107/paper2/results/remote107",
  "mode": "train",
  "model": "EleutherAI/pythia-410m-deduped",
  "dataset_train": "wikitext-2-raw-v1 (train)",
  "dataset_eval": "wikitext-2-raw-v1 (test)",
  "train_seed": 42,
  "train_d2d_seed": 3373,
  "eval_d2d_seed": null,
  "n_states": 256,
  "sigma_c2c": 0.01,
  "sigma_d2d": 0.02,
  "retention_step_time": 0.0,
  "analog_layers": [
    23
  ],
  "ctx_len": 512,
  "stride": 256,
  "max_steps": 500,
  "batch_size": 1,
  "epochs": 1,
  "lr": 1e-05,
  "ppl_before": 23.299391239025578,
  "ppl_after": 18.33518229951862,
  "losses": [
    3.0805063247680664,
    3.3020267486572266,
    3.5375900268554688,
    3.696890354156494,
    3.457484006881714,
    3.4661707878112793,
    3.3414347171783447,
    2.9762887954711914,
    3.1525137424468994,
    3.2900137901306152,
    3.2907209396362305,
    2.962024450302124,
    3.2673699855804443,
    3.6202595233917236,
    3.291245222091675,
    3.2780323028564453,
    3.0816619396209717,
    2.8424479961395264,
    2.833970785140991,
    2.9270849227905273,
    3.1689453125,
    3.212419033050537,
    2.9259331226348877,
    3.202972888946533,
    3.0663506984710693,
    3.0886173248291016,
    3.4727416038513184,
    3.4269962310791016,
    2.9514200687408447,
    3.2043416500091553,
    3.428051233291626,
    3.282580852508545,
    3.0532329082489014,
    2.936432123184204,
    2.777231454849243,
    2.972208023071289,
    3.052560567855835,
    3.2191827297210693,
    3.2357230186462402,
    3.2622413635253906,
    3.4237592220306396,
    3.3017873764038086,
    3.2838191986083984,
    3.4604249000549316,
    3.4339077472686768,
    3.298732042312622,
    2.8532066345214844,
    2.267759084701538,
    2.1780688762664795,
    2.743255853652954,
    3.000492811203003,
    2.821655511856079,
    2.6275203227996826,
    2.9721760749816895,
    2.968510389328003,
    2.9564197063446045,
    3.157069444656372,
    2.9999191761016846,
    2.7033491134643555,
    2.7090933322906494,
    2.7129173278808594,
    2.6836626529693604,
    2.6309211254119873,
    2.5788986682891846,
    2.5136210918426514,
    2.564765691757202,
    2.798091411590576,
    3.0812020301818848,
    2.9539272785186768,
    2.8765366077423096,
    2.7126872539520264,
    2.4026012420654297,
    2.464148998260498,
    2.737046003341675,
    2.7105777263641357,
    2.7112791538238525,
    2.556236743927002,
    2.4835293292999268,
    2.966193199157715,
    3.4290201663970947,
    3.2843880653381348,
    3.2959179878234863,
    3.3355960845947266,
    3.463688611984253,
    3.0699870586395264,
    2.77604341506958,
    2.994075059890747,
    3.1804964542388916,
    2.893995761871338,
    2.5257678031921387,
    2.354635000228882,
    2.65934419631958,
    2.799107074737549,
    2.783879041671753,
    3.0493216514587402,
    3.229825735092163,
    2.8623321056365967,
    2.6079485416412354,
    2.8332066535949707,
    3.238201141357422,
    3.1972832679748535,
    3.0952353477478027,
    3.012716770172119,
    2.87357759475708,
    2.9128332138061523,
    3.1450355052948,
    2.5375006198883057,
    2.4528722763061523,
    2.7336740493774414,
    2.9760189056396484,
    3.022446632385254,
    3.011063814163208,
    2.972254991531372,
    3.1301121711730957,
    3.19997501373291,
    2.9904236793518066,
    2.935699701309204,
    3.1514053344726562,
    2.6593809127807617,
    2.391913652420044,
    2.610600471496582,
    2.6698451042175293,
    2.7059741020202637,
    2.649888277053833,
    2.64509654045105,
    2.778184652328491,
    2.697500228881836,
    2.6763856410980225,
    2.920398712158203,
    2.892177104949951,
    2.4540836811065674,
    2.5340304374694824,
    2.650012731552124,
    2.8502564430236816,
    2.762274980545044,
    2.9104554653167725,
    3.14045786857605,
    3.0742998123168945,
    3.0552875995635986,
    3.0758674144744873,
    3.08664870262146,
    3.121631383895874,
    3.097594976425171,
    3.1488120555877686,
    3.0281031131744385,
    3.3123512268066406,
    3.416815757751465,
    3.2416605949401855,
    3.164069890975952,
    3.0320746898651123,
    3.0107033252716064,
    2.985218048095703,
    2.886882781982422,
    3.0459136962890625,
    3.2165963649749756,
    3.1183531284332275,
    2.8191044330596924,
    3.1460037231445312,
    3.2787108421325684,
    3.0322084426879883,
    2.815807342529297,
    2.9080772399902344,
    3.14473295211792,
    3.009575843811035,
    2.8855462074279785,
    2.9393723011016846,
    3.16437029838562,
    3.115283489227295,
    2.8466639518737793,
    3.0170671939849854,
    3.090707540512085,
    3.090562343597412,
    3.1535484790802,
    3.3242764472961426,
    3.118293523788452,
    3.0527944564819336,
    3.1965556144714355,
    3.043531656265259,
    2.8902812004089355,
    2.8391518592834473,
    2.822917938232422,
    2.7880053520202637,
    3.025851011276245,
    3.1840991973876953,
    3.1816956996917725,
    3.1230947971343994,
    3.257753849029541,
    3.548438787460327,
    3.5816900730133057,
    3.7366156578063965,
    3.5303986072540283,
    3.2605395317077637,
    2.8996596336364746,
    2.7885234355926514,
    3.037191390991211,
    2.9161903858184814,
    2.670325994491577,
    2.861581563949585,
    2.9167861938476562,
    3.008967161178589,
    3.0708513259887695,
    2.9586164951324463,
    3.0887019634246826,
    3.0287351608276367,
    3.118171453475952,
    2.9562056064605713,
    3.0281825065612793,
    3.0438263416290283,
    2.6014177799224854,
    3.0462729930877686,
    3.3317947387695312,
    2.837527275085449,
    2.610253095626831,
    2.5179531574249268,
    2.6687052249908447,
    2.974349021911621,
    2.8659722805023193,
    2.911411762237549,
    3.098400354385376,
    3.068850040435791,
    3.2365968227386475,
    3.271500587463379,
    2.7651865482330322,
    2.395181894302368,
    2.249178409576416,
    2.3982608318328857,
    2.571545124053955,
    2.585414409637451,
    2.516665458679199,
    2.5916483402252197,
    2.806276559829712,
    2.9555375576019287,
    2.853867769241333,
    2.9513838291168213,
    3.1140313148498535,
    2.8452813625335693,
    3.1016876697540283,
    2.8632943630218506,
    2.8850040435791016,
    3.2015492916107178,
    3.019113779067993,
    3.0400867462158203,
    3.1808366775512695,
    3.307088851928711,
    3.194936513900757,
    3.2911293506622314,
    3.4835102558135986,
    3.5369796752929688,
    3.1910619735717773,
    3.2751080989837646,
    3.3266642093658447,
    3.28913950920105,
    3.2631137371063232,
    3.301217555999756,
    3.180429697036743,
    3.1501312255859375,
    3.1591432094573975,
    3.370619773864746,
    3.166182279586792,
    3.0796427726745605,
    2.925715923309326,
    2.7012064456939697,
    3.0933632850646973,
    2.9723846912384033,
    3.011225938796997,
    2.7555136680603027,
    2.71220064163208,
    2.676938772201538,
    2.7062861919403076,
    2.7815659046173096,
    2.8327372074127197,
    2.7824864387512207,
    2.995007276535034,
    2.834425449371338,
    2.7009525299072266,
    2.7766830921173096,
    2.8564040660858154,
    2.909571409225464,
    2.8392820358276367,
    2.952380657196045,
    2.9233689308166504,
    2.8426144123077393,
    2.963768720626831,
    2.92429518699646,
    2.8134329319000244,
    2.836219310760498,
    2.6991398334503174,
    2.9229257106781006,
    2.8856606483459473,
    2.861948013305664,
    3.0428969860076904,
    2.9590814113616943,
    2.73360013961792,
    2.7922203540802,
    2.9020161628723145,
    3.014078140258789,
    3.0174124240875244,
    3.111881732940674,
