{
  "git_commit": "51ff4241cfe03f30b846a86bf434127fe54c1b50",
  "git_status_short": "M p3_hat_eval.py\n M p3_hat_train.py",
  "script": "p3_hat_train.py",
  "command": "p3_hat_train.py --name p410m_last4_fixed500 --model_name EleutherAI/pythia-410m-deduped --n_states 256 --sigma_c2c 0.01 --sigma_d2d 0.02 --max_steps 500 --analog_layers 20,21,22,23 --output_dir /home/lisq753/projects/HAT_kv107/paper2/results/remote107",
  "mode": "train",
  "model": "EleutherAI/pythia-410m-deduped",
  "dataset_train": "wikitext-2-raw-v1 (train)",
  "dataset_eval": "wikitext-2-raw-v1 (test)",
  "train_seed": 42,
  "train_d2d_seed": 3373,
  "eval_d2d_seed": null,
  "n_states": 256,
  "sigma_c2c": 0.01,
  "sigma_d2d": 0.02,
  "retention_step_time": 0.0,
  "analog_layers": [
    20,
    21,
    22,
    23
  ],
  "ctx_len": 512,
  "stride": 256,
  "max_steps": 500,
  "batch_size": 1,
  "epochs": 1,
  "lr": 1e-05,
  "ppl_before": 31.2660764292713,
  "ppl_after": 20.926650198193784,
  "losses": [
    3.377624273300171,
    3.5539326667785645,
    3.76273250579834,
    3.9256153106689453,
    3.724644899368286,
    3.697340726852417,
    3.490048408508301,
    3.1931490898132324,
    3.2399981021881104,
    3.420060873031616,
    3.461268424987793,
    3.2061359882354736,
    3.4519786834716797,
    3.7096362113952637,
    3.377293348312378,
    3.4462220668792725,
    3.4251561164855957,
    3.173340320587158,
    3.057219982147217,
    3.1131012439727783,
    3.3120031356811523,
    3.3714215755462646,
    3.1753549575805664,
    3.323370933532715,
    3.213155508041382,
    3.2651045322418213,
    3.6945414543151855,
    3.6158547401428223,
    3.136178731918335,
    3.381288766860962,
    3.659153461456299,
    3.423513650894165,
    3.1908068656921387,
    3.0952775478363037,
    3.0509955883026123,
    3.228123426437378,
    3.2514007091522217,
    3.3787150382995605,
    3.454450845718384,
    3.4535505771636963,
    3.551117181777954,
    3.4539108276367188,
    3.5385913848876953,
    3.6564624309539795,
    3.656815767288208,
    3.472614288330078,
    2.9748711585998535,
    2.355907678604126,
    2.2886314392089844,
    2.8552849292755127,
    3.161306381225586,
    2.9662322998046875,
    2.7598836421966553,
    3.213253974914551,
    3.1709933280944824,
    3.1710007190704346,
    3.336946487426758,
    3.196786642074585,
    2.961538791656494,
    2.9584531784057617,
    2.9001386165618896,
    2.894216299057007,
    2.796250581741333,
    2.8618013858795166,
    2.8004534244537354,
    2.86078143119812,
    2.9955124855041504,
    3.3055124282836914,
    3.1961476802825928,
    3.111478090286255,
    2.889981746673584,
    2.601957321166992,
    2.655946731567383,
    2.9161250591278076,
    2.941532850265503,
    2.9563586711883545,
    2.8704826831817627,
    2.7206215858459473,
    3.129312753677368,
    3.49137020111084,
    3.442526340484619,
    3.9610795974731445,
    3.453415632247925,
    3.6182801723480225,
    3.272409200668335,
    2.8832814693450928,
    3.0605857372283936,
    3.389787435531616,
    3.1046154499053955,
    2.6480698585510254,
    2.5845255851745605,
    2.757276773452759,
    2.935227870941162,
    2.9806129932403564,
    3.301356077194214,
    3.4690849781036377,
    3.0555336475372314,
    2.767068862915039,
    3.029477119445801,
    3.4696896076202393,
    3.356642484664917,
    3.264467716217041,
    3.195950984954834,
    3.058201551437378,
    3.067229747772217,
    3.3834407329559326,
    2.8017380237579346,
    2.6076486110687256,
    2.9324381351470947,
    3.285759687423706,
    3.343369245529175,
    3.288132667541504,
    3.196901559829712,
    3.3727927207946777,
    3.4950144290924072,
    3.256209135055542,
    3.0619421005249023,
    3.4182705879211426,
    2.8967339992523193,
    2.6497762203216553,
    2.78121280670166,
    2.8198776245117188,
    2.90543270111084,
    2.8754477500915527,
    2.875088691711426,
    2.9030961990356445,
    2.8566508293151855,
    2.8774356842041016,
    3.131803274154663,
    3.0667073726654053,
    2.6522436141967773,
    2.746447801589966,
    2.833047866821289,
    2.9253764152526855,
    2.8541133403778076,
    3.0559115409851074,
    3.252082586288452,
    3.21203351020813,
    3.139802932739258,
    3.1545825004577637,
    3.2561938762664795,
    3.271472215652466,
    3.2433269023895264,
    3.3451037406921387,
    3.2067878246307373,
    3.4430954456329346,
    3.522599458694458,
    3.357300043106079,
    3.260812520980835,
    3.196561336517334,
    3.1097402572631836,
    3.099095344543457,
    3.1054069995880127,
    3.1831297874450684,
    3.35912823677063,
    3.2415072917938232,
    2.96170711517334,
    3.2468929290771484,
    3.43857479095459,
    3.2342987060546875,
    3.008678436279297,
    3.0717461109161377,
    3.2893426418304443,
    3.120568037033081,
    3.054915428161621,
    3.029280424118042,
    3.2644472122192383,
    3.2666125297546387,
    2.9797489643096924,
    3.134021282196045,
    3.199427843093872,
    3.2477850914001465,
    3.3023977279663086,
    3.4530584812164307,
    3.262598752975464,
    3.171971082687378,
    3.3340485095977783,
    3.184112071990967,
    3.0348434448242188,
    3.0424695014953613,
    3.0045740604400635,
    2.9582459926605225,
    3.1690924167633057,
    3.3314225673675537,
    3.2799127101898193,
    3.2666265964508057,
    3.3967204093933105,
    3.6879591941833496,
    3.7449002265930176,
    3.917686939239502,
    3.7245075702667236,
    3.4016611576080322,
    3.097933530807495,
    2.922325611114502,
    3.159404754638672,
    3.00517201423645,
    2.8384592533111572,
    3.0021371841430664,
    3.0957202911376953,
    3.152540683746338,
    3.1889700889587402,
    3.075477361679077,
    3.2383944988250732,
    3.2383692264556885,
    3.2941415309906006,
    3.116842269897461,
    3.188215732574463,
    3.1446714401245117,
    2.7246909141540527,
    3.1648924350738525,
    3.4231035709381104,
    2.944103479385376,
    2.7365777492523193,
    2.705293893814087,
    2.8218462467193604,
    3.0973896980285645,
    3.0452916622161865,
    3.0257019996643066,
    3.156891107559204,
    3.162727117538452,
    3.327681541442871,
    3.3864331245422363,
    2.9065463542938232,
    2.514817237854004,
    2.450788736343384,
    2.5482637882232666,
    2.710958480834961,
    2.7334022521972656,
    2.673232078552246,
    2.7157740592956543,
    2.9731862545013428,
    3.1693668365478516,
    3.0612738132476807,
    3.1143765449523926,
    3.224810838699341,
    2.9540202617645264,
    3.2932047843933105,
    3.022203207015991,
    3.045936107635498,
    3.3236188888549805,
    3.1465671062469482,
    3.1714744567871094,
    3.3259782791137695,
    3.4498679637908936,
    3.373729705810547,
    3.4534528255462646,
    3.625258445739746,
    3.6427342891693115,
    3.325699806213379,
    3.367992639541626,
    3.454890727996826,
    3.3628311157226562,
    3.368351459503174,
    3.453450918197632,
    3.302835702896118,
    3.233746290206909,
    3.2817270755767822,
    3.47369122505188,
    3.328080415725708,
    3.1717987060546875,
    3.0787699222564697,
    2.858603000640869,
    3.25776743888855,
    3.128983736038208,
    3.1410818099975586,
    2.8142905235290527,
    2.833317279815674,
    2.84702730178833,
    2.859325647354126,
    2.91349720954895,
    2.9503629207611084,
    2.9286699295043945,
    3.1889190673828125,
    3.016329765319824,
    2.876877546310425,
    2.9723942279815674,
    2.980557680130005,
    3.0264952182769775,
    2.9404375553131104,
    3.067638874053955,
    3.0631508827209473,
    3.002403497695923,
    3.081798791885376,
    3.109712600708008,
    2.9151408672332764,
    2.9081835746765137,
    2.8227968215942383,
    3.1019816398620605,
    3.0494649410247803,
    2.988828182220459,
    3.2317450046539307,
    3.0774145126342773,
    2.878408432006836,
    2.90857195854187,
    3.031595468521118,
    3.119724988937378,
    3.091500997543335,
    3.237415313720703,
