{
  "git_commit": "51ff4241cfe03f30b846a86bf434127fe54c1b50",
  "git_status_short": "M p3_hat_eval.py\n M p3_hat_train.py",
  "script": "p3_hat_train.py",
  "command": "/home/lisq753/projects/HAT/HAT/p3_hat_train.py --name p410m_lora_r32 --model_name EleutherAI/pythia-410m-deduped --n_states 256 --sigma_c2c 0.01 --sigma_d2d 0.02 --max_steps 100 --analog_layers 23 --lora_rank 32 --freeze-non-target-params --output_dir /home/lisq753/projects/HAT_kv107/paper2/results/remote107",
  "mode": "train",
  "model": "EleutherAI/pythia-410m-deduped",
  "dataset_train": "wikitext-2-raw-v1 (train)",
  "dataset_eval": "wikitext-2-raw-v1 (test)",
  "train_seed": 42,
  "train_d2d_seed": 3373,
  "eval_d2d_seed": null,
  "n_states": 256,
  "sigma_c2c": 0.01,
  "sigma_d2d": 0.02,
  "retention_step_time": 0.0,
  "analog_layers": [
    23
  ],
  "ctx_len": 512,
  "stride": 256,
  "max_steps": 100,
  "batch_size": 1,
  "epochs": 1,
  "lr": 1e-05,
  "ppl_before": 23.300360140920112,
  "ppl_after": 23.136608294715668,
  "losses": [
    3.0965113639831543,
    3.319223165512085,
    3.560236692428589,
    3.716660261154175,
    3.648494005203247,
    3.496626853942871,
    3.4016966819763184,
    3.0554211139678955,
    3.219409227371216,
    3.35622501373291,
    3.3343076705932617,
    3.0563762187957764,
    3.5062129497528076,
    3.6941440105438232,
    3.483757734298706,
    3.3932924270629883,
    3.2980029582977295,
    2.922197103500366,
    2.8889236450195312,
    3.036440134048462,
    3.277448892593384,
    3.2130393981933594,
    2.9274709224700928,
    3.306826591491699,
    3.2561209201812744,
    3.144296169281006,
    3.5325775146484375,
    3.4546046257019043,
    3.0702152252197266,
    3.3670358657836914,
    3.600022077560425,
    3.421283483505249,
    3.2342123985290527,
    3.0839285850524902,
    2.9522883892059326,
    3.187973737716675,
    3.2647666931152344,
    3.3256521224975586,
    3.3409218788146973,
    3.3842594623565674,
    3.5721938610076904,
    3.4459962844848633,
    3.514465570449829,
    3.6883931159973145,
    3.7511491775512695,
    3.544945001602173,
    3.0926501750946045,
    2.384685754776001,
    2.3232386112213135,
    2.9356250762939453,
    3.2467081546783447,
    2.9544713497161865,
    2.830341100692749,
    3.269411325454712,
    3.208854913711548,
    3.1473588943481445,
    3.4022793769836426,
    3.191397190093994,
    2.8714888095855713,
    2.9278817176818848,
    2.917652130126953,
    2.871709108352661,
    2.804863214492798,
    2.7234528064727783,
    2.679518938064575,
    2.8103268146514893,
    3.0394227504730225,
    3.1503467559814453,
    3.1495723724365234,
    3.0397584438323975,
    2.9751100540161133,
    2.7271358966827393,
    2.842830181121826,
    3.1389927864074707,
    2.9235033988952637,
    2.9471054077148438,
    2.914126396179199,
    2.737682342529297,
    3.1449880599975586,
    3.480161428451538,
    3.4324326515197754,
    3.473729372024536,
    3.5266852378845215,
    3.616786003112793,
    3.250054359436035,
    3.0425243377685547,
    3.1765389442443848,
    3.4374001026153564,
    3.2158432006835938,
    2.809990406036377,
    2.6569623947143555,
    2.8334763050079346,
    3.037773847579956,
    3.1034224033355713,
    3.2137210369110107,
    3.3371195793151855,
    3.10019850730896,
    2.9127368927001953,
    3.2191967964172363,
    3.380218029022217
  ],
  "wall_clock_time": 157.11759853363037,
  "gpu_id": "3",
  "gpu_name": "NVIDIA PH402 SKU 200"
}