{
  "git_commit": "51ff4241cfe03f30b846a86bf434127fe54c1b50",
  "git_status_short": "M p3_hat_eval.py\n M p3_hat_train.py",
  "script": "p3_hat_train.py",
  "command": "p3_hat_train.py --name p410m_distill_500_full --model_name EleutherAI/pythia-410m-deduped --n_states 256 --sigma_c2c 0.01 --sigma_d2d 0.02 --max_steps 500 --analog_layers 23 --distill_alpha 0.5 --distill_temp 2.0 --output_dir /home/lisq753/projects/HAT_kv107/paper2/results/remote107",
  "mode": "train",
  "model": "EleutherAI/pythia-410m-deduped",
  "dataset_train": "wikitext-2-raw-v1 (train)",
  "dataset_eval": "wikitext-2-raw-v1 (test)",
  "train_seed": 42,
  "train_d2d_seed": 3373,
  "eval_d2d_seed": null,
  "n_states": 256,
  "sigma_c2c": 0.01,
  "sigma_d2d": 0.02,
  "retention_step_time": 0.0,
  "analog_layers": [
    23
  ],
  "ctx_len": 512,
  "stride": 256,
  "max_steps": 500,
  "batch_size": 1,
  "epochs": 1,
  "lr": 1e-05,
  "ppl_before": 23.299391239025578,
  "ppl_after": 18.1288839192242,
  "losses": [
    1.6025506258010864,
    1.6969430446624756,
    1.8158538341522217,
    1.8977773189544678,
    1.8460601568222046,
    1.8377876281738281,
    1.8390549421310425,
    1.6325535774230957,
    1.6488096714019775,
    1.7546578645706177,
    1.7220779657363892,
    1.6157712936401367,
    1.7533982992172241,
    1.9034818410873413,
    1.7651222944259644,
    1.737494945526123,
    1.6649729013442993,
    1.5108132362365723,
    1.5216537714004517,
    1.576016902923584,
    1.6688700914382935,
    1.6800593137741089,
    1.548644781112671,
    1.6861742734909058,
    1.6532981395721436,
    1.6417627334594727,
    1.830275535583496,
    1.783939242362976,
    1.5589596033096313,
    1.694661259651184,
    1.8223680257797241,
    1.7211074829101562,
    1.6234217882156372,
    1.5631630420684814,
    1.4952043294906616,
    1.6218299865722656,
    1.6228748559951782,
    1.7054919004440308,
    1.709861397743225,
    1.7248823642730713,
    1.805848240852356,
    1.7418179512023926,
    1.7667051553726196,
    1.8477052450180054,
    1.8297615051269531,
    1.762505292892456,
    1.5286186933517456,
    1.2361295223236084,
    1.1869803667068481,
    1.4889785051345825,
    1.611681342124939,
    1.517749309539795,
    1.4364055395126343,
    1.6323285102844238,
    1.6193088293075562,
    1.5898865461349487,
    1.6733531951904297,
    1.6265305280685425,
    1.442598581314087,
    1.4751293659210205,
    1.435808539390564,
    1.4496148824691772,
    1.4613537788391113,
    1.4063729047775269,
    1.3661471605300903,
    1.4217382669448853,
    1.522568941116333,
    1.6348201036453247,
    1.5888041257858276,
    1.5364221334457397,
    1.4717400074005127,
    1.357321858406067,
    1.3911868333816528,
    1.5314348936080933,
    1.4640527963638306,
    1.4859609603881836,
    1.4426908493041992,
    1.3831630945205688,
    1.5902138948440552,
    1.7997444868087769,
    1.7486217021942139,
    1.7563040256500244,
    1.7683626413345337,
    1.827588438987732,
    1.638770341873169,
    1.5192071199417114,
    1.6040549278259277,
    1.7354459762573242,
    1.5965367555618286,
    1.4035766124725342,
    1.3654277324676514,
    1.4882665872573853,
    1.5246814489364624,
    1.536565899848938,
    1.6414746046066284,
    1.7120243310928345,
    1.5470350980758667,
    1.4515926837921143,
    1.5678856372833252,
    1.7133550643920898,
    1.6765657663345337,
    1.6477463245391846,
    1.6290086507797241,
    1.6058330535888672,
    1.5671231746673584,
    1.689600944519043,
    1.4350159168243408,
    1.3648335933685303,
    1.488619327545166,
    1.6341557502746582,
    1.6589689254760742,
    1.633228063583374,
    1.6320639848709106,
    1.701825499534607,
    1.7594046592712402,
    1.6307940483093262,
    1.5828269720077515,
    1.678040862083435,
    1.456222414970398,
    1.3080172538757324,
    1.4193270206451416,
    1.4282100200653076,
    1.4729145765304565,
    1.4592236280441284,
    1.4784339666366577,
    1.5295716524124146,
    1.4328895807266235,
    1.4312915802001953,
    1.5646607875823975,
    1.5725295543670654,
    1.4410488605499268,
    1.4394439458847046,
    1.5203163623809814,
    1.5269620418548584,
    1.4663597345352173,
    1.5595952272415161,
    1.6772974729537964,
    1.6392771005630493,
    1.6136780977249146,
    1.6173210144042969,
    1.6225488185882568,
    1.6504634618759155,
    1.6457030773162842,
    1.6683458089828491,
    1.614769697189331,
    1.7644827365875244,
    1.8033742904663086,
    1.6893768310546875,
    1.654063105583191,
    1.5872235298156738,
    1.578078269958496,
    1.5702143907546997,
    1.5398738384246826,
    1.6163500547409058,
    1.7259186506271362,
    1.6453229188919067,
    1.510622501373291,
    1.6501333713531494,
    1.7228142023086548,
    1.644773244857788,
    1.5264273881912231,
    1.5463014841079712,
    1.6708276271820068,
    1.6097490787506104,
    1.5793930292129517,
    1.6032127141952515,
    1.704723596572876,
    1.7097264528274536,
    1.532246708869934,
    1.608181357383728,
    1.6541006565093994,
    1.662410020828247,
    1.6764276027679443,
    1.7563197612762451,
    1.6633503437042236,
    1.642702341079712,
    1.7156389951705933,
    1.6299266815185547,
    1.5751765966415405,
    1.5547049045562744,
    1.5612409114837646,
    1.5332918167114258,
    1.582552194595337,
    1.6844487190246582,
    1.7145498991012573,
    1.6776589155197144,
    1.7128384113311768,
    1.8765569925308228,
    1.8821852207183838,
    1.9489206075668335,
    1.857957124710083,
    1.7252289056777954,
    1.5976866483688354,
    1.5570495128631592,
    1.6618074178695679,
    1.611341953277588,
    1.4701555967330933,
    1.5868934392929077,
    1.602388620376587,
    1.6446624994277954,
    1.6440327167510986,
    1.5854235887527466,
    1.6312737464904785,
    1.6109434366226196,
    1.6677830219268799,
    1.5965100526809692,
    1.6175473928451538,
    1.6072384119033813,
    1.4345173835754395,
    1.6589043140411377,
    1.8015389442443848,
    1.5266717672348022,
    1.4147132635116577,
    1.3734853267669678,
    1.4716932773590088,
    1.6170759201049805,
    1.5712378025054932,
    1.576341152191162,
    1.6574095487594604,
    1.6261935234069824,
    1.7316683530807495,
    1.777432918548584,
    1.5310726165771484,
    1.3840341567993164,
    1.3757343292236328,
    1.4213526248931885,
    1.4481312036514282,
    1.4478563070297241,
    1.3957877159118652,
    1.4120970964431763,
    1.5463802814483643,
    1.5909497737884521,
    1.5641069412231445,
    1.6153360605239868,
    1.6736351251602173,
    1.5596998929977417,
    1.6785361766815186,
    1.54334557056427,
    1.573126196861267,
    1.7031192779541016,
    1.605872631072998,
    1.615745186805725,
    1.6921627521514893,
    1.7313332557678223,
    1.6985522508621216,
    1.7449785470962524,
    1.8508310317993164,
    1.9010566473007202,
    1.706373929977417,
    1.720413327217102,
    1.746597170829773,
    1.722019910812378,
    1.723750114440918,
    1.7642030715942383,
    1.6996049880981445,
    1.6619545221328735,
    1.6876091957092285,
    1.7812405824661255,
    1.725170373916626,
    1.6784992218017578,
    1.6055041551589966,
    1.5003299713134766,
    1.6567751169204712,
    1.6216522455215454,
    1.6501431465148926,
    1.4963172674179077,
    1.4928970336914062,
    1.4911020994186401,
    1.4653379917144775,
    1.4867925643920898,
    1.5348210334777832,
    1.530189037322998,
    1.6240017414093018,
    1.5453433990478516,
    1.4797759056091309,
    1.5472385883331299,
    1.5339349508285522,
    1.5591922998428345,
    1.5245890617370605,
    1.574890375137329,
    1.5519061088562012,
    1.517026424407959,
    1.5624196529388428,
    1.5778590440750122,
    1.5019645690917969,
    1.5233608484268188,
    1.4746249914169312,
    1.5808058977127075,
    1.5689035654067993,
    1.5396573543548584,
    1.6147348880767822,
    1.5756105184555054,
    1.4807381629943848,
    1.5167360305786133,
