{
  "git_commit": "51ff4241cfe03f30b846a86bf434127fe54c1b50",
  "git_status_short": "M p3_hat_eval.py\n M p3_hat_train.py",
  "script": "p3_hat_train.py",
  "command": "p3_hat_train.py --name p410m_last1_retention --model_name EleutherAI/pythia-410m-deduped --n_states 256 --sigma_c2c 0.01 --sigma_d2d 0.02 --max_steps 500 --analog_layers 23 --retention_step_time 0.01 --output_dir /home/lisq753/projects/HAT_kv107/paper2/results/remote107",
  "mode": "train",
  "model": "EleutherAI/pythia-410m-deduped",
  "dataset_train": "wikitext-2-raw-v1 (train)",
  "dataset_eval": "wikitext-2-raw-v1 (test)",
  "train_seed": 42,
  "train_d2d_seed": 3373,
  "eval_d2d_seed": null,
  "n_states": 256,
  "sigma_c2c": 0.01,
  "sigma_d2d": 0.02,
  "retention_step_time": 0.01,
  "analog_layers": [
    23
  ],
  "ctx_len": 512,
  "stride": 256,
  "max_steps": 500,
  "batch_size": 1,
  "epochs": 1,
  "lr": 1e-05,
  "ppl_before": 22.715975516761482,
  "ppl_after": 18.513532731661297,
  "losses": [
    3.0584187507629395,
    3.282015562057495,
    3.520827293395996,
    3.6973257064819336,
    3.419792413711548,
    3.449204206466675,
    3.3306243419647217,
    2.963667154312134,
    3.0143399238586426,
    3.246363401412964,
    3.2411985397338867,
    2.9316818714141846,
    3.3603174686431885,
    3.602699041366577,
    3.2595880031585693,
    3.2792739868164062,
    3.066800594329834,
    2.8233330249786377,
    2.8293046951293945,
    2.9242875576019287,
    3.1714413166046143,
    3.212010145187378,
    2.9032018184661865,
    3.1878950595855713,
    3.0610861778259277,
    3.0822129249572754,
    3.4607205390930176,
    3.4040637016296387,
    2.927400588989258,
    3.1940643787384033,
    3.400974750518799,
    3.2480344772338867,
    3.0129358768463135,
    2.921373128890991,
    2.7869091033935547,
    3.0040462017059326,
    3.03875470161438,
    3.209362745285034,
    3.193281650543213,
    3.241245985031128,
    3.403215169906616,
    3.2825193405151367,
    3.265124797821045,
    3.4182662963867188,
    3.4281506538391113,
    3.2696645259857178,
    2.815239429473877,
    2.2738101482391357,
    2.202547311782837,
    2.7324986457824707,
    2.9843368530273438,
    2.8050267696380615,
    2.6248397827148438,
    2.9762330055236816,
    2.960263729095459,
    2.9416849613189697,
    3.1124632358551025,
    2.9757795333862305,
    2.683863639831543,
    2.7180185317993164,
    2.6680147647857666,
    2.665893077850342,
    2.64147686958313,
    2.5929195880889893,
    2.5021700859069824,
    2.584419012069702,
    2.80454421043396,
    3.1143641471862793,
    2.9561409950256348,
    2.8417112827301025,
    2.6786770820617676,
    2.422316312789917,
    2.482607126235962,
    2.759326696395874,
    2.6920549869537354,
    2.6696836948394775,
    2.5318663120269775,
    2.5037124156951904,
    2.980841875076294,
    3.413684606552124,
    3.305285930633545,
    3.2863614559173584,
    3.337388515472412,
    3.468029737472534,
    3.047311305999756,
    2.7838921546936035,
    2.9165921211242676,
    3.185335874557495,
    2.929328680038452,
    2.488912582397461,
    2.315659523010254,
    2.597471237182617,
    2.802584409713745,
    2.794867515563965,
    3.0389883518218994,
    3.22625994682312,
    2.8782849311828613,
    2.5928235054016113,
    2.8669016361236572,
    3.2044119834899902,
    3.1703662872314453,
    3.082359552383423,
    2.9824318885803223,
    2.895306348800659,
    2.900743007659912,
    3.1322824954986572,
    2.5452170372009277,
    2.4605929851531982,
    2.7587764263153076,
    2.9855918884277344,
    3.058151960372925,
    2.984710693359375,
    2.982733964920044,
    3.1651298999786377,
    3.192112922668457,
    2.9775002002716064,
    2.940863847732544,
    3.122253179550171,
    2.6420199871063232,
    2.385688543319702,
    2.612412452697754,
    2.6494717597961426,
    2.728680372238159,
    2.623231887817383,
    2.61539888381958,
    2.756683349609375,
    2.6739776134490967,
    2.677748441696167,
    2.9011611938476562,
    2.8587417602539062,
    2.4501941204071045,
    2.508850574493408,
    2.654731035232544,
    2.8404953479766846,
    2.728074550628662,
    2.883786916732788,
    3.1051645278930664,
    3.066486120223999,
    3.056919813156128,
    3.0543360710144043,
    3.0887703895568848,
    3.086428165435791,
    3.081695318222046,
    3.1787538528442383,
    3.0438592433929443,
    3.2601141929626465,
    3.3933265209198,
    3.235635995864868,
    3.166940927505493,
    3.0323784351348877,
    2.9891111850738525,
    2.9688880443573,
    2.894857168197632,
    3.044694423675537,
    3.2382099628448486,
    3.093964099884033,
    2.8062474727630615,
    3.1503608226776123,
    3.270112991333008,
    3.0146267414093018,
    2.813908576965332,
    2.898782730102539,
    3.1330792903900146,
    2.9914097785949707,
    2.9193413257598877,
    2.9291040897369385,
    3.1165313720703125,
    3.0721890926361084,
    2.8403313159942627,
    3.0132896900177,
    3.0957179069519043,
    3.108797788619995,
    3.120817184448242,
    3.2990946769714355,
    3.080772638320923,
    3.0120537281036377,
    3.1929025650024414,
    3.025908946990967,
    2.8722383975982666,
    2.8398799896240234,
    2.8050975799560547,
    2.786442279815674,
    2.9932217597961426,
    3.1771490573883057,
    3.1867451667785645,
    3.13291335105896,
    3.263214349746704,
    3.562089443206787,
    3.6080987453460693,
    3.728254795074463,
    3.519882917404175,
    3.263596534729004,
    2.875642776489258,
    2.7435505390167236,
    3.007188558578491,
    2.913987874984741,
    2.6938278675079346,
    2.8598337173461914,
    2.9103219509124756,
    3.0025980472564697,
    3.079735517501831,
    2.9279439449310303,
    3.0678324699401855,
    3.035994052886963,
    3.1224253177642822,
    2.9776878356933594,
    3.0443718433380127,
    3.0335235595703125,
    2.5877320766448975,
    3.017491579055786,
    3.3138058185577393,
    2.817450523376465,
    2.606189012527466,
    2.500152826309204,
    2.686777114868164,
    2.9582746028900146,
    2.854919910430908,
    2.90478515625,
    3.0727670192718506,
    3.046891212463379,
    3.2311415672302246,
    3.2460715770721436,
    2.7776670455932617,
    2.3634462356567383,
    2.2236757278442383,
    2.3416144847869873,
    2.5832273960113525,
    2.6042532920837402,
    2.5409791469573975,
    2.5736258029937744,
    2.8357999324798584,
    2.9491665363311768,
    2.8353030681610107,
    2.9684700965881348,
    3.1051695346832275,
    2.8505971431732178,
    3.1547999382019043,
    2.8734073638916016,
    2.914266586303711,
    3.1994667053222656,
    2.972034215927124,
    2.990842819213867,
    3.1811697483062744,
    3.295361042022705,
    3.2288687229156494,
    3.2977404594421387,
    3.4792590141296387,
    3.559152841567993,
    3.1649653911590576,
    3.2737553119659424,
    3.296477794647217,
    3.2387914657592773,
    3.2421817779541016,
    3.322415351867676,
    3.167161226272583,
    3.1328678131103516,
    3.150646448135376,
    3.3440866470336914,
    3.173666477203369,
    3.0768532752990723,
    2.939950466156006,
    2.6963813304901123,
    3.1286277770996094,
    2.999011993408203,
    2.9925622940063477,
    2.748188018798828,
    2.7248430252075195,
    2.665905714035034,
    2.7029147148132324,
    2.7569072246551514,
    2.847060441970825,
    2.7652955055236816,
    3.0065691471099854,
    2.8150599002838135,
    2.6999902725219727,
    2.777604579925537,
    2.8142290115356445,
    2.8930890560150146,
    2.8212971687316895,
    2.9288156032562256,
    2.911897659301758,
    2.8471884727478027,
    2.9465129375457764,
    2.928065776824951,
    2.757145643234253,
    2.8374075889587402,
    2.702638626098633,
    2.9276926517486572,
    2.8584446907043457,
    2.848757743835449,
    3.040910243988037,
    2.946840524673462,
    2.7150957584381104,
    2.7773959636688232,
    2.8796868324279785,
    2.978973388671875,
    3.0144824981689453,
    3.1452159881591797,
