{
  "git_commit": "51ff4241cfe03f30b846a86bf434127fe54c1b50",
  "git_status_short": "M p3_hat_eval.py\n M p3_hat_train.py",
  "script": "p3_hat_train.py",
  "command": "p3_hat_train.py --name p410m_fixed500_fullmodel --model_name EleutherAI/pythia-410m-deduped --n_states 256 --sigma_c2c 0.01 --sigma_d2d 0.02 --max_steps 500 --analog_layers 23 --output_dir /home/lisq753/projects/HAT_kv107/paper2/results/remote107",
  "mode": "train",
  "model": "EleutherAI/pythia-410m-deduped",
  "dataset_train": "wikitext-2-raw-v1 (train)",
  "dataset_eval": "wikitext-2-raw-v1 (test)",
  "train_seed": 42,
  "train_d2d_seed": 3373,
  "eval_d2d_seed": null,
  "n_states": 256,
  "sigma_c2c": 0.01,
  "sigma_d2d": 0.02,
  "retention_step_time": 0.0,
  "analog_layers": [
    23
  ],
  "ctx_len": 512,
  "stride": 256,
  "max_steps": 500,
  "batch_size": 1,
  "epochs": 1,
  "lr": 1e-05,
  "ppl_before": 23.299391239025578,
  "ppl_after": 18.337179440315026,
  "losses": [
    3.0676705837249756,
    3.2934112548828125,
    3.5361390113830566,
    3.71211576461792,
    3.463935613632202,
    3.456010103225708,
    3.338466167449951,
    2.974602460861206,
    3.020132064819336,
    3.233186721801758,
    3.212707996368408,
    2.903441905975342,
    3.2091610431671143,
    3.5421741008758545,
    3.2141683101654053,
    3.2509872913360596,
    3.091197967529297,
    2.842564105987549,
    2.8668410778045654,
    2.952401638031006,
    3.187812328338623,
    3.2310853004455566,
    2.9291067123413086,
    3.174406051635742,
    3.0963733196258545,
    3.1516313552856445,
    3.5445716381073,
    3.4231231212615967,
    2.953911066055298,
    3.245116710662842,
    3.4642741680145264,
    3.2630293369293213,
    3.0280916690826416,
    2.924994707107544,
    2.7950592041015625,
    3.02303147315979,
    3.061558485031128,
    3.2095720767974854,
    3.2018160820007324,
    3.258380174636841,
    3.4269776344299316,
    3.2884654998779297,
    3.3046927452087402,
    3.496100425720215,
    3.4663584232330322,
    3.294318675994873,
    2.8516194820404053,
    2.2900002002716064,
    2.193040132522583,
    2.7280995845794678,
    3.0122361183166504,
    2.81193470954895,
    2.637627124786377,
    3.0163426399230957,
    3.0047242641448975,
    2.9592463970184326,
    3.1374449729919434,
    3.008620500564575,
    2.685032367706299,
    2.7329635620117188,
    2.69020938873291,
    2.678959608078003,
    2.685894727706909,
    2.6544482707977295,
    2.657698631286621,
    2.6670894622802734,
    2.88564395904541,
    3.1893115043640137,
    3.009493827819824,
    2.932717800140381,
    2.769585609436035,
    2.488359212875366,
    2.5267601013183594,
    2.810305118560791,
    2.740022659301758,
    2.7503650188446045,
    2.6091041564941406,
    2.4973695278167725,
    3.0096964836120605,
    3.4322423934936523,
    3.3049447536468506,
    3.325469493865967,
    3.3625669479370117,
    3.5104236602783203,
    3.081508159637451,
    2.8458433151245117,
    2.979965925216675,
    3.209503173828125,
    2.9309844970703125,
    2.541796922683716,
    2.351071357727051,
    2.6575074195861816,
    2.847660779953003,
    2.8621082305908203,
    3.103325366973877,
    3.2597453594207764,
    2.872812271118164,
    2.599337339401245,
    2.8446168899536133,
    3.2300941944122314,
    3.1820435523986816,
    3.096334934234619,
    3.002990961074829,
    2.928161382675171,
    2.903374195098877,
    3.1353490352630615,
    2.5528006553649902,
    2.4714150428771973,
    2.7840726375579834,
    3.019836664199829,
    3.1018693447113037,
    3.034292459487915,
    3.00622296333313,
    3.1787047386169434,
    3.2364165782928467,
    3.004094123840332,
    2.9735465049743652,
    3.179091215133667,
    2.6928186416625977,
    2.4400556087493896,
    2.6218135356903076,
    2.6686289310455322,
    2.7352988719940186,
    2.666386842727661,
    2.6776962280273438,
    2.784559488296509,
    2.705730676651001,
    2.7037758827209473,
    2.954425573348999,
    2.917029619216919,
    2.4711215496063232,
    2.5181057453155518,
    2.6702306270599365,
    2.8611900806427,
    2.763000011444092,
    2.8917627334594727,
    3.1289308071136475,
    3.076679229736328,
    3.0608110427856445,
    3.066586971282959,
    3.0911290645599365,
    3.105722665786743,
    3.096113681793213,
    3.1823575496673584,
    3.036102294921875,
    3.311052083969116,
    3.4305272102355957,
    3.2278411388397217,
    3.1921701431274414,
    3.0619475841522217,
    3.0099005699157715,
    2.9960036277770996,
    2.9162535667419434,
    3.0452029705047607,
    3.2717888355255127,
    3.111004590988159,
    2.8500514030456543,
    3.1461310386657715,
    3.289968967437744,
    3.035034656524658,
    2.8276748657226562,
    2.8953771591186523,
    3.158388614654541,
    2.9966235160827637,
    2.934617042541504,
    2.9552383422851562,
    3.1437182426452637,
    3.110661506652832,
    2.822120428085327,
    3.0301132202148438,
    3.0908243656158447,
    3.116584062576294,
    3.1603779792785645,
    3.3282933235168457,
    3.094872236251831,
    3.03665828704834,
    3.1898677349090576,
    3.0683236122131348,
    2.9017393589019775,
    2.8444252014160156,
    2.8180031776428223,
    2.8187096118927,
    2.985187292098999,
    3.2273221015930176,
    3.199087381362915,
    3.1630256175994873,
    3.281737804412842,
    3.573639154434204,
    3.5831382274627686,
    3.7378642559051514,
    3.51810884475708,
    3.2777886390686035,
    2.8947293758392334,
    2.772575616836548,
    3.045745611190796,
    2.9224655628204346,
    2.692736864089966,
    2.9119467735290527,
    2.956766366958618,
    3.038207530975342,
    3.085200309753418,
    2.954030752182007,
    3.071392059326172,
    3.0544564723968506,
    3.117400646209717,
    2.991727828979492,
    3.0295727252960205,
    3.0500271320343018,
    2.6087865829467773,
    3.025378704071045,
    3.3475887775421143,
    2.824355363845825,
    2.6164350509643555,
    2.5109333992004395,
    2.7061588764190674,
    2.983844041824341,
    2.874065637588501,
    2.8897931575775146,
    3.0920896530151367,
    3.0375914573669434,
    3.212172031402588,
    3.290022611618042,
    2.7844085693359375,
    2.4025442600250244,
    2.270362615585327,
    2.361356258392334,
    2.6033830642700195,
    2.6059675216674805,
    2.5687878131866455,
    2.5992655754089355,
    2.813368320465088,
    2.9714908599853516,
    2.909923791885376,
    2.961923599243164,
    3.1231820583343506,
    2.849608898162842,
    3.1407530307769775,
    2.875502824783325,
    2.898005485534668,
    3.217900514602661,
    3.0123472213745117,
    3.017868757247925,
    3.1882214546203613,
    3.2891929149627686,
    3.2174570560455322,
    3.301574468612671,
    3.499221086502075,
    3.5701615810394287,
    3.171776294708252,
    3.278614044189453,
    3.3180482387542725,
    3.2469987869262695,
    3.2620294094085693,
    3.325648546218872,
    3.1940643787384033,
    3.115460157394409,
    3.156294345855713,
    3.314222812652588,
    3.1902177333831787,
    3.0668256282806396,
    2.9549601078033447,
    2.7080740928649902,
    3.126300573348999,
    2.9925055503845215,
    3.0608372688293457,
    2.7704858779907227,
    2.7152671813964844,
    2.6945226192474365,
    2.7334325313568115,
    2.7557120323181152,
    2.85774302482605,
    2.8098363876342773,
    3.0248584747314453,
    2.830883741378784,
    2.726311683654785,
    2.777121067047119,
    2.8393404483795166,
    2.9058611392974854,
    2.8255703449249268,
    2.920407772064209,
    2.905754327774048,
    2.8566346168518066,
    2.9517643451690674,
    2.9388656616210938,
    2.8019344806671143,
    2.833595037460327,
    2.707415819168091,
    2.9295654296875,
    2.8831779956817627,
    2.8806045055389404,
    3.0609548091888428,
    2.959869861602783,
    2.7416555881500244,
    2.78659725189209,
    2.88344144821167,
    3.008669376373291,
    3.0165202617645264,
    3.1347765922546387,
    3.2525851726531982,
