{
  "git_commit": "51ff4241cfe03f30b846a86bf434127fe54c1b50",
  "git_status_short": "M p3_hat_eval.py\n M p3_hat_train.py",
  "script": "p3_hat_train.py",
  "command": "p3_hat_train.py --name p410m_multi_u500 --model_name EleutherAI/pythia-410m-deduped --n_states 256 --sigma_c2c 0.01 --sigma_d2d 0.02 --max_steps 500 --analog_layers 23 --d2d_schedule uniform --output_dir /home/lisq753/projects/HAT_kv107/paper2/results/remote107",
  "mode": "train",
  "model": "EleutherAI/pythia-410m-deduped",
  "dataset_train": "wikitext-2-raw-v1 (train)",
  "dataset_eval": "wikitext-2-raw-v1 (test)",
  "train_seed": 42,
  "train_d2d_seed": 3373,
  "eval_d2d_seed": null,
  "n_states": 256,
  "sigma_c2c": 0.01,
  "sigma_d2d": 0.02,
  "retention_step_time": 0.0,
  "analog_layers": [
    23
  ],
  "ctx_len": 512,
  "stride": 256,
  "max_steps": 500,
  "batch_size": 1,
  "epochs": 1,
  "lr": 1e-05,
  "ppl_before": 23.299391239025578,
  "ppl_after": 21.11770150242696,
  "losses": [
    3.1046316623687744,
    3.2808046340942383,
    3.5379788875579834,
    3.71327805519104,
    3.5987091064453125,
    3.491715908050537,
    3.404501438140869,
    3.0472095012664795,
    3.209456443786621,
    3.337489366531372,
    3.3445839881896973,
    3.039517641067505,
    3.5061728954315186,
    3.717153787612915,
    3.47868013381958,
    3.3835389614105225,
    3.3147788047790527,
    2.8896188735961914,
    2.8775250911712646,
    3.052492618560791,
    3.2744269371032715,
    3.1900413036346436,
    2.901582717895508,
    3.2596731185913086,
    3.234083652496338,
    3.125678300857544,
    3.503749370574951,
    3.414386034011841,
    3.0478360652923584,
    3.329137086868286,
    3.578123092651367,
    3.4079501628875732,
    3.2128474712371826,
    3.047917127609253,
    2.904439687728882,
    3.156747817993164,
    3.218906879425049,
    3.300271511077881,
    3.3256447315216064,
    3.380755662918091,
    3.5625052452087402,
    3.425647258758545,
    3.490487813949585,
    3.629486560821533,
    3.724669933319092,
    3.525010585784912,
    3.05412220954895,
    2.3773200511932373,
    2.2910261154174805,
    2.8894848823547363,
    3.1989331245422363,
    2.9377334117889404,
    2.809330701828003,
    3.214414596557617,
    3.160654067993164,
    3.08748722076416,
    3.3635711669921875,
    3.1735634803771973,
    2.8623387813568115,
    2.8630194664001465,
    2.8951375484466553,
    2.8336715698242188,
    2.801229476928711,
    2.6970455646514893,
    2.6337532997131348,
    2.7455039024353027,
    3.0166592597961426,
    3.125957489013672,
    3.1251821517944336,
    3.0220892429351807,
    2.968921661376953,
    2.6769256591796875,
    2.798352003097534,
    3.0664191246032715,
    2.846651077270508,
    2.891634225845337,
    2.9089865684509277,
    2.7351536750793457,
    3.074847936630249,
    3.475522756576538,
    3.402071952819824,
    3.4551467895507812,
    3.528911828994751,
    3.5768845081329346,
    3.2249276638031006,
    2.9980309009552,
    3.142364740371704,
    3.40480899810791,
    3.189263105392456,
    2.7936222553253174,
    2.592097282409668,
    2.8057610988616943,
    3.0009679794311523,
    3.0620439052581787,
    3.1639301776885986,
    3.2630255222320557,
    3.064338445663452,
    2.8209917545318604,
    3.1513915061950684,
    3.328845262527466,
    3.2272093296051025,
    3.248941421508789,
    3.1403732299804688,
    3.1115808486938477,
    3.141897201538086,
    3.3185908794403076,
    2.802917242050171,
    2.6504628658294678,
    2.8724167346954346,
    3.2077107429504395,
    3.226219654083252,
    3.1516494750976562,
    3.2768993377685547,
    3.4084436893463135,
    3.5342893600463867,
    3.2351112365722656,
    3.1054887771606445,
    3.318819761276245,
    2.8695857524871826,
    2.588890790939331,
    2.7762227058410645,
    2.8337371349334717,
    2.856534242630005,
    2.7377007007598877,
    2.9049315452575684,
    3.017289638519287,
    2.8405158519744873,
    2.785412311553955,
    3.0313560962677,
    3.103916645050049,
    2.816648006439209,
    2.825507879257202,
    2.8841300010681152,
    3.013331890106201,
    2.7998123168945312,
    3.01863694190979,
    3.412588357925415,
    3.2501754760742188,
    3.1404995918273926,
    3.1297075748443604,
    3.1364171504974365,
    3.2625436782836914,
    3.268049955368042,
    3.3118412494659424,
    3.246795177459717,
    3.460195541381836,
    3.5666329860687256,
    3.3428640365600586,
    3.2098076343536377,
    3.149716377258301,
    3.1614363193511963,
    3.127678394317627,
    3.0283358097076416,
    3.2316737174987793,
    3.344210624694824,
    3.238563060760498,
    3.012118101119995,
    3.3173623085021973,
    3.3562116622924805,
    3.2525417804718018,
    3.092172622680664,
    3.0336639881134033,
    3.3062851428985596,
    3.224426507949829,
    3.160790205001831,
    3.156574010848999,
    3.444636821746826,
    3.3773679733276367,
    3.166788101196289,
    3.283985137939453,
    3.3223187923431396,
    3.276179075241089,
    3.3617467880249023,
    3.5165064334869385,
    3.434035539627075,
    3.359128475189209,
    3.438673496246338,
    3.2024829387664795,
    3.0741629600524902,
    2.997880220413208,
    2.9968178272247314,
    2.9957528114318848,
    3.0887017250061035,
    3.216838836669922,
    3.3845138549804688,
    3.2040457725524902,
    3.245473623275757,
    3.6353304386138916,
    3.7692699432373047,
    3.8814990520477295,
    3.6288068294525146,
    3.4251785278320312,
    3.252657651901245,
    3.092604875564575,
    3.2702736854553223,
    3.1570208072662354,
    2.9441404342651367,
    3.1400344371795654,
    3.1766741275787354,
    3.218416929244995,
    3.281245231628418,
    3.1716723442077637,
    3.2647998332977295,
    3.168238639831543,
    3.31040358543396,
    3.171635866165161,
    3.2171854972839355,
    3.197038173675537,
    2.9627881050109863,
    3.4216079711914062,
    3.654571533203125,
    3.1170337200164795,
    2.8318989276885986,
    2.6803197860717773,
    2.8772199153900146,
    3.279386281967163,
    3.2810468673706055,
    3.124617099761963,
    3.331470251083374,
    3.265443801879883,
    3.5017292499542236,
    3.573760986328125,
    3.0069849491119385,
    2.7130658626556396,
    2.8099565505981445,
    2.9211935997009277,
    2.838250160217285,
    2.8308184146881104,
    2.7170114517211914,
    2.7178502082824707,
    3.037752866744995,
    3.143308639526367,
    3.136645555496216,
    3.232961654663086,
    3.3468871116638184,
    3.177079439163208,
    3.280461549758911,
    3.018683671951294,
    3.114996910095215,
    3.316814422607422,
    3.142434597015381,
    3.0972237586975098,
    3.3165504932403564,
    3.322498083114624,
    3.2955477237701416,
    3.4079699516296387,
    3.6815054416656494,
    3.778984308242798,
    3.393322467803955,
    3.4496572017669678,
    3.37888240814209,
    3.3700082302093506,
    3.3759117126464844,
    3.495041847229004,
    3.3779773712158203,
    3.2768595218658447,
    3.407602071762085,
    3.5971744060516357,
    3.4618358612060547,
    3.4215264320373535,
    3.228309154510498,
    2.9454362392425537,
    3.269857883453369,
    3.1996588706970215,
    3.312689781188965,
    2.976144313812256,
    2.9675889015197754,
    2.902707815170288,
    2.9981932640075684,
    2.923048734664917,
    3.0155844688415527,
    2.953934669494629,
    3.129603624343872,
    2.994489908218384,
    2.8335349559783936,
    2.898906707763672,
    3.039396047592163,
    3.0454261302948,
    2.920236587524414,
    3.049677848815918,
    3.105686902999878,
    2.9195432662963867,
    2.958889961242676,
    3.052882432937622,
    2.92195725440979,
    2.9499247074127197,
    2.8320627212524414,
    3.0919177532196045,
    3.0329771041870117,
    2.9402647018432617,
    3.063077211380005,
    3.0556282997131348,
    2.848567485809326,
    2.9060912132263184,
    3.0634710788726807,
    3.123964309692383,
    3.132281541824341,
    3.3287353515625,
    3.3884165287017822,
