{
  "git_commit": "51ff4241cfe03f30b846a86bf434127fe54c1b50",
  "git_status_short": "M p3_hat_eval.py\n M p3_hat_train.py",
  "script": "p3_hat_train.py",
  "command": "/home/lisq753/projects/HAT/HAT/p3_hat_train.py --name p410m_distill_u100 --model_name EleutherAI/pythia-410m-deduped --n_states 256 --sigma_c2c 0.01 --sigma_d2d 0.02 --max_steps 100 --analog_layers 23 --distill_alpha 0.5 --distill_temp 2.0 --output_dir /home/lisq753/projects/HAT_kv107/paper2/results/remote107",
  "mode": "train",
  "model": "EleutherAI/pythia-410m-deduped",
  "dataset_train": "wikitext-2-raw-v1 (train)",
  "dataset_eval": "wikitext-2-raw-v1 (test)",
  "train_seed": 42,
  "train_d2d_seed": 3373,
  "eval_d2d_seed": null,
  "n_states": 256,
  "sigma_c2c": 0.01,
  "sigma_d2d": 0.02,
  "retention_step_time": 0.0,
  "analog_layers": [
    23
  ],
  "ctx_len": 512,
  "stride": 256,
  "max_steps": 100,
  "batch_size": 1,
  "epochs": 1,
  "lr": 1e-05,
  "ppl_before": 23.299391239025578,
  "ppl_after": 22.31852453495556,
  "losses": [
    1.6025506258010864,
    1.6969430446624756,
    1.8158538341522217,
    1.8977773189544678,
    1.875623345375061,
    1.7910979986190796,
    1.7634119987487793,
    1.5879802703857422,
    1.6585568189620972,
    1.738961935043335,
    1.6992415189743042,
    1.5723973512649536,
    1.7978631258010864,
    1.8951950073242188,
    1.7897708415985107,
    1.7404793500900269,
    1.6886112689971924,
    1.501118779182434,
    1.5100919008255005,
    1.5669047832489014,
    1.6836384534835815,
    1.6496288776397705,
    1.5224236249923706,
    1.6783795356750488,
    1.6647108793258667,
    1.6281144618988037,
    1.8031808137893677,
    1.758622646331787,
    1.5907583236694336,
    1.7212233543395996,
    1.8511067628860474,
    1.7472069263458252,
    1.6350747346878052,
    1.5781991481781006,
    1.5148671865463257,
    1.6524567604064941,
    1.6660586595535278,
    1.6981300115585327,
    1.6991904973983765,
    1.7247281074523926,
    1.8343441486358643,
    1.76580011844635,
    1.8000268936157227,
    1.8683186769485474,
    1.9049516916275024,
    1.7983171939849854,
    1.577379584312439,
    1.231827974319458,
    1.1974986791610718,
    1.512892246246338,
    1.6560014486312866,
    1.5145734548568726,
    1.4628463983535767,
    1.7014943361282349,
    1.651063323020935,
    1.6068015098571777,
    1.7279372215270996,
    1.6407195329666138,
    1.4794209003448486,
    1.5098463296890259,
    1.4918620586395264,
    1.4611378908157349,
    1.4622946977615356,
    1.4110244512557983,
    1.3911422491073608,
    1.4489933252334595,
    1.5511614084243774,
    1.6260123252868652,
    1.5954383611679077,
    1.5604267120361328,
    1.5225448608398438,
    1.3978819847106934,
    1.454612135887146,
    1.5875786542892456,
    1.4733432531356812,
    1.4995760917663574,
    1.4960037469863892,
    1.4080716371536255,
    1.5961929559707642,
    1.7769341468811035,
    1.7554295063018799,
    1.7638884782791138,
    1.7882260084152222,
    1.8462779521942139,
    1.6525647640228271,
    1.5447884798049927,
    1.6246089935302734,
    1.7545862197875977,
    1.6335850954055786,
    1.4334840774536133,
    1.383062481880188,
    1.4678758382797241,
    1.558694839477539,
    1.5923056602478027,
    1.664657711982727,
    1.7145593166351318,
    1.5757544040679932,
    1.4704482555389404,
    1.616612434387207,
    1.7272790670394897
  ],
  "wall_clock_time": 192.36764526367188,
  "gpu_id": "1",
  "gpu_name": "NVIDIA PH402 SKU 200"
}