{
  "git_commit": "1fc485a0aa31a98c01df6b55838633ff388a4eaf",
  "git_status_short": "?? coordination/HAT_THEORETICAL_FRAMEWORK.md\n?? run_vlm_5k_eval.sh",
  "script": "p3_hat_train.py",
  "command": "/home/lisq753/projects/HAT/HAT/p3_hat_train.py --name p410m_adaptive_reverse_v1_nofreeze --model_name EleutherAI/pythia-410m-deduped --n_states 256 --sigma_c2c 0.01 --sigma_d2d 0.02 --max_steps 500 --analog_layers 23 --noise_schedule reverse_layer_wise --output_dir /home/lisq753/projects/HAT_kv107/paper2/results/remote107",
  "mode": "train",
  "model": "EleutherAI/pythia-410m-deduped",
  "dataset_train": "wikitext-2-raw-v1 (train)",
  "dataset_eval": "wikitext-2-raw-v1 (test)",
  "train_seed": 42,
  "train_d2d_seed": 3373,
  "eval_d2d_seed": null,
  "n_states": 256,
  "sigma_c2c": 0.01,
  "sigma_d2d": 0.02,
  "retention_step_time": 0.0,
  "analog_layers": [
    23
  ],
  "ctx_len": 512,
  "stride": 256,
  "max_steps": 500,
  "batch_size": 1,
  "epochs": 1,
  "lr": 1e-05,
  "ppl_before": 23.227458091597544,
  "ppl_after": 18.748053076418945,
  "losses": [
    3.068880796432495,
    3.2848708629608154,
    3.531987190246582,
    3.7175891399383545,
    3.4664573669433594,
    3.470214366912842,
    3.3625569343566895,
    2.9766807556152344,
    3.021230459213257,
    3.247807264328003,
    3.247192144393921,
    2.9067907333374023,
    3.2305352687835693,
    3.5180463790893555,
    3.2137839794158936,
    3.241590976715088,
    3.1056337356567383,
    2.8460967540740967,
    2.857168197631836,
    2.9664981365203857,
    3.184995174407959,
    3.228522777557373,
    2.9344429969787598,
    3.1972076892852783,
    3.0774972438812256,
    3.1047372817993164,
    3.5197131633758545,
    3.403510808944702,
    2.9467930793762207,
    3.208981513977051,
    3.457242250442505,
    3.2698240280151367,
    3.0446693897247314,
    2.9415805339813232,
    2.8041839599609375,
    3.035996913909912,
    3.0851287841796875,
    3.217190980911255,
    3.20725417137146,
    3.2798783779144287,
    3.4389047622680664,
    3.293895959854126,
    3.3253333568573,
    3.4702906608581543,
    3.4432735443115234,
    3.259350538253784,
    2.838994026184082,
    2.2823047637939453,
    2.202686071395874,
    2.7203121185302734,
    2.9703006744384766,
    2.7920961380004883,
    2.637342691421509,
    3.005573034286499,
    2.967674493789673,
    2.950546979904175,
    3.142915964126587,
    3.033886432647705,
    2.6915476322174072,
    2.7204430103302,
    2.70046067237854,
    2.6965596675872803,
    2.692169189453125,
    2.649167537689209,
    2.556554079055786,
    2.586186408996582,
    2.8096938133239746,
    3.147190809249878,
    3.0038115978240967,
    2.840223550796509,
    2.718766450881958,
    2.4309444427490234,
    2.5100350379943848,
    2.7963626384735107,
    2.7520434856414795,
    2.7221031188964844,
    2.5852973461151123,
    2.480036497116089,
    2.9866600036621094,
    3.4434547424316406,
    3.308110237121582,
    3.3255817890167236,
    3.391566753387451,
    3.5207536220550537,
    3.092991590499878,
    2.820566177368164,
    2.960563898086548,
    3.235679864883423,
    2.9451146125793457,
    2.5369927883148193,
    2.3369855880737305,
    2.6395328044891357,
    2.8106136322021484,
    2.845802068710327,
    3.0580527782440186,
    3.245382070541382,
    2.8944525718688965,
    2.596031904220581,
    2.8632023334503174,
    3.2348365783691406,
    3.1830759048461914,
    3.085493803024292,
    2.9900102615356445,
    2.921308994293213,
    2.917618751525879,
    3.13339900970459,
    2.522617816925049,
    2.465468168258667,
    2.7543704509735107,
    3.0181095600128174,
    3.084017276763916,
    3.0117061138153076,
    3.0115325450897217,
    3.204359769821167,
    3.231099843978882,
    2.9953842163085938,
    2.961219549179077,
    3.1486668586730957,
    2.659618377685547,
    2.3962857723236084,
    2.6273999214172363,
    2.6595263481140137,
    2.7404181957244873,
    2.635700225830078,
    2.623257637023926,
    2.789775848388672,
    2.7281405925750732,
    2.73061203956604,
    2.948387861251831,
    2.9009158611297607,
    2.484828233718872,
    2.5931077003479004,
    2.6732330322265625,
    2.813621759414673,
    2.7384204864501953,
    2.896289587020874,
    3.1619768142700195,
    3.081486463546753,
    3.0448012351989746,
    3.07021164894104,
    3.1000289916992188,
    3.092956781387329,
    3.0860660076141357,
    3.1586623191833496,
    3.022451639175415,
    3.3080809116363525,
    3.4243288040161133,
    3.2347636222839355,
    3.1833765506744385,
    3.0529298782348633,
    2.9933719635009766,
    2.9822394847869873,
    2.899789571762085,
    3.0490193367004395,
    3.2343785762786865,
    3.114774227142334,
    2.8261101245880127,
    3.1453301906585693,
    3.2824478149414062,
    3.027545213699341,
    2.8312883377075195,
    2.9198029041290283,
    3.1446399688720703,
    3.0082592964172363,
    2.923067808151245,
    2.9406301975250244,
    3.158931255340576,
    3.0868544578552246,
    2.824981212615967,
    3.0102288722991943,
    3.110531806945801,
    3.144746780395508,
    3.147300958633423,
    3.3188419342041016,
    3.1025376319885254,
    3.030400276184082,
    3.202821969985962,
    3.0825119018554688,
    2.9003896713256836,
    2.8617873191833496,
    2.828226327896118,
    2.7862813472747803,
    3.011233329772949,
    3.2018589973449707,
    3.1815242767333984,
    3.143005609512329,
    3.283451795578003,
    3.5674216747283936,
    3.613234519958496,
    3.7566311359405518,
    3.538142204284668,
    3.289046287536621,
    2.921510934829712,
    2.805879592895508,
    3.0280699729919434,
    2.924190044403076,
    2.706479072570801,
    2.8749678134918213,
    2.9005470275878906,
    3.0007030963897705,
    3.066885232925415,
    2.949784278869629,
    3.0775444507598877,
    3.050077199935913,
    3.127131223678589,
    2.998276472091675,
    3.0369412899017334,
    3.0384199619293213,
    2.621501922607422,
    3.0109055042266846,
    3.3592488765716553,
    2.854353427886963,
    2.6019160747528076,
    2.4967708587646484,
    2.703432559967041,
    2.9938743114471436,
    2.8927676677703857,
    2.891314744949341,
    3.097524404525757,
    3.049792528152466,
    3.2267186641693115,
    3.2899136543273926,
    2.7784945964813232,
    2.4126529693603516,
    2.249711513519287,
    2.351090669631958,
    2.576845645904541,
    2.606121301651001,
    2.508816719055176,
    2.584996223449707,
    2.824084758758545,
    2.956688165664673,
    2.8824729919433594,
    2.9702839851379395,
    3.169339418411255,
    2.8933746814727783,
    3.1625466346740723,
    2.878594398498535,
    2.8963801860809326,
    3.2183430194854736,
    3.026035785675049,
    3.0507397651672363,
    3.196446657180786,
    3.3388309478759766,
    3.2396633625030518,
    3.3329036235809326,
    3.512805700302124,
    3.5227293968200684,
    3.211019277572632,
    3.2927932739257812,
    3.3357462882995605,
    3.270580530166626,
    3.2943499088287354,
    3.3402695655822754,
    3.198300361633301,
    3.1375582218170166,
    3.16934871673584,
    3.3678534030914307,
    3.18542218208313,
    3.076930522918701,
    2.9588139057159424,
    2.7391788959503174,
    3.132826089859009,
    3.032695770263672,
    3.043736696243286,
    2.7625958919525146,
    2.7302162647247314,
    2.712064027786255,
    2.728024959564209,
    2.7869601249694824,
    2.875304698944092,
    2.8156352043151855,
    3.002054452896118,
    2.819491386413574,
    2.727407217025757,
    2.813189744949341,
    2.8582935333251953,
    2.91664457321167,
    2.8573803901672363,
    2.952333450317383,
    2.926483631134033,
    2.9129810333251953,
    2.9678449630737305,
    2.938265323638916,
    2.8130595684051514,
    2.8599846363067627,
    2.709076166152954,
    2.9370110034942627,
    2.894953727722168,
    2.8855559825897217,
    3.083405017852783,
    2.9909372329711914,
    2.753225326538086,
    2.8062527179718018,
    2.926447868347168,
