{
  "git_commit": "51ff4241cfe03f30b846a86bf434127fe54c1b50",
  "git_status_short": "M p3_hat_eval.py\n M p3_hat_train.py",
  "script": "p3_hat_train.py",
  "command": "p3_hat_train.py --name p410m_last4_distill --model_name EleutherAI/pythia-410m-deduped --n_states 256 --sigma_c2c 0.01 --sigma_d2d 0.02 --max_steps 500 --analog_layers 20,21,22,23 --distill_alpha 0.5 --distill_temp 2.0 --output_dir /home/lisq753/projects/HAT_kv107/paper2/results/remote107",
  "mode": "train",
  "model": "EleutherAI/pythia-410m-deduped",
  "dataset_train": "wikitext-2-raw-v1 (train)",
  "dataset_eval": "wikitext-2-raw-v1 (test)",
  "train_seed": 42,
  "train_d2d_seed": 3373,
  "eval_d2d_seed": null,
  "n_states": 256,
  "sigma_c2c": 0.01,
  "sigma_d2d": 0.02,
  "retention_step_time": 0.0,
  "analog_layers": [
    20,
    21,
    22,
    23
  ],
  "ctx_len": 512,
  "stride": 256,
  "max_steps": 500,
  "batch_size": 1,
  "epochs": 1,
  "lr": 1e-05,
  "ppl_before": 31.2660764292713,
  "ppl_after": 20.098426067250646,
  "losses": [
    2.1248395442962646,
    2.0854220390319824,
    2.123654365539551,
    2.2524399757385254,
    2.1677093505859375,
    2.152308702468872,
    1.988345980644226,
    1.8308831453323364,
    1.9235084056854248,
    1.9714744091033936,
    2.0030882358551025,
    1.933915138244629,
    1.9799017906188965,
    2.1660101413726807,
    1.9902838468551636,
    2.016111135482788,
    2.024812698364258,
    1.9120069742202759,
    1.787704348564148,
    1.7863267660140991,
    1.863368034362793,
    1.8905271291732788,
    1.8210618495941162,
    1.9304955005645752,
    1.8384066820144653,
    1.8647112846374512,
    2.074103355407715,
    2.025331974029541,
    1.817872166633606,
    1.8848378658294678,
    2.0108821392059326,
    1.953693151473999,
    1.8336458206176758,
    1.7859127521514893,
    1.8030543327331543,
    1.8757809400558472,
    1.8787248134613037,
    1.9144845008850098,
    1.9454014301300049,
    1.963495135307312,
    2.0004310607910156,
    1.9360111951828003,
    1.9880478382110596,
    2.0533447265625,
    2.096949815750122,
    1.9921945333480835,
    1.7179722785949707,
    1.4295011758804321,
    1.3973579406738281,
    1.6605916023254395,
    1.8302069902420044,
    1.7716526985168457,
    1.616995096206665,
    1.8454078435897827,
    1.8405280113220215,
    1.9239475727081299,
    1.915358066558838,
    1.8400604724884033,
    1.7440845966339111,
    1.7688993215560913,
    1.7148224115371704,
    1.708956003189087,
    1.7110071182250977,
    1.7389473915100098,
    1.72078275680542,
    1.7188776731491089,
    1.7593555450439453,
    1.8517986536026,
    1.8219093084335327,
    1.7673258781433105,
    1.6932168006896973,
    1.6021450757980347,
    1.6306637525558472,
    1.7663507461547852,
    1.733581304550171,
    1.7329176664352417,
    1.868645191192627,
    1.7169430255889893,
    1.826794981956482,
    1.9725368022918701,
    1.9782874584197998,
    2.0351741313934326,
    1.9414044618606567,
    2.0352931022644043,
    1.8379008769989014,
    1.6735166311264038,
    1.774857759475708,
    1.929756999015808,
    1.7853013277053833,
    1.5711851119995117,
    1.6336338520050049,
    1.6491668224334717,
    1.7125391960144043,
    1.732077717781067,
    1.887635588645935,
    1.9466607570648193,
    1.7715973854064941,
    1.6179397106170654,
    1.738579511642456,
    1.9205042123794556,
    1.9029111862182617,
    1.8844311237335205,
    1.8538326025009155,
    1.759417176246643,
    1.769028663635254,
    1.9850826263427734,
    1.662423849105835,
    1.5462162494659424,
    1.692668080329895,
    1.8831473588943481,
    1.8838791847229004,
    1.9038023948669434,
    1.8990459442138672,
    1.9373570680618286,
    2.0192980766296387,
    1.8942453861236572,
    1.789933443069458,
    1.9043149948120117,
    1.7269666194915771,
    1.6024292707443237,
    1.6443369388580322,
    1.6734856367111206,
    1.7362018823623657,
    1.672778844833374,
    1.6944284439086914,
    1.715405821800232,
    1.6428031921386719,
    1.6474206447601318,
    1.7743778228759766,
    1.790062427520752,
    1.6268017292022705,
    1.591646671295166,
    1.6869237422943115,
    1.7350614070892334,
    1.6698925495147705,
    1.7706736326217651,
    1.8192119598388672,
    1.8133262395858765,
    1.7632067203521729,
    1.763123869895935,
    1.806046724319458,
    1.8280888795852661,
    1.8300492763519287,
    1.852715253829956,
    1.7857755422592163,
    1.868241310119629,
    1.9396547079086304,
    1.8673142194747925,
    1.8212593793869019,
    1.7564245462417603,
    1.712462067604065,
    1.715423583984375,
    1.7194246053695679,
    1.768228530883789,
    1.8526026010513306,
    1.8189072608947754,
    1.6596646308898926,
    1.775828242301941,
    1.8472163677215576,
    1.7975575923919678,
    1.7312785387039185,
    1.7167088985443115,
    1.8162649869918823,
    1.7607289552688599,
    1.7045435905456543,
    1.713257908821106,
    1.8406782150268555,
    1.8420829772949219,
    1.6393835544586182,
    1.720278263092041,
    1.7636183500289917,
    1.8118035793304443,
    1.8211207389831543,
    1.8799524307250977,
    1.798356056213379,
    1.7962672710418701,
    1.8561185598373413,
    1.786243200302124,
    1.7262080907821655,
    1.727694034576416,
    1.7321758270263672,
    1.7402806282043457,
    1.818573236465454,
    1.8561502695083618,
    1.8572046756744385,
    1.8672716617584229,
    1.9162657260894775,
    2.037679433822632,
    2.0817975997924805,
    2.116812229156494,
    2.0395009517669678,
    1.8509529829025269,
    1.7500314712524414,
    1.7019259929656982,
    1.8277554512023926,
    1.7502855062484741,
    1.644771695137024,
    1.7370243072509766,
    1.766957402229309,
    1.7824018001556396,
    1.7858983278274536,
    1.7229961156845093,
    1.8018724918365479,
    1.7619291543960571,
    1.8200757503509521,
    1.7704973220825195,
    1.781538486480713,
    1.7386049032211304,
    1.5736995935440063,
    1.8214607238769531,
    1.9234496355056763,
    1.6748602390289307,
    1.576058268547058,
    1.5112223625183105,
    1.6150437593460083,
    1.7649954557418823,
    1.7270978689193726,
    1.706095576286316,
    1.7635197639465332,
    1.7567387819290161,
    1.827660322189331,
    1.9206933975219727,
    1.716999888420105,
    1.5487051010131836,
    1.548905611038208,
    1.6255626678466797,
    1.6473513841629028,
    1.65745210647583,
    1.5585248470306396,
    1.574617624282837,
    1.71808660030365,
    1.7703750133514404,
    1.7481316328048706,
    1.811767816543579,
    1.8475145101547241,
    1.7528702020645142,
    1.8547314405441284,
    1.7488641738891602,
    1.7688608169555664,
    1.8490947484970093,
    1.7328823804855347,
    1.7599695920944214,
    1.832658052444458,
    1.8764573335647583,
    1.8406959772109985,
    1.8838729858398438,
    1.988689661026001,
    2.0381438732147217,
    1.851674199104309,
    1.8312723636627197,
    1.8832958936691284,
    1.838445782661438,
    1.846474051475525,
    1.900394082069397,
    1.8237154483795166,
    1.7956929206848145,
    1.8146835565567017,
    1.911435842514038,
    1.8841065168380737,
    1.7785019874572754,
    1.7462058067321777,
    1.6850173473358154,
    1.8489665985107422,
    1.7823724746704102,
    1.801213264465332,
    1.6441749334335327,
    1.6711748838424683,
    1.6651084423065186,
    1.6610252857208252,
    1.6776036024093628,
    1.6890465021133423,
    1.7064361572265625,
    1.782923936843872,
    1.7504948377609253,
    1.6677305698394775,
    1.69064199924469,
    1.7058008909225464,
    1.7193338871002197,
    1.6597660779953003,
    1.720618724822998,
    1.7356162071228027,
    1.6748237609863281,
    1.7201592922210693,
    1.7550289630889893,
    1.661184310913086,
    1.6505146026611328,
    1.6149959564208984,
    1.7800425291061401,
    1.7278351783752441,
    1.6605010032653809,
    1.7396595478057861,
    1.722001314163208,
    1.60359787940979,
    1.6602680683135986,
