{
  "git_commit": "c27b9739ebf2448605442362082175773e8b3472",
  "git_status_short": "",
  "script": "p3_hat_train.py",
  "command": "/home/lisq753/projects/HAT/HAT/p3_hat_train.py --name p410m_adaptive_reverse_v1 --model_name EleutherAI/pythia-410m-deduped --n_states 256 --sigma_c2c 0.01 --sigma_d2d 0.02 --max_steps 500 --analog_layers 23 --noise_schedule reverse_layer_wise --freeze-non-target-params --fp16 --output_dir /home/lisq753/projects/HAT_kv107/paper2/results/remote107",
  "mode": "train",
  "model": "EleutherAI/pythia-410m-deduped",
  "dataset_train": "wikitext-2-raw-v1 (train)",
  "dataset_eval": "wikitext-2-raw-v1 (test)",
  "train_seed": 42,
  "train_d2d_seed": 3373,
  "eval_d2d_seed": null,
  "n_states": 256,
  "sigma_c2c": 0.01,
  "sigma_d2d": 0.02,
  "retention_step_time": 0.0,
  "analog_layers": [
    23
  ],
  "ctx_len": 512,
  "stride": 256,
  "max_steps": 500,
  "batch_size": 1,
  "epochs": 1,
  "lr": 1e-05,
  "ppl_before": 23.25028179971035,
  "ppl_after": 21.29858727082094,
  "losses": [
    3.140625,
    3.390625,
    3.609375,
    3.78125,
    3.6875,
    3.546875,
    3.46875,
    3.09375,
    3.296875,
    3.390625,
    3.40625,
    3.09375,
    3.53125,
    3.765625,
    3.515625,
    3.453125,
    3.328125,
    2.96875,
    2.984375,
    3.15625,
    3.328125,
    3.28125,
    2.9375,
    3.328125,
    3.296875,
    3.140625,
    3.546875,
    3.484375,
    3.125,
    3.40625,
    3.640625,
    3.4375,
    3.265625,
    3.109375,
    2.96875,
    3.265625,
    3.265625,
    3.3125,
    3.390625,
    3.4375,
    3.625,
    3.546875,
    3.53125,
    3.734375,
    3.765625,
    3.578125,
    3.109375,
    2.40625,
    2.359375,
    3.015625,
    3.25,
    3.0,
    2.859375,
    3.28125,
    3.265625,
    3.125,
    3.40625,
    3.25,
    2.90625,
    2.953125,
    2.96875,
    2.828125,
    2.859375,
    2.765625,
    2.71875,
    2.828125,
    3.078125,
    3.1875,
    3.171875,
    3.078125,
    3.015625,
    2.765625,
    2.828125,
    3.140625,
    2.921875,
    2.96875,
    2.984375,
    2.765625,
    3.125,
    3.5,
    3.5,
    3.515625,
    3.53125,
    3.640625,
    3.25,
    3.0625,
    3.203125,
    3.484375,
    3.28125,
    2.796875,
    2.609375,
    2.859375,
    3.0625,
    3.109375,
    3.234375,
    3.359375,
    3.140625,
    2.875,
    3.203125,
    3.359375,
    3.3125,
    3.28125,
    3.234375,
    3.234375,
    3.28125,
    3.421875,
    2.84375,
    2.65625,
    2.90625,
    3.25,
    3.265625,
    3.21875,
    3.34375,
    3.46875,
    3.609375,
    3.296875,
    3.203125,
    3.34375,
    2.953125,
    2.6875,
    2.90625,
    2.875,
    2.890625,
    2.84375,
    2.96875,
    3.125,
    2.890625,
    2.828125,
    3.078125,
    3.171875,
    2.875,
    2.90625,
    2.953125,
    3.046875,
    2.875,
    3.078125,
    3.4375,
    3.3125,
    3.171875,
    3.171875,
    3.1875,
    3.328125,
    3.328125,
    3.40625,
    3.296875,
    3.515625,
    3.625,
    3.421875,
    3.234375,
    3.171875,
    3.21875,
    3.125,
    3.09375,
    3.265625,
    3.4375,
    3.28125,
    3.0625,
    3.390625,
    3.390625,
    3.3125,
    3.171875,
    3.140625,
    3.359375,
    3.265625,
    3.1875,
    3.25,
    3.5,
    3.453125,
    3.171875,
    3.3125,
    3.40625,
    3.359375,
    3.390625,
    3.609375,
    3.46875,
    3.421875,
    3.453125,
    3.21875,
    3.140625,
    3.09375,
    3.078125,
    3.078125,
    3.125,
    3.28125,
    3.4375,
    3.296875,
    3.34375,
    3.65625,
    3.796875,
    3.9375,
    3.640625,
    3.484375,
    3.296875,
    3.140625,
    3.3125,
    3.25,
    3.0,
    3.25,
    3.234375,
    3.28125,
    3.296875,
    3.25,
    3.28125,
    3.234375,
    3.40625,
    3.28125,
    3.25,
    3.28125,
    3.0,
    3.453125,
    3.734375,
    3.15625,
    2.9375,
    2.78125,
    3.0,
    3.359375,
    3.34375,
    3.1875,
    3.375,
    3.328125,
    3.578125,
    3.703125,
    3.046875,
    2.78125,
    2.84375,
    2.984375,
    2.90625,
    2.859375,
    2.796875,
    2.78125,
    3.078125,
    3.171875,
    3.21875,
    3.265625,
    3.390625,
    3.234375,
    3.359375,
    3.078125,
    3.203125,
    3.375,
    3.171875,
    3.203125,
    3.40625,
    3.40625,
    3.40625,
    3.5,
    3.75,
    3.859375,
    3.484375,
    3.5,
    3.46875,
    3.421875,
    3.46875,
    3.578125,
    3.4375,
    3.34375,
    3.484375,
    3.671875,
    3.59375,
    3.46875,
    3.296875,
    3.015625,
    3.328125,
    3.3125,
    3.40625,
    3.03125,
    3.046875,
    2.96875,
    3.03125,
    3.015625,
    3.046875,
    3.03125,
    3.21875,
    3.078125,
    2.875,
    3.0,
    3.109375,
    3.140625,
    2.984375,
    3.140625,
    3.15625,
    2.96875,
    3.015625,
    3.125,
    3.015625,
    3.015625,
    2.90625,
    3.140625,
    3.109375,
    3.03125,
    3.109375,
    3.140625,
    2.953125,
    3.0,
    3.15625,
    3.203125,
    3.203125,
    3.40625,
    3.40625,
    3.375,
    3.25,
    3.0,
    3.015625,
    3.171875,
    3.203125,
    3.078125,
    3.421875,
    3.5,
    3.59375,
    2.90625,
    2.53125,
    3.0,
    3.03125,
    3.171875,
    3.515625,
    3.53125,
    3.203125,
    3.3125,
    3.46875,
    3.484375,
    3.3125,
    3.1875,
    3.171875,
    3.40625,
    3.390625,
    3.25,
    3.421875,
    3.09375,
    2.671875,
    2.765625,
    3.0,
    2.953125,
    3.046875,
    3.09375,
    3.125,
    2.71875,
    2.421875,
    2.703125,
    3.0625,
    3.140625,
    2.9375,
    2.84375,
    3.0,
    3.15625,
    3.34375,
    3.28125,
    3.34375,
    3.453125,
    3.453125,
    3.25,
    2.6875,
    2.734375,
    2.96875,
    2.84375,
    2.90625,
    2.8125,
    2.578125,
    2.703125,
    2.65625,
    3.03125,
    3.359375,
    2.96875,
    3.0,
    3.28125,
    3.25,
    3.1875,
    3.234375,
    3.515625,
    3.546875,
    3.234375,
    3.21875,
    3.3125,
    3.109375,
    3.359375,
    3.546875,
    3.71875,
    3.390625,
    3.515625,
    3.65625,
    3.484375,
    3.421875,
    3.46875,
    3.390625,
    3.515625,
    3.375,
    3.578125,
    3.578125,
    3.421875,
    3.359375,
    3.140625,
    2.828125,
    2.84375,
    3.0625,
    3.078125,
    3.328125,
    3.28125,
    3.078125,
    3.25,
    3.15625,
    3.109375,
    2.984375,
    3.078125,
    3.171875,
    3.140625,
    3.28125,
    3.203125,
    3.234375,
    3.46875,
    3.359375,
    3.296875,
    3.359375,
    3.328125,
    3.109375,
    3.109375,
    2.984375,
    2.953125,
    3.0625,
    3.421875,
    3.265625,
    3.0,
    3.0625,
    3.03125,
    3.0,
    2.984375,
    2.984375,
    3.125,
    3.296875,
    3.453125,
    3.484375,
    3.640625,
    3.546875,
    3.46875,
    3.484375,
    3.484375,
    3.4375,
    3.4375,
    3.390625,
    3.390625,
    3.359375,
    3.296875,
    3.1875,
    2.78125,
    2.8125,
    2.6875,
    2.84375,
    3.078125,
    2.890625,
    2.5,
    2.625,
    2.84375,
    2.734375,
    2.609375,
    2.78125,
    2.671875,
    2.46875,
    2.421875,
    2.59375,
    2.625,
    2.734375,
    2.875,
    3.015625,
    2.9375,
    2.875,
    2.796875,
    2.921875,
    3.015625,
    2.765625,
    2.796875,
    2.875,
    3.015625,
    2.75,
    2.578125,
    2.6875,
    2.953125,
    3.03125,
    2.9375,
    2.9375,
    2.921875,
    3.21875,
    3.296875,
    3.03125,
    2.96875,
    2.71875,
    2.59375,
    2.953125,
    3.09375,
    2.890625,
    3.0,
    3.234375,
    3.1875,
    2.96875,
    2.890625,
    2.9375,
    2.78125,
    3.0,
    3.265625,
    3.296875,
    3.078125,
    3.0,
    3.03125
  ],
  "wall_clock_time": 301.0686135292053,
  "gpu_id": "4",
  "gpu_name": "NVIDIA PH402 SKU 200"
}