{
  "git_commit": "51ff4241cfe03f30b846a86bf434127fe54c1b50",
  "git_status_short": "M p3_hat_eval.py\n M p3_hat_train.py",
  "script": "p3_hat_train.py",
  "command": "p3_hat_train.py --name p410m_fixed_500 --model_name EleutherAI/pythia-410m-deduped --n_states 256 --sigma_c2c 0.01 --sigma_d2d 0.02 --max_steps 500 --analog_layers 23 --output_dir /home/lisq753/projects/HAT_kv107/paper2/results/remote107",
  "mode": "train",
  "model": "EleutherAI/pythia-410m-deduped",
  "dataset_train": "wikitext-2-raw-v1 (train)",
  "dataset_eval": "wikitext-2-raw-v1 (test)",
  "train_seed": 42,
  "train_d2d_seed": 3373,
  "eval_d2d_seed": null,
  "n_states": 256,
  "sigma_c2c": 0.01,
  "sigma_d2d": 0.02,
  "retention_step_time": 0.0,
  "analog_layers": [
    23
  ],
  "ctx_len": 512,
  "stride": 256,
  "max_steps": 500,
  "batch_size": 1,
  "epochs": 1,
  "lr": 1e-05,
  "ppl_before": 23.299391239025578,
  "ppl_after": 21.313574582701076,
  "losses": [
    3.0676705837249756,
    3.2934112548828125,
    3.5361390113830566,
    3.71211576461792,
    3.634139060974121,
    3.5004544258117676,
    3.4138176441192627,
    3.0462594032287598,
    3.2253425121307373,
    3.3559112548828125,
    3.3203468322753906,
    3.0382044315338135,
    3.487671136856079,
    3.688753604888916,
    3.4728853702545166,
    3.399703025817871,
    3.2918410301208496,
    2.889021873474121,
    2.8997159004211426,
    3.038147211074829,
    3.2679994106292725,
    3.199068784713745,
    2.9243264198303223,
    3.261910915374756,
    3.2425220012664795,
    3.151181221008301,
    3.502352476119995,
    3.4394683837890625,
    3.0522680282592773,
    3.3462188243865967,
    3.6012015342712402,
    3.3976550102233887,
    3.208409547805786,
    3.0608363151550293,
    2.912501573562622,
    3.174197196960449,
    3.237060070037842,
    3.3048391342163086,
    3.31272029876709,
    3.360384225845337,
    3.5632872581481934,
    3.440070629119873,
    3.487130641937256,
    3.666947841644287,
    3.733618974685669,
    3.517390489578247,
    3.048772096633911,
    2.3671727180480957,
    2.3049471378326416,
    2.9180614948272705,
    3.2087697982788086,
    2.9333245754241943,
    2.796529769897461,
    3.2735507488250732,
    3.175309419631958,
    3.1052091121673584,
    3.3519768714904785,
    3.1781373023986816,
    2.858046054840088,
    2.902527332305908,
    2.877121686935425,
    2.8157198429107666,
    2.7876358032226562,
    2.700026273727417,
    2.6526477336883545,
    2.7749619483947754,
    3.0096421241760254,
    3.1462182998657227,
    3.1138081550598145,
    3.04584002494812,
    2.946589231491089,
    2.6820483207702637,
    2.8050079345703125,
    3.076669692993164,
    2.855175018310547,
    2.900738000869751,
    2.897343873977661,
    2.700881242752075,
    3.103935480117798,
    3.4622814655303955,
    3.421321153640747,
    3.4534060955047607,
    3.4851901531219482,
    3.594496965408325,
    3.2049736976623535,
    2.993056535720825,
    3.1574745178222656,
    3.406344413757324,
    3.1878342628479004,
    2.7823565006256104,
    2.5985469818115234,
    2.8014566898345947,
    3.0064947605133057,
    3.0545520782470703,
    3.210073709487915,
    3.298644542694092,
    3.0597569942474365,
    2.8392574787139893,
    3.149315595626831,
    3.328813076019287,
    3.239999771118164,
    3.221705675125122,
    3.151803970336914,
    3.174136161804199,
    3.1545944213867188,
    3.3302385807037354,
    2.786926507949829,
    2.640991449356079,
    2.8706717491149902,
    3.209514617919922,
    3.195981025695801,
    3.1577231884002686,
    3.2786247730255127,
    3.4087774753570557,
    3.5262227058410645,
    3.26845383644104,
    3.1182737350463867,
    3.3031044006347656,
    2.8869669437408447,
    2.603461265563965,
    2.7980406284332275,
    2.820997714996338,
    2.8370320796966553,
    2.7626352310180664,
    2.911529541015625,
    3.037637710571289,
    2.816765069961548,
    2.7863006591796875,
    3.0234575271606445,
    3.1096513271331787,
    2.8338282108306885,
    2.8312535285949707,
    2.907233238220215,
    3.003675699234009,
    2.8063580989837646,
    3.0213820934295654,
    3.3767080307006836,
    3.256301164627075,
    3.149225950241089,
    3.1155927181243896,
    3.1418285369873047,
    3.2486164569854736,
    3.281942129135132,
    3.354379653930664,
    3.21737003326416,
    3.509859561920166,
    3.5940890312194824,
    3.323087453842163,
    3.229801893234253,
    3.1587488651275635,
    3.15036678314209,
    3.1020257472991943,
    3.036381483078003,
    3.2265241146087646,
    3.3672618865966797,
    3.231152057647705,
    3.0159993171691895,
    3.3073837757110596,
    3.361311435699463,
    3.2589049339294434,
    3.1082239151000977,
    3.0747203826904297,
    3.3222625255584717,
    3.2313685417175293,
    3.1701488494873047,
    3.182265043258667,
    3.4119203090667725,
    3.403299331665039,
    3.1483237743377686,
    3.2842280864715576,
    3.32635760307312,
    3.293333053588867,
    3.3606276512145996,
    3.5242066383361816,
    3.421302080154419,
    3.352614164352417,
    3.428927183151245,
    3.1992087364196777,
    3.0711419582366943,
    3.011232852935791,
    3.0001869201660156,
    3.0113229751586914,
    3.07261061668396,
    3.2113096714019775,
    3.3780529499053955,
    3.226775884628296,
    3.2611918449401855,
    3.622563362121582,
    3.7640233039855957,
    3.868267297744751,
    3.6302151679992676,
    3.4556639194488525,
    3.2615458965301514,
    3.0796422958374023,
    3.253857135772705,
    3.168802499771118,
    2.946141004562378,
    3.165651798248291,
    3.1708247661590576,
    3.229379177093506,
    3.2903177738189697,
    3.1722214221954346,
    3.221980333328247,
    3.1819655895233154,
    3.3102588653564453,
    3.1868367195129395,
    3.174036741256714,
    3.2150497436523438,
    2.9528565406799316,
    3.397016763687134,
    3.671038866043091,
    3.105402708053589,
    2.85872745513916,
    2.7318918704986572,
    2.9278910160064697,
    3.2924256324768066,
    3.3061487674713135,
    3.1298294067382812,
    3.3299195766448975,
    3.2634334564208984,
    3.527491807937622,
    3.608039617538452,
    3.000408887863159,
    2.725677967071533,
    2.808854341506958,
    2.9448459148406982,
    2.850356101989746,
    2.841243267059326,
    2.7226126194000244,
    2.737602949142456,
    3.0646581649780273,
    3.150561571121216,
    3.133713483810425,
    3.227999210357666,
    3.34386944770813,
    3.181316614151001,
    3.319530963897705,
    3.03739333152771,
    3.125823736190796,
    3.336454153060913,
    3.154822826385498,
    3.0975358486175537,
    3.318908929824829,
    3.3253910541534424,
    3.3328022956848145,
    3.418363094329834,
    3.69031023979187,
    3.806023120880127,
    3.3982131481170654,
    3.4360172748565674,
    3.3960978984832764,
    3.3534133434295654,
    3.3914055824279785,
    3.5375869274139404,
    3.391634225845337,
    3.2680606842041016,
    3.4166910648345947,
    3.5972883701324463,
    3.4912126064300537,
    3.4192254543304443,
    3.231414318084717,
    2.967007875442505,
    3.2948226928710938,
    3.2284581661224365,
    3.304633617401123,
    2.985576868057251,
    2.964820146560669,
    2.9166171550750732,
    2.977794885635376,
    2.9351541996002197,
    3.021226406097412,
    2.9741268157958984,
    3.1520488262176514,
    2.9810335636138916,
    2.848909378051758,
    2.9248459339141846,
    3.054882764816284,
    3.06093692779541,
    2.9171128273010254,
    3.070915460586548,
    3.109466791152954,
    2.924320697784424,
    2.9597461223602295,
    3.0538575649261475,
    2.9489259719848633,
    2.9651012420654297,
    2.836653709411621,
    3.1056652069091797,
    3.044429302215576,
    2.9687533378601074,
    3.077265977859497,
    3.0577120780944824,
    2.8708384037017822,
    2.9183123111724854,
    3.059222459793091,
    3.1319832801818848,
    3.150628089904785,
    3.3414108753204346,
    3.4201557636260986,
