{
  "git_commit": "e827696a4c55117304ba9aead7e1acb205759b63",
  "git_status_short": "M p3_hat_train.py\n?? coordination/REMOTE107_NEXT_TASKS_20260512.md\n?? coordination/remote_tasks/107/REMOTE_107_REMAINING_TASKS_20260512.md\n?? scripts/energy_profile_kv_cache.py",
  "script": "p3_hat_train.py",
  "command": "/home/lisq753/projects/HAT/HAT/p3_hat_train.py --name p410m_adaptive_layerwise_v3 --model_name EleutherAI/pythia-410m-deduped --analog_layers 31 --max_steps 500 --n_states 256 --sigma_c2c 0.01 --sigma_d2d 0.02 --lr 1e-5 --max_length 512 --fp16 --seed 42 --output_dir /home/lisq753/projects/HAT_kv107/paper2/results/remote107 --noise_schedule layer_wise",
  "mode": "train",
  "model": "EleutherAI/pythia-410m-deduped",
  "dataset_train": "wikitext-2-raw-v1 (train)",
  "dataset_eval": "wikitext-2-raw-v1 (test)",
  "train_seed": 42,
  "train_d2d_seed": 3373,
  "eval_d2d_seed": null,
  "n_states": 256,
  "sigma_c2c": 0.01,
  "sigma_d2d": 0.02,
  "retention_step_time": 0.0,
  "analog_layers": [
    31
  ],
  "ctx_len": 512,
  "stride": 256,
  "max_steps": 500,
  "batch_size": 1,
  "epochs": 1,
  "lr": 1e-05,
  "ppl_before": 22.209647403543876,
  "ppl_after": 17.409011572797002,
  "losses": [
    3.109375,
    3.359375,
    3.578125,
    3.71875,
    3.546875,
    3.484375,
    3.390625,
    3.0,
    3.15625,
    3.3125,
    3.296875,
    3.015625,
    3.40625,
    3.625,
    3.359375,
    3.3125,
    3.203125,
    2.84375,
    2.828125,
    2.96875,
    3.234375,
    3.1875,
    2.890625,
    3.234375,
    3.203125,
    3.109375,
    3.484375,
    3.390625,
    3.03125,
    3.28125,
    3.53125,
    3.3125,
    3.140625,
    2.96875,
    2.859375,
    3.09375,
    3.15625,
    3.234375,
    3.25,
    3.296875,
    3.484375,
    3.34375,
    3.40625,
    3.5625,
    3.59375,
    3.40625,
    2.984375,
    2.296875,
    2.25,
    2.859375,
    3.09375,
    2.875,
    2.75,
    3.09375,
    3.03125,
    2.96875,
    3.234375,
    3.078125,
    2.734375,
    2.75,
    2.765625,
    2.671875,
    2.671875,
    2.578125,
    2.546875,
    2.671875,
    2.921875,
    3.0625,
    3.046875,
    2.921875,
    2.828125,
    2.5625,
    2.671875,
    2.9375,
    2.75,
    2.78125,
    2.75,
    2.59375,
    2.96875,
    3.375,
    3.296875,
    3.34375,
    3.390625,
    3.484375,
    3.109375,
    2.859375,
    3.0,
    3.25,
    3.015625,
    2.640625,
    2.453125,
    2.71875,
    2.875,
    2.890625,
    3.078125,
    3.21875,
    2.96875,
    2.703125,
    3.015625,
    3.234375,
    3.203125,
    3.125,
    3.046875,
    3.0,
    3.0,
    3.171875,
    2.65625,
    2.53125,
    2.75,
    3.0625,
    3.09375,
    3.03125,
    3.09375,
    3.296875,
    3.328125,
    3.109375,
    3.0,
    3.1875,
    2.703125,
    2.421875,
    2.640625,
    2.640625,
    2.71875,
    2.640625,
    2.75,
    2.796875,
    2.6875,
    2.65625,
    2.921875,
    2.9375,
    2.640625,
    2.609375,
    2.734375,
    2.859375,
    2.703125,
    2.90625,
    3.21875,
    3.140625,
    3.0625,
    3.0625,
    3.046875,
    3.171875,
    3.15625,
    3.1875,
    3.140625,
    3.328125,
    3.4375,
    3.25,
    3.15625,
    3.078125,
    3.046875,
    3.015625,
    2.96875,
    3.125,
    3.234375,
    3.171875,
    2.890625,
    3.1875,
    3.3125,
    3.125,
    2.921875,
    2.921875,
    3.21875,
    3.09375,
    3.0,
    3.046875,
    3.28125,
    3.203125,
    3.015625,
    3.15625,
    3.1875,
    3.15625,
    3.265625,
    3.4375,
    3.25,
    3.1875,
    3.296875,
    3.140625,
    2.9375,
    2.90625,
    2.875,
    2.828125,
    2.90625,
    3.140625,
    3.203125,
    3.09375,
    3.21875,
    3.515625,
    3.609375,
    3.734375,
    3.484375,
    3.265625,
    3.046875,
    2.90625,
    3.125,
    3.0,
    2.78125,
    2.984375,
    3.015625,
    3.0625,
    3.15625,
    3.0,
    3.09375,
    3.03125,
    3.203125,
    3.078125,
    3.078125,
    3.046875,
    2.78125,
    3.203125,
    3.453125,
    2.953125,
    2.71875,
    2.625,
    2.765625,
    3.09375,
    3.03125,
    3.078125,
    3.1875,
    3.109375,
    3.328125,
    3.40625,
    2.84375,
    2.53125,
    2.46875,
    2.609375,
    2.640625,
    2.671875,
    2.578125,
    2.640625,
    2.890625,
    3.0,
    2.984375,
    3.015625,
    3.140625,
    2.96875,
    3.15625,
    2.90625,
    2.921875,
    3.21875,
    3.015625,
    3.015625,
    3.1875,
    3.28125,
    3.21875,
    3.296875,
    3.53125,
    3.5625,
    3.25,
    3.296875,
    3.328125,
    3.296875,
    3.28125,
    3.328125,
    3.21875,
    3.171875,
    3.234375,
    3.5,
    3.375,
    3.25,
    3.046875,
    2.78125,
    3.125,
    3.046875,
    3.140625,
    2.84375,
    2.796875,
    2.75,
    2.8125,
    2.796875,
    2.875,
    2.84375,
    3.0,
    2.84375,
    2.71875,
    2.75,
    2.875,
    2.890625,
    2.84375,
    2.984375,
    2.984375,
    2.84375,
    2.90625,
    2.953125,
    2.796875,
    2.828125,
    2.703125,
    2.96875,
    2.921875,
    2.875,
    3.0,
    2.9375,
    2.765625,
    2.8125,
    2.96875,
    3.015625,
    3.03125,
    3.171875,
    3.25,
    3.1875,
    3.015625,
    2.8125,
    2.90625,
    3.078125,
    3.0,
    2.875,
    3.1875,
    3.28125,
    3.28125,
    2.71875,
    2.34375,
    2.6875,
    2.78125,
    3.0,
    3.34375,
    3.359375,
    3.046875,
    3.15625,
    3.25,
    3.234375,
    3.1875,
    2.953125,
    2.96875,
    3.125,
    3.15625,
    3.109375,
    3.203125,
    2.875,
    2.421875,
    2.515625,
    2.75,
    2.75,
    2.859375,
    2.84375,
    2.875,
    2.4375,
    2.1875,
    2.46875,
    2.859375,
    2.96875,
    2.65625,
    2.609375,
    2.71875,
    2.828125,
    2.984375,
    3.0625,
    3.15625,
    3.28125,
    3.21875,
    3.0,
    2.515625,
    2.484375,
    2.671875,
    2.578125,
    2.59375,
    2.5,
    2.296875,
    2.421875,
    2.453125,
    2.78125,
    3.125,
    2.8125,
    2.796875,
    2.984375,
    2.984375,
    2.875,
    3.015625,
    3.3125,
    3.390625,
    3.0,
    3.0,
    3.140625,
    2.9375,
    3.171875,
    3.359375,
    3.5625,
    3.171875,
    3.3125,
    3.46875,
    3.203125,
    3.140625,
    3.234375,
    3.203125,
    3.28125,
    3.15625,
    3.375,
    3.328125,
    3.1875,
    3.15625,
    2.921875,
    2.59375,
    2.625,
    2.78125,
    2.890625,
    3.078125,
    2.96875,
    2.90625,
    3.03125,
    2.921875,
    2.875,
    2.765625,
    2.875,
    2.875,
    2.921875,
    3.0,
    2.953125,
    2.984375,
    3.234375,
    3.171875,
    3.09375,
    3.21875,
    3.078125,
    2.8125,
    2.84375,
    2.734375,
    2.640625,
    2.765625,
    3.125,
    2.96875,
    2.8125,
    2.84375,
    2.796875,
    2.8125,
    2.828125,
    2.84375,
    2.84375,
    2.953125,
    3.140625,
    3.296875,
    3.46875,
    3.265625,
    3.171875,
    3.21875,
    3.25,
    3.15625,
    3.140625,
    3.125,
    3.15625,
    3.203125,
    3.078125,
    2.96875,
    2.578125,
    2.625,
    2.5,
    2.609375,
    2.921875,
    2.6875,
    2.203125,
    2.3125,
    2.53125,
    2.390625,
    2.3125,
    2.46875,
    2.421875,
    2.171875,
    2.1875,
    2.34375,
    2.375,
    2.46875,
    2.53125,
    2.671875,
    2.734375,
    2.609375,
    2.53125,
    2.59375,
    2.625,
    2.453125,
    2.484375,
    2.609375,
    2.671875,
    2.5,
    2.1875,
    2.296875,
    2.671875,
    2.65625,
    2.625,
    2.6875,
    2.640625,
    2.9375,
    3.015625,
    2.75,
    2.640625,
    2.390625,
    2.296875,
    2.71875,
    2.875,
    2.6875,
    2.71875,
    2.90625,
    3.0,
    2.703125,
    2.640625,
    2.640625,
    2.484375,
    2.765625,
    3.109375,
    3.109375,
    2.875,
    2.703125,
    2.75
  ],
  "wall_clock_time": 329.14533948898315,
  "gpu_id": "5",
  "gpu_name": "NVIDIA PH402 SKU 200"
}