{
  "git_commit": "51ff4241cfe03f30b846a86bf434127fe54c1b50",
  "git_status_short": "M p3_hat_eval.py\n M p3_hat_train.py",
  "script": "p3_hat_train.py",
  "command": "p3_hat_train.py --name p410m_multi_u500_full --model_name EleutherAI/pythia-410m-deduped --n_states 256 --sigma_c2c 0.01 --sigma_d2d 0.02 --max_steps 500 --analog_layers 23 --d2d_schedule uniform --output_dir /home/lisq753/projects/HAT_kv107/paper2/results/remote107",
  "mode": "train",
  "model": "EleutherAI/pythia-410m-deduped",
  "dataset_train": "wikitext-2-raw-v1 (train)",
  "dataset_eval": "wikitext-2-raw-v1 (test)",
  "train_seed": 42,
  "train_d2d_seed": 3373,
  "eval_d2d_seed": null,
  "n_states": 256,
  "sigma_c2c": 0.01,
  "sigma_d2d": 0.02,
  "retention_step_time": 0.0,
  "analog_layers": [
    23
  ],
  "ctx_len": 512,
  "stride": 256,
  "max_steps": 500,
  "batch_size": 1,
  "epochs": 1,
  "lr": 1e-05,
  "ppl_before": 23.299391239025578,
  "ppl_after": 18.565997615900773,
  "losses": [
    3.1046316623687744,
    3.2808046340942383,
    3.5379788875579834,
    3.71327805519104,
    3.45082426071167,
    3.463230848312378,
    3.3617138862609863,
    3.019235134124756,
    3.0009894371032715,
    3.2376821041107178,
    3.261300563812256,
    2.946363687515259,
    3.3923463821411133,
    3.611870765686035,
    3.258516311645508,
    3.28308367729187,
    3.100808620452881,
    2.85212779045105,
    2.8620824813842773,
    2.9884159564971924,
    3.1940014362335205,
    3.23412823677063,
    2.9343838691711426,
    3.1627087593078613,
    3.0609867572784424,
    3.088122606277466,
    3.4920780658721924,
    3.4052014350891113,
    2.9194533824920654,
    3.18483567237854,
    3.441164493560791,
    3.257819414138794,
    3.051251173019409,
    2.932337760925293,
    2.8063156604766846,
    3.0210649967193604,
    3.058722972869873,
    3.2237038612365723,
    3.217150926589966,
    3.258057117462158,
    3.4264814853668213,
    3.271198034286499,
    3.2884464263916016,
    3.4540345668792725,
    3.463634490966797,
    3.2997989654541016,
    2.820131540298462,
    2.2855236530303955,
    2.194985866546631,
    2.740208387374878,
    3.0085577964782715,
    2.8049261569976807,
    2.6367900371551514,
    3.007481813430786,
    2.9815282821655273,
    2.953969955444336,
    3.162666082382202,
    3.004262685775757,
    2.7298901081085205,
    2.719710350036621,
    2.701190233230591,
    2.688429832458496,
    2.677549362182617,
    2.604246139526367,
    2.5063815116882324,
    2.596341848373413,
    2.8508903980255127,
    3.1402008533477783,
    3.0024330615997314,
    2.8627941608428955,
    2.6977505683898926,
    2.4403746128082275,
    2.4755895137786865,
    2.749450922012329,
    2.699920177459717,
    2.6863763332366943,
    2.5693607330322266,
    2.509897470474243,
    2.945408821105957,
    3.4095399379730225,
    3.2863919734954834,
    3.3198161125183105,
    3.365273952484131,
    3.4925448894500732,
    3.074608087539673,
    2.8015120029449463,
    2.9474852085113525,
    3.2166881561279297,
    2.9229166507720947,
    2.5273475646972656,
    2.327193021774292,
    2.602012872695923,
    2.793288230895996,
    2.8237876892089844,
    3.0610694885253906,
    3.2030205726623535,
    2.865525007247925,
    2.5979015827178955,
    2.8677756786346436,
    3.217345952987671,
    3.17299222946167,
    3.1019179821014404,
    2.9979135990142822,
    2.9080891609191895,
    2.91648006439209,
    3.1530463695526123,
    2.544480562210083,
    2.4699833393096924,
    2.753251552581787,
    3.000408887863159,
    3.0686898231506348,
    3.0017552375793457,
    2.9943389892578125,
    3.1697866916656494,
    3.2171597480773926,
    2.997192144393921,
    2.9541680812835693,
    3.164905548095703,
    2.666510581970215,
    2.435084581375122,
    2.6361613273620605,
    2.6722936630249023,
    2.742953062057495,
    2.6531009674072266,
    2.654059886932373,
    2.781689167022705,
    2.70011568069458,
    2.676544666290283,
    2.9218177795410156,
    2.888549327850342,
    2.4513471126556396,
    2.515698194503784,
    2.6363513469696045,
    2.832184314727783,
    2.7416093349456787,
    2.8780713081359863,
    3.1420583724975586,
    3.070796489715576,
    3.0628631114959717,
    3.0454633235931396,
    3.0803945064544678,
    3.0814640522003174,
    3.0930917263031006,
    3.147087574005127,
    3.0412206649780273,
    3.2561521530151367,
    3.381277322769165,
    3.262902021408081,
    3.1641809940338135,
    3.0497148036956787,
    2.9957377910614014,
    2.9943854808807373,
    2.9168779850006104,
    3.0709681510925293,
    3.256052017211914,
    3.113835334777832,
    2.8245272636413574,
    3.135984182357788,
    3.267143964767456,
    3.0174715518951416,
    2.8285157680511475,
    2.9089860916137695,
    3.1371779441833496,
    3.0088696479797363,
    2.907733917236328,
    2.9398996829986572,
    3.1445419788360596,
    3.0900166034698486,
    2.8473446369171143,
    2.9912502765655518,
    3.086731195449829,
    3.1212880611419678,
    3.1735589504241943,
    3.3017146587371826,
    3.0885748863220215,
    3.0530223846435547,
    3.201406717300415,
    3.031113862991333,
    2.8609228134155273,
    2.8201794624328613,
    2.8430070877075195,
    2.8169047832489014,
    3.0389621257781982,
    3.203075408935547,
    3.1787233352661133,
    3.139827251434326,
    3.27701735496521,
    3.577648639678955,
    3.599485158920288,
    3.7571866512298584,
    3.5388858318328857,
    3.285714626312256,
    2.921173334121704,
    2.7964797019958496,
    3.0359716415405273,
    2.916348457336426,
    2.6718103885650635,
    2.8805108070373535,
    2.91569447517395,
    3.016766309738159,
    3.0949387550354004,
    2.976747989654541,
    3.1138038635253906,
    3.0683746337890625,
    3.1178665161132812,
    2.978914499282837,
    3.0578079223632812,
    3.043750762939453,
    2.5962724685668945,
    3.071173667907715,
    3.344719171524048,
    2.8322088718414307,
    2.6058878898620605,
    2.5152692794799805,
    2.6775870323181152,
    2.9699809551239014,
    2.8604559898376465,
    2.9163053035736084,
    3.077392101287842,
    3.052788019180298,
    3.214852809906006,
    3.2407591342926025,
    2.7445120811462402,
    2.3867387771606445,
    2.2451553344726562,
    2.371077060699463,
    2.562731981277466,
    2.6000945568084717,
    2.501833200454712,
    2.573248863220215,
    2.830475330352783,
    2.9415838718414307,
    2.8520798683166504,
    2.9661033153533936,
    3.133934259414673,
    2.8587801456451416,
    3.134269952774048,
    2.8579883575439453,
    2.8790085315704346,
    3.1707301139831543,
    2.9987258911132812,
    3.0149197578430176,
    3.1789047718048096,
    3.3046646118164062,
    3.200632095336914,
    3.2627675533294678,
    3.4727118015289307,
    3.5656630992889404,
    3.164339542388916,
    3.2708985805511475,
    3.2937395572662354,
    3.247312307357788,
    3.26961088180542,
    3.3041138648986816,
    3.1556239128112793,
    3.1670174598693848,
    3.177161455154419,
    3.40383243560791,
    3.2095999717712402,
    3.0954856872558594,
    2.965747594833374,
    2.688647747039795,
    3.110931873321533,
    2.981306791305542,
    3.030804395675659,
    2.7558557987213135,
    2.714296340942383,
    2.705981731414795,
    2.7166736125946045,
    2.7746119499206543,
    2.856471538543701,
    2.816632032394409,
    2.997065782546997,
    2.8578968048095703,
    2.70890474319458,
    2.7883951663970947,
    2.8433258533477783,
    2.8936986923217773,
    2.8421175479888916,
    2.938495635986328,
    2.9220664501190186,
    2.863481044769287,
    2.9605777263641357,
    2.9440536499023438,
    2.805893659591675,
    2.8390049934387207,
    2.68131160736084,
    2.9579710960388184,
    2.8845927715301514,
    2.856112241744995,
    3.0374083518981934,
    2.9799752235412598,
    2.7093985080718994,
    2.780489444732666,
    2.9073309898376465,
    2.969045877456665,
    3.0025670528411865,
    3.1368136405944824,
