{
  "git_commit": "51ff4241cfe03f30b846a86bf434127fe54c1b50",
  "git_status_short": "M p3_hat_eval.py\n M p3_hat_train.py",
  "script": "p3_hat_train.py",
  "command": "p3_hat_train.py --name p410m_last2_fixed500 --model_name EleutherAI/pythia-410m-deduped --n_states 256 --sigma_c2c 0.01 --sigma_d2d 0.02 --max_steps 500 --analog_layers 22,23 --output_dir /home/lisq753/projects/HAT_kv107/paper2/results/remote107",
  "mode": "train",
  "model": "EleutherAI/pythia-410m-deduped",
  "dataset_train": "wikitext-2-raw-v1 (train)",
  "dataset_eval": "wikitext-2-raw-v1 (test)",
  "train_seed": 42,
  "train_d2d_seed": 3373,
  "eval_d2d_seed": null,
  "n_states": 256,
  "sigma_c2c": 0.01,
  "sigma_d2d": 0.02,
  "retention_step_time": 0.0,
  "analog_layers": [
    22,
    23
  ],
  "ctx_len": 512,
  "stride": 256,
  "max_steps": 500,
  "batch_size": 1,
  "epochs": 1,
  "lr": 1e-05,
  "ppl_before": 24.9548985505156,
  "ppl_after": 18.850696140087383,
  "losses": [
    3.150149345397949,
    3.3988351821899414,
    3.6009161472320557,
    3.8030240535736084,
    3.5711116790771484,
    3.5272164344787598,
    3.378540515899658,
    3.0817461013793945,
    3.211441993713379,
    3.3672220706939697,
    3.365384817123413,
    3.001126527786255,
    3.282853364944458,
    3.6025819778442383,
    3.364759683609009,
    3.379249334335327,
    3.183831214904785,
    2.9588398933410645,
    2.9181487560272217,
    2.968811273574829,
    3.1880743503570557,
    3.2372772693634033,
    2.949982166290283,
    3.202713966369629,
    3.121013879776001,
    3.153081178665161,
    3.536984443664551,
    3.4852209091186523,
    3.0097758769989014,
    3.2558951377868652,
    3.482149600982666,
    3.3209192752838135,
    3.0793728828430176,
    3.020728588104248,
    2.832707405090332,
    3.1081695556640625,
    3.1686558723449707,
    3.289748191833496,
    3.271407127380371,
    3.2879512310028076,
    3.467404365539551,
    3.3471336364746094,
    3.3870387077331543,
    3.5357460975646973,
    3.5187082290649414,
    3.3417177200317383,
    2.8440487384796143,
    2.295863151550293,
    2.191593647003174,
    2.745954751968384,
    3.0315403938293457,
    2.873624086380005,
    2.6625754833221436,
    3.059122323989868,
    3.0301849842071533,
    2.988577127456665,
    3.2033514976501465,
    3.099531650543213,
    2.7760651111602783,
    2.7699525356292725,
    2.712611198425293,
    2.7853031158447266,
    2.7352707386016846,
    2.644292116165161,
    2.6865668296813965,
    2.7003841400146484,
    2.9046688079833984,
    3.2229549884796143,
    3.0941755771636963,
    2.9575729370117188,
    2.8181865215301514,
    2.5497665405273438,
    2.5618176460266113,
    2.8361871242523193,
    2.825969696044922,
    2.769230365753174,
    2.633958578109741,
    2.546229600906372,
    2.9791128635406494,
    3.4238882064819336,
    3.352048397064209,
    3.35479998588562,
    3.374746084213257,
    3.4935483932495117,
    3.108428716659546,
    2.8418543338775635,
    3.002004861831665,
    3.253441333770752,
    2.997063159942627,
    2.5519859790802,
    2.3659090995788574,
    2.6522464752197266,
    2.8296451568603516,
    2.8607048988342285,
    3.1256906986236572,
    3.2924141883850098,
    2.8898932933807373,
    2.6325795650482178,
    2.9113359451293945,
    3.295377016067505,
    3.2535643577575684,
    3.2088358402252197,
    3.0619664192199707,
    2.9741032123565674,
    2.9570400714874268,
    3.2192740440368652,
    2.623905658721924,
    2.4975860118865967,
    2.7809085845947266,
    3.045576333999634,
    3.1218316555023193,
    3.0897555351257324,
    3.055669069290161,
    3.2204248905181885,
    3.306178092956543,
    3.0988380908966064,
    3.0264153480529785,
    3.2046265602111816,
    2.693230152130127,
    2.456454277038574,
    2.645369529724121,
    2.6850345134735107,
    2.747018814086914,
    2.7250540256500244,
    2.7157094478607178,
    2.8277931213378906,
    2.70037579536438,
    2.739478588104248,
    2.9525222778320312,
    2.9466359615325928,
    2.559363842010498,
    2.6258857250213623,
    2.7581958770751953,
    2.8426029682159424,
    2.8108973503112793,
    2.931553840637207,
    3.1381354331970215,
    3.1307363510131836,
    3.0929088592529297,
    3.109467029571533,
    3.139763355255127,
    3.174032211303711,
    3.1476762294769287,
    3.1974360942840576,
    3.0959701538085938,
    3.323920965194702,
    3.442190408706665,
    3.2847959995269775,
    3.1816463470458984,
    3.0692503452301025,
    3.028191089630127,
    3.031064033508301,
    2.941765785217285,
    3.118795871734619,
    3.280750274658203,
    3.139010190963745,
    2.836683750152588,
    3.1414222717285156,
    3.31648850440979,
    3.0706582069396973,
    2.8596878051757812,
    2.9902901649475098,
    3.1923129558563232,
    3.0555906295776367,
    2.963360548019409,
    2.987386465072632,
    3.1797683238983154,
    3.1576037406921387,
    2.8912975788116455,
    3.0550150871276855,
    3.1241812705993652,
    3.1749765872955322,
    3.222092390060425,
    3.3452672958374023,
    3.189265727996826,
    3.13462233543396,
    3.27540922164917,
    3.078355550765991,
    2.942382335662842,
    2.885652780532837,
    2.8608553409576416,
    2.859503746032715,
    3.069166898727417,
    3.2107739448547363,
    3.208428382873535,
    3.1959567070007324,
    3.287719488143921,
    3.5589487552642822,
    3.6409926414489746,
    3.756246328353882,
    3.5700132846832275,
    3.306948661804199,
    2.9487082958221436,
    2.842378616333008,
    3.050565481185913,
    2.9430267810821533,
    2.7405149936676025,
    2.9084861278533936,
    2.9467782974243164,
    3.0318260192871094,
    3.0998189449310303,
    2.9773318767547607,
    3.114879608154297,
    3.102060079574585,
    3.177501916885376,
    3.0384275913238525,
    3.089759588241577,
    3.085556983947754,
    2.606192111968994,
    3.0447044372558594,
    3.37003493309021,
    2.870387315750122,
    2.642481803894043,
    2.5332119464874268,
    2.721550703048706,
    2.9817495346069336,
    2.9146666526794434,
    2.9528565406799316,
    3.101881980895996,
    3.084105968475342,
    3.2376046180725098,
    3.3080122470855713,
    2.8540797233581543,
    2.426384210586548,
    2.3120031356811523,
    2.442105531692505,
    2.613373279571533,
    2.6174371242523193,
    2.5880560874938965,
    2.5930092334747314,
    2.867546558380127,
    2.9900195598602295,
    2.8891773223876953,
    2.979743480682373,
    3.119030714035034,
    2.867159843444824,
    3.1685338020324707,
    2.9189040660858154,
    2.9567151069641113,
    3.2397043704986572,
    3.019075870513916,
    3.0564892292022705,
    3.1952784061431885,
    3.3393871784210205,
    3.2591969966888428,
    3.3383564949035645,
    3.5228774547576904,
    3.6084537506103516,
    3.165959358215332,
    3.277545690536499,
    3.348881483078003,
    3.260866403579712,
    3.25704026222229,
    3.354844570159912,
    3.1753439903259277,
    3.1935501098632812,
    3.1889123916625977,
    3.386751890182495,
    3.192469835281372,
    3.0989186763763428,
    2.997225522994995,
    2.720061779022217,
    3.1595067977905273,
    3.0327632427215576,
    3.0519559383392334,
    2.7727460861206055,
    2.73785138130188,
    2.729752540588379,
    2.762493371963501,
    2.8160581588745117,
    2.8668975830078125,
    2.834719657897949,
    3.0188567638397217,
    2.8856825828552246,
    2.7509024143218994,
    2.792471170425415,
    2.865165948867798,
    2.904761791229248,
    2.822920322418213,
    2.965017557144165,
    2.9815657138824463,
    2.907658576965332,
    2.9890406131744385,
    2.9933977127075195,
    2.7939908504486084,
    2.844860553741455,
    2.708918809890747,
    2.9536683559417725,
    2.9087679386138916,
    2.893080234527588,
    3.105177879333496,
    2.9663097858428955,
    2.767693281173706,
    2.807041883468628,
    2.935394048690796,
    3.0279688835144043,
    3.051917552947998,
    3.1579573154449463,
    3.2956879138946533,
