{
  "git_commit": "e827696a4c55117304ba9aead7e1acb205759b63",
  "git_status_short": "M p3_hat_train.py\n?? coordination/REMOTE107_NEXT_TASKS_20260512.md\n?? coordination/remote_tasks/107/REMOTE_107_REMAINING_TASKS_20260512.md\n?? scripts/energy_profile_kv_cache.py",
  "script": "p3_hat_train.py",
  "command": "/home/lisq753/projects/HAT/HAT/p3_hat_train.py --name p410m_adaptive_cosine_v4 --model_name EleutherAI/pythia-410m-deduped --n_states 256 --sigma_c2c 0.01 --sigma_d2d 0.02 --max_steps 500 --analog_layers 23 --noise_schedule cosine --output_dir /home/lisq753/projects/HAT_kv107/paper2/results/remote107",
  "mode": "train",
  "model": "EleutherAI/pythia-410m-deduped",
  "dataset_train": "wikitext-2-raw-v1 (train)",
  "dataset_eval": "wikitext-2-raw-v1 (test)",
  "train_seed": 42,
  "train_d2d_seed": 3373,
  "eval_d2d_seed": null,
  "n_states": 256,
  "sigma_c2c": 0.01,
  "sigma_d2d": 0.02,
  "retention_step_time": 0.0,
  "analog_layers": [
    23
  ],
  "ctx_len": 512,
  "stride": 256,
  "max_steps": 500,
  "batch_size": 1,
  "epochs": 1,
  "lr": 1e-05,
  "ppl_before": 23.227458091597544,
  "ppl_after": 18.3107981983601,
  "losses": [
    3.068880796432495,
    3.2848472595214844,
    3.532052755355835,
    3.7176661491394043,
    3.475579261779785,
    3.4786648750305176,
    3.3659701347351074,
    2.9754045009613037,
    3.0163397789001465,
    3.248276948928833,
    3.249701738357544,
    2.9140305519104004,
    3.2362003326416016,
    3.5126540660858154,
    3.2194714546203613,
    3.2506911754608154,
    3.086641550064087,
    2.842618227005005,
    2.861518383026123,
    2.9661645889282227,
    3.1828362941741943,
    3.2328639030456543,
    2.9292399883270264,
    3.1932880878448486,
    3.088759183883667,
    3.110652208328247,
    3.5024547576904297,
    3.404409408569336,
    2.9450738430023193,
    3.21346116065979,
    3.451615571975708,
    3.271064281463623,
    3.033785104751587,
    2.916088342666626,
    2.7947683334350586,
    3.0187509059906006,
    3.0762200355529785,
    3.218566656112671,
    3.1940712928771973,
    3.268040895462036,
    3.421677350997925,
    3.2945735454559326,
    3.318164587020874,
    3.4466562271118164,
    3.434727191925049,
    3.257903575897217,
    2.832493543624878,
    2.2896652221679688,
    2.212653160095215,
    2.7340035438537598,
    2.9702720642089844,
    2.796875476837158,
    2.651923656463623,
    3.0030176639556885,
    2.972045660018921,
    2.9781837463378906,
    3.1368918418884277,
    3.0021069049835205,
    2.6859171390533447,
    2.723196268081665,
    2.6842870712280273,
    2.687412977218628,
    2.673154830932617,
    2.6564266681671143,
    2.5581374168395996,
    2.5867514610290527,
    2.83445143699646,
    3.1324400901794434,
    2.9959003925323486,
    2.8593039512634277,
    2.7125227451324463,
    2.4278981685638428,
    2.4800729751586914,
    2.7767958641052246,
    2.722801923751831,
    2.7157280445098877,
    2.558765172958374,
    2.4750001430511475,
    2.9744014739990234,
    3.420649528503418,
    3.3157031536102295,
    3.326904296875,
    3.377718448638916,
    3.510903835296631,
    3.0769855976104736,
    2.7950384616851807,
    2.941836357116699,
    3.1941123008728027,
    2.901752233505249,
    2.542206287384033,
    2.3661553859710693,
    2.659252882003784,
    2.818591356277466,
    2.8148915767669678,
    3.0646259784698486,
    3.2621874809265137,
    2.8853557109832764,
    2.5943145751953125,
    2.834437608718872,
    3.218456745147705,
    3.132593870162964,
    3.0948984622955322,
    2.9922986030578613,
    2.8993680477142334,
    2.882685899734497,
    3.13362455368042,
    2.5481510162353516,
    2.4772071838378906,
    2.7533082962036133,
    3.0335476398468018,
    3.099752902984619,
    3.0077364444732666,
    3.0041260719299316,
    3.192725896835327,
    3.2310802936553955,
    2.9961466789245605,
    2.9860897064208984,
    3.160494327545166,
    2.6648294925689697,
    2.422917127609253,
    2.6241750717163086,
    2.656614303588867,
    2.737215518951416,
    2.6451971530914307,
    2.627288579940796,
    2.7610063552856445,
    2.660315752029419,
    2.703235387802124,
    2.9341933727264404,
    2.8954358100891113,
    2.4567368030548096,
    2.53848934173584,
    2.641113042831421,
    2.8476288318634033,
    2.7285189628601074,
    2.8981430530548096,
    3.139516592025757,
    3.068453073501587,
    3.0587055683135986,
    3.0546813011169434,
    3.0661845207214355,
    3.0872886180877686,
    3.100853204727173,
    3.15700101852417,
    3.0163373947143555,
    3.283086061477661,
    3.3926963806152344,
    3.231215715408325,
    3.1692728996276855,
    3.0455822944641113,
    2.979567289352417,
    2.971869945526123,
    2.9054811000823975,
    3.046452522277832,
    3.2180094718933105,
    3.1122026443481445,
    2.8397746086120605,
    3.1535451412200928,
    3.297870635986328,
    3.0497896671295166,
    2.8292105197906494,
    2.911606550216675,
    3.1466405391693115,
    2.995368480682373,
    2.918395757675171,
    2.9566354751586914,
    3.151289939880371,
    3.0918431282043457,
    2.8218436241149902,
    3.0025501251220703,
    3.097238779067993,
    3.123401403427124,
    3.1419477462768555,
    3.3135218620300293,
    3.0975711345672607,
    3.0579378604888916,
    3.2068262100219727,
    3.032072067260742,
    2.864833116531372,
    2.8519644737243652,
    2.854222297668457,
    2.82011079788208,
    3.0045666694641113,
    3.179234504699707,
    3.180417537689209,
    3.1468825340270996,
    3.250683546066284,
    3.5439534187316895,
    3.57692551612854,
    3.7460849285125732,
    3.5246694087982178,
    3.28627872467041,
    2.9066169261932373,
    2.8031764030456543,
    3.020820379257202,
    2.927316665649414,
    2.7039153575897217,
    2.907283067703247,
    2.9713549613952637,
    3.0624029636383057,
    3.114047050476074,
    2.9664041996002197,
    3.09977650642395,
    3.108281135559082,
    3.1879115104675293,
    3.02255916595459,
    3.0921542644500732,
    3.089650869369507,
    2.6343982219696045,
    3.0558412075042725,
    3.396813154220581,
    2.856567621231079,
    2.638193368911743,
    2.5368878841400146,
    2.735219717025757,
    3.039186477661133,
    2.966630458831787,
    2.9611942768096924,
    3.1314642429351807,
    3.114306688308716,
    3.2559094429016113,
    3.2989327907562256,
    2.7683610916137695,
    2.3924195766448975,
    2.239931583404541,
    2.3391237258911133,
    2.536973476409912,
    2.5825769901275635,
    2.5373239517211914,
    2.592741012573242,
    2.801950454711914,
    2.959003210067749,
    2.8822031021118164,
    2.981332302093506,
    3.14194393157959,
    2.90380597114563,
    3.1476569175720215,
    2.858992576599121,
    2.8977792263031006,
    3.193187713623047,
    2.9993972778320312,
    2.9961886405944824,
    3.170569896697998,
    3.2982590198516846,
    3.2197113037109375,
    3.302682399749756,
    3.502082586288452,
    3.5363917350769043,
    3.1811020374298096,
    3.290921211242676,
    3.339601993560791,
    3.277008295059204,
    3.279353618621826,
    3.319204568862915,
    3.153693914413452,
    3.1351163387298584,
    3.163667917251587,
    3.383606195449829,
    3.192368268966675,
    3.0704739093780518,
    2.9515748023986816,
    2.7108423709869385,
    3.093794584274292,
    2.986095428466797,
    3.061915636062622,
    2.731182098388672,
    2.7081544399261475,
    2.688770055770874,
    2.7060375213623047,
    2.764021158218384,
    2.8399693965911865,
    2.815547227859497,
    3.017472982406616,
    2.820296287536621,
    2.7262086868286133,
    2.766866683959961,
    2.8199055194854736,
    2.904787063598633,
    2.870795726776123,
    2.9392716884613037,
    2.90964937210083,
    2.8687708377838135,
    2.945497512817383,
    2.947075843811035,
    2.8111844062805176,
    2.843193531036377,
    2.7048685550689697,
    2.9097936153411865,
    2.8971710205078125,
    2.8848607540130615,
    3.043980360031128,
