{
  "git_commit": "51ff4241cfe03f30b846a86bf434127fe54c1b50",
  "git_status_short": "M p3_hat_eval.py\n M p3_hat_train.py",
  "script": "p3_hat_train.py",
  "command": "/home/lisq753/projects/HAT/HAT/p3_hat_train.py --name p410m_multi_l100 --model_name EleutherAI/pythia-410m-deduped --n_states 256 --sigma_c2c 0.01 --sigma_d2d 0.02 --max_steps 100 --analog_layers 23 --d2d_schedule linear --output_dir /home/lisq753/projects/HAT_kv107/paper2/results/remote107",
  "mode": "train",
  "model": "EleutherAI/pythia-410m-deduped",
  "dataset_train": "wikitext-2-raw-v1 (train)",
  "dataset_eval": "wikitext-2-raw-v1 (test)",
  "train_seed": 42,
  "train_d2d_seed": 3373,
  "eval_d2d_seed": null,
  "n_states": 256,
  "sigma_c2c": 0.01,
  "sigma_d2d": 0.02,
  "retention_step_time": 0.0,
  "analog_layers": [
    23
  ],
  "ctx_len": 512,
  "stride": 256,
  "max_steps": 100,
  "batch_size": 1,
  "epochs": 1,
  "lr": 1e-05,
  "ppl_before": 23.299391239025578,
  "ppl_after": 22.29701985141429,
  "losses": [
    3.0805063247680664,
    3.302354574203491,
    3.538937568664551,
    3.6940183639526367,
    3.614506483078003,
    3.5018060207366943,
    3.397878885269165,
    3.035281181335449,
    3.2111380100250244,
    3.3372976779937744,
    3.3331332206726074,
    3.037445545196533,
    3.4833528995513916,
    3.717729330062866,
    3.463162422180176,
    3.388892412185669,
    3.2913239002227783,
    2.8961191177368164,
    2.897411823272705,
    3.0295114517211914,
    3.2487778663635254,
    3.189485549926758,
    2.896538734436035,
    3.2761847972869873,
    3.233736276626587,
    3.1248862743377686,
    3.498267650604248,
    3.416369915008545,
    3.0482895374298096,
    3.344230890274048,
    3.5848031044006348,
    3.39788556098938,
    3.222136974334717,
    3.035522222518921,
    2.9109785556793213,
    3.1582789421081543,
    3.2181618213653564,
    3.3101956844329834,
    3.327991008758545,
    3.372056245803833,
    3.5526154041290283,
    3.4270052909851074,
    3.4861669540405273,
    3.6444551944732666,
    3.7049179077148438,
    3.529841661453247,
    3.078145742416382,
    2.379093647003174,
    2.2931764125823975,
    2.9105544090270996,
    3.1969141960144043,
    2.9365620613098145,
    2.7942285537719727,
    3.2181994915008545,
    3.1677279472351074,
    3.0752480030059814,
    3.359086036682129,
    3.175807476043701,
    2.8522534370422363,
    2.8820242881774902,
    2.8829965591430664,
    2.817286252975464,
    2.809410810470581,
    2.702075242996216,
    2.631826639175415,
    2.7557592391967773,
    3.0203657150268555,
    3.135716438293457,
    3.117293357849121,
    3.0342211723327637,
    2.9578301906585693,
    2.678366184234619,
    2.7956395149230957,
    3.0731911659240723,
    2.8785617351531982,
    2.8703651428222656,
    2.899578809738159,
    2.724942684173584,
    3.089630603790283,
    3.4765164852142334,
    3.415553092956543,
    3.459346055984497,
    3.5087907314300537,
    3.5807816982269287,
    3.2012484073638916,
    2.9945192337036133,
    3.151546001434326,
    3.3915836811065674,
    3.21765398979187,
    2.7984983921051025,
    2.6008448600769043,
    2.801017999649048,
    2.995866060256958,
    3.071168899536133,
    3.203726053237915,
    3.2931339740753174,
    3.0705997943878174,
    2.826747417449951,
    3.140227794647217,
    3.355246067047119
  ],
  "wall_clock_time": 183.3012843132019,
  "gpu_id": "2",
  "gpu_name": "NVIDIA PH402 SKU 200"
}