{
  "git_commit": "51ff4241cfe03f30b846a86bf434127fe54c1b50",
  "git_status_short": "M p3_hat_eval.py\n M p3_hat_train.py",
  "script": "p3_hat_train.py",
  "command": "p3_hat_train.py --name p410m_distill_500 --model_name EleutherAI/pythia-410m-deduped --n_states 256 --sigma_c2c 0.01 --sigma_d2d 0.02 --max_steps 500 --analog_layers 23 --distill_alpha 0.5 --distill_temp 2.0 --output_dir /home/lisq753/projects/HAT_kv107/paper2/results/remote107",
  "mode": "train",
  "model": "EleutherAI/pythia-410m-deduped",
  "dataset_train": "wikitext-2-raw-v1 (train)",
  "dataset_eval": "wikitext-2-raw-v1 (test)",
  "train_seed": 42,
  "train_d2d_seed": 3373,
  "eval_d2d_seed": null,
  "n_states": 256,
  "sigma_c2c": 0.01,
  "sigma_d2d": 0.02,
  "retention_step_time": 0.0,
  "analog_layers": [
    23
  ],
  "ctx_len": 512,
  "stride": 256,
  "max_steps": 500,
  "batch_size": 1,
  "epochs": 1,
  "lr": 1e-05,
  "ppl_before": 23.299391239025578,
  "ppl_after": 21.494162505613883,
  "losses": [
    1.6025506258010864,
    1.6969430446624756,
    1.8158538341522217,
    1.8977773189544678,
    1.875623345375061,
    1.7910979986190796,
    1.7634119987487793,
    1.5879802703857422,
    1.6585568189620972,
    1.738961935043335,
    1.6992415189743042,
    1.5723973512649536,
    1.7978631258010864,
    1.8951950073242188,
    1.7897708415985107,
    1.7404793500900269,
    1.6886112689971924,
    1.501118779182434,
    1.5100919008255005,
    1.5669047832489014,
    1.6836384534835815,
    1.6496288776397705,
    1.5224236249923706,
    1.6783795356750488,
    1.6647108793258667,
    1.6281144618988037,
    1.8031808137893677,
    1.758622646331787,
    1.5907583236694336,
    1.7212233543395996,
    1.8511067628860474,
    1.7472069263458252,
    1.6350747346878052,
    1.5781991481781006,
    1.5148671865463257,
    1.6524567604064941,
    1.6660586595535278,
    1.6981300115585327,
    1.6991904973983765,
    1.7247281074523926,
    1.8343441486358643,
    1.76580011844635,
    1.8000268936157227,
    1.8683186769485474,
    1.9049516916275024,
    1.7983171939849854,
    1.577379584312439,
    1.231827974319458,
    1.1974986791610718,
    1.512892246246338,
    1.6560014486312866,
    1.5145734548568726,
    1.4628463983535767,
    1.7014943361282349,
    1.651063323020935,
    1.6068015098571777,
    1.7279372215270996,
    1.6407195329666138,
    1.4794209003448486,
    1.5098463296890259,
    1.4918620586395264,
    1.4611378908157349,
    1.4622946977615356,
    1.4110244512557983,
    1.3911422491073608,
    1.4489933252334595,
    1.5511614084243774,
    1.6260123252868652,
    1.5954383611679077,
    1.5604267120361328,
    1.5225448608398438,
    1.3978819847106934,
    1.454612135887146,
    1.5875786542892456,
    1.4733432531356812,
    1.4995760917663574,
    1.4960037469863892,
    1.4080716371536255,
    1.5961929559707642,
    1.7769341468811035,
    1.7554295063018799,
    1.7638884782791138,
    1.7882260084152222,
    1.8462779521942139,
    1.6525647640228271,
    1.5447884798049927,
    1.6246089935302734,
    1.7545862197875977,
    1.6335850954055786,
    1.4334840774536133,
    1.383062481880188,
    1.4678758382797241,
    1.558694839477539,
    1.5923056602478027,
    1.664657711982727,
    1.7145593166351318,
    1.5757544040679932,
    1.4704482555389404,
    1.616612434387207,
    1.7272790670394897,
    1.6668847799301147,
    1.6573809385299683,
    1.6181179285049438,
    1.6793113946914673,
    1.6240696907043457,
    1.7175403833389282,
    1.448586344718933,
    1.3598705530166626,
    1.4763892889022827,
    1.6457691192626953,
    1.6541372537612915,
    1.635920763015747,
    1.6814579963684082,
    1.7444583177566528,
    1.817628026008606,
    1.6722238063812256,
    1.6077220439910889,
    1.6952935457229614,
    1.4905211925506592,
    1.3493223190307617,
    1.4531128406524658,
    1.4785945415496826,
    1.469250202178955,
    1.4369475841522217,
    1.5117381811141968,
    1.583531141281128,
    1.449889898300171,
    1.4345967769622803,
    1.5576646327972412,
    1.611466646194458,
    1.4831347465515137,
    1.4591838121414185,
    1.557605504989624,
    1.547484040260315,
    1.4559571743011475,
    1.5737665891647339,
    1.7296974658966064,
    1.67063570022583,
    1.6080400943756104,
    1.6098474264144897,
    1.6229976415634155,
    1.6707477569580078,
    1.688582181930542,
    1.7266088724136353,
    1.6564053297042847,
    1.792205810546875,
    1.8363990783691406,
    1.6987115144729614,
    1.6537220478057861,
    1.6327165365219116,
    1.6117664575576782,
    1.5964720249176025,
    1.563022494316101,
    1.6487120389938354,
    1.735879898071289,
    1.6552107334136963,
    1.5479893684387207,
    1.6930124759674072,
    1.7301502227783203,
    1.6823399066925049,
    1.5966479778289795,
    1.589106559753418,
    1.7016839981079102,
    1.6576915979385376,
    1.6252562999725342,
    1.6337857246398926,
    1.7466074228286743,
    1.807592749595642,
    1.613062858581543,
    1.6780178546905518,
    1.7034502029418945,
    1.6988158226013184,
    1.7226510047912598,
    1.8098673820495605,
    1.7538220882415771,
    1.7228102684020996,
    1.7576656341552734,
    1.6420811414718628,
    1.6087822914123535,
    1.5747674703598022,
    1.552101492881775,
    1.5616035461425781,
    1.5777455568313599,
    1.6466482877731323,
    1.731307864189148,
    1.6842023134231567,
    1.682256817817688,
    1.8559128046035767,
    1.923865795135498,
    1.9773340225219727,
    1.8637261390686035,
    1.7792320251464844,
    1.676455020904541,
    1.5814018249511719,
    1.6734867095947266,
    1.63451087474823,
    1.519687533378601,
    1.6373165845870972,
    1.6397676467895508,
    1.685014247894287,
    1.6849632263183594,
    1.6327627897262573,
    1.6615358591079712,
    1.6371259689331055,
    1.6971198320388794,
    1.651936650276184,
    1.6459863185882568,
    1.6531271934509277,
    1.5328866243362427,
    1.7472633123397827,
    1.885521650314331,
    1.594632625579834,
    1.4731746912002563,
    1.4207888841629028,
    1.5131181478500366,
    1.6889557838439941,
    1.6993602514266968,
    1.6069061756134033,
    1.7124485969543457,
    1.677174687385559,
    1.8086878061294556,
    1.852280616760254,
    1.5657398700714111,
    1.4210282564163208,
    1.4482073783874512,
    1.5204066038131714,
    1.5038138628005981,
    1.482312798500061,
    1.4420603513717651,
    1.4179476499557495,
    1.5703587532043457,
    1.6304177045822144,
    1.6364933252334595,
    1.6618667840957642,
    1.7201579809188843,
    1.6360350847244263,
    1.7095539569854736,
    1.5699729919433594,
    1.6116647720336914,
    1.713301420211792,
    1.6286051273345947,
    1.5889955759048462,
    1.7147612571716309,
    1.7131714820861816,
    1.7172960042953491,
    1.7554000616073608,
    1.8933099508285522,
    1.9549448490142822,
    1.7494127750396729,
    1.7514549493789673,
    1.7573870420455933,
    1.7260863780975342,
    1.7500948905944824,
    1.8095676898956299,
    1.7389651536941528,
    1.6866859197616577,
    1.760298252105713,
    1.8383642435073853,
    1.8004111051559448,
    1.7481797933578491,
    1.6690210103988647,
    1.5297974348068237,
    1.6967600584030151,
    1.664292573928833,
    1.7040736675262451,
    1.5449976921081543,
    1.5445480346679688,
    1.518911361694336,
    1.542254090309143,
    1.5216035842895508,
    1.5646947622299194,
    1.5407845973968506,
    1.652248501777649,
    1.5542287826538086,
    1.47775399684906,
    1.524840235710144,
    1.5785213708877563,
    1.5841675996780396,
    1.5230833292007446,
    1.6086809635162354,
    1.6072434186935425,
    1.5064786672592163,
    1.5422780513763428,
    1.5825614929199219,
    1.5277528762817383,
    1.5262041091918945,
    1.4791560173034668,
    1.6044515371322632,
    1.5811492204666138,
    1.532835841178894,
    1.5905442237854004,
    1.572579026222229,
    1.4813542366027832,
    1.5111439228057861,
