{
  "name": "pythia1b_last4_v2",
  "train_seed": 42,
  "d2d_seed": 3373,
  "n_states": 256,
  "sigma_c2c": 0.01,
  "sigma_d2d": 0.02,
  "analog_layers": [
    12,
    13,
    14,
    15
  ],
  "lr": 1e-05,
  "max_steps": 500,
  "retention_step_time": 0.0,
  "ppl_before": 17.83450683673975,
  "ppl_after": 14.099500298050929,
  "losses": [
    2.729059934616089,
    3.0523440837860107,
    3.282426595687866,
    3.534041166305542,
    3.216580629348755,
    3.21722674369812,
    3.108891487121582,
    2.745412588119507,
    2.715359926223755,
    2.939682960510254,
    2.9960732460021973,
    2.5919923782348633,
    2.973372220993042,
    3.2606911659240723,
    2.928750991821289,
    2.924070119857788,
    2.640977621078491,
    2.431164503097534,
    2.5852577686309814,
    2.7294816970825195,
    2.9618918895721436,
    2.967679977416992,
    2.6845717430114746,
    2.941772937774658,
    2.808260917663574,
    2.866865873336792,
    3.2416296005249023,
    3.1605334281921387,
    2.7139527797698975,
    3.0162603855133057,
    3.1238162517547607,
    2.9731321334838867,
    2.7387709617614746,
    2.6173861026763916,
    2.5027449131011963,
    2.735607147216797,
    2.771193742752075,
    2.961113214492798,
    2.965668201446533,
    3.0314102172851562,
    3.1324141025543213,
    3.065262794494629,
    3.0965538024902344,
    3.171139717102051,
    3.1236331462860107,
    2.948256492614746,
    2.622302532196045,
    2.0661025047302246,
    1.9425954818725586,
    2.501340627670288,
    2.709141731262207,
    2.58805775642395,
    2.3624672889709473,
    2.7512238025665283,
    2.61374568939209,
    2.5887303352355957,
    2.730694532394409,
    2.6321914196014404,
    2.319727659225464,
    2.3859567642211914,
    2.397608757019043,
    2.320284843444824,
    2.314229726791382,
    2.3208096027374268,
    2.2634427547454834,
    2.312831163406372,
    2.5562615394592285,
    2.74951434135437,
    2.642962694168091,
    2.5001683235168457,
    2.44559383392334,
    2.257925033569336,
    2.2318615913391113,
    2.4148266315460205,
    2.3984155654907227,
    2.4043099880218506,
    2.314578056335449,
    2.1917576789855957,
    2.7039875984191895,
    3.1503138542175293,
    3.1225767135620117,
    3.001401901245117,
    3.0894651412963867,
    3.164937734603882,
    2.75264310836792,
    2.489377975463867,
    2.6691486835479736,
    2.9050769805908203,
    2.6317062377929688,
    2.2973837852478027,
    2.0354151725769043,
    2.304227352142334,
    2.5395774841308594,
    2.479292154312134,
    2.8097894191741943,
    3.0539326667785645,
    2.5558383464813232,
    2.3305392265319824,
    2.584139108657837,
    2.9580092430114746,
    2.8948452472686768,
    2.7827296257019043,
    2.738067626953125,
    2.6308867931365967,
    2.6005053520202637,
    2.8140649795532227,
    2.322326421737671,
    2.206082344055176,
    2.4950168132781982,
    2.745513439178467,
    2.7483084201812744,
    2.6531825065612793,
    2.6996047496795654,
    2.8960230350494385,
    2.8893823623657227,
    2.7002456188201904,
    2.6623847484588623,
    2.9006893634796143,
    2.502847909927368,
    2.1131138801574707,
    2.314842700958252,
    2.3435137271881104,
    2.4014251232147217,
    2.4314560890197754,
    2.4239232540130615,
    2.4525279998779297,
    2.507776975631714,
    2.4622063636779785,
    2.591792583465576,
    2.5445668697357178,
    2.191157341003418,
    2.3401741981506348,
    2.3190882205963135,
    2.437812328338623,
    2.3627216815948486,
    2.6331064701080322,
    2.9302752017974854,
    2.8845267295837402,
    2.9213435649871826,
    2.913163661956787,
    2.816815137863159,
    2.838700771331787,
    2.8429033756256104,
    2.9008116722106934,
    2.8069400787353516,
    2.967731475830078,
    3.1349778175354004,
    3.041957139968872,
    2.9732208251953125,
    2.8182425498962402,
    2.7414169311523438,
    2.727295160293579,
    2.646533966064453,
    2.8140640258789062,
    2.9884119033813477,
    2.8828508853912354,
    2.6430153846740723,
    2.909938335418701,
    3.036630392074585,
    2.783493757247925,
    2.554293155670166,
    2.6958601474761963,
    2.9024901390075684,
    2.784386157989502,
    2.698272705078125,
    2.7535815238952637,
    2.929063081741333,
    2.854292869567871,
    2.652839422225952,
    2.809370279312134,
    2.860954523086548,
    2.8874831199645996,
    2.9400522708892822,
    3.093567132949829,
    2.975005626678467,
    2.9185965061187744,
    2.9775612354278564,
    2.8382914066314697,
    2.6748673915863037,
    2.637028455734253,
    2.628687620162964,
    2.6013758182525635,
    2.702449321746826,
    2.9746522903442383,
    2.970654010772705,
    2.888219118118286,
    3.076486110687256,
    3.3424277305603027,
    3.3125455379486084,
    3.5337438583374023,
    3.3719069957733154,
    3.110016345977783,
    2.6743884086608887,
    2.60361385345459,
    2.8298304080963135,
    2.6807808876037598,
    2.4723563194274902,
    2.679417133331299,
    2.693983316421509,
    2.7415454387664795,
    2.8922653198242188,
    2.780686616897583,
    2.8140718936920166,
    2.750249147415161,
    2.8434910774230957,
    2.748234987258911,
    2.8614938259124756,
    2.8926467895507812,
    2.400578498840332,
    2.82511830329895,
    3.0525753498077393,
    2.594959020614624,
    2.439662456512451,
    2.324266195297241,
    2.4017066955566406,
    2.64104962348938,
    2.5656800270080566,
    2.7260308265686035,
    2.8896307945251465,
    2.9032201766967773,
    3.0496225357055664,
    2.9451496601104736,
    2.4129772186279297,
    2.1351609230041504,
    2.115351915359497,
    2.206092596054077,
    2.203737735748291,
    2.1873652935028076,
    2.1197686195373535,
    2.3734893798828125,
    2.542102813720703,
    2.67368221282959,
    2.5327649116516113,
    2.6013147830963135,
    2.8265416622161865,
    2.6186463832855225,
    2.871055841445923,
    2.6563634872436523,
    2.7375056743621826,
    2.9836220741271973,
    2.7196474075317383,
    2.774606227874756,
    2.9107327461242676,
    3.0075366497039795,
    2.96407151222229,
    3.015240430831909,
    3.2058072090148926,
    3.3098902702331543,
    2.987635850906372,
    2.995800256729126,
    3.074810743331909,
    3.0194926261901855,
    2.9775986671447754,
    3.089962959289551,
    2.9112887382507324,
    2.8814854621887207,
    2.911095142364502,
    3.139807939529419,
    3.0062782764434814,
    2.88554310798645,
    2.7087273597717285,
    2.5083534717559814,
    2.7588460445404053,
    2.6750435829162598,
    2.753244638442993,
    2.4823474884033203,
    2.471881866455078,
    2.373816967010498,
    2.4341037273406982,
    2.5599870681762695,
    2.5387566089630127,
    2.582550287246704,
    2.732604742050171,
    2.60018253326416,
    2.5445163249969482,
    2.5724563598632812,
    2.6240155696868896,
    2.752704620361328,
    2.6540393829345703,
    2.70584774017334,
    2.7005887031555176,
    2.636157751083374,
    2.6926441192626953,
    2.748948335647583,
    2.6059679985046387,
    2.6930854320526123,
    2.490528106689453,
    2.6774685382843018,
    2.6951234340667725,
    2.7025651931762695,
    2.8338675498962402,
    2.7825610637664795,
    2.535348892211914,
    2.6050758361816406,
    2.6858606338500977,
    2.7354846000671387,
    2.786151170730591,
    2.9004123210906982,
    3.097120761871338,
    2.886484384536743,
    2.6515963077545166,
    2.5984318256378174,
    2.721026659011841,
    2.842665672302246,
    2.7982900142669678,
    2.6109256744384766,
    2.9292962551116943,
    3.0380330085754395,
    2.88395094871521,
    2.427792549133301,
    2.1751089096069336,
    2.3997950553894043,
    2.419325590133667,
    2.803905725479126,
    3.1729328632354736,
    3.1077828407287598,
    2.813943862915039,
    2.8965039253234863,
    3.0125508308410645,
    3.070784091949463,
    2.9217886924743652,
    2.6124372482299805,
    2.6105737686157227,
    2.797598361968994,
    2.8241777420043945,
