{
  "name": "pythia1b_s456_v2",
  "train_seed": 456,
  "d2d_seed": 3373,
  "n_states": 256,
  "sigma_c2c": 0.01,
  "sigma_d2d": 0.02,
  "analog_layers": [
    14,
    15
  ],
  "lr": 1e-05,
  "max_steps": 500,
  "retention_step_time": 0.0,
  "ppl_before": 17.606619522821454,
  "ppl_after": 13.977636358714918,
  "losses": [
    2.7024717330932617,
    3.0404977798461914,
    3.2808995246887207,
    3.5127477645874023,
    3.206515073776245,
    3.200913667678833,
    3.100536823272705,
    2.729630947113037,
    2.7007977962493896,
    2.922926902770996,
    2.9968931674957275,
    2.58141827583313,
    2.98654842376709,
    3.2396669387817383,
    2.9008569717407227,
    2.9119958877563477,
    2.6244211196899414,
    2.3987843990325928,
    2.5575289726257324,
    2.712337017059326,
    2.9549129009246826,
    2.9547910690307617,
    2.6770694255828857,
    2.9303412437438965,
    2.7978296279907227,
    2.858309268951416,
    3.226608991622925,
    3.144876718521118,
    2.699561595916748,
    2.9974286556243896,
    3.120637893676758,
    2.9698057174682617,
    2.732754707336426,
    2.6013243198394775,
    2.5016634464263916,
    2.728023052215576,
    2.750382900238037,
    2.945239782333374,
    2.943882465362549,
    3.0066375732421875,
    3.120612382888794,
    3.03554630279541,
    3.0671188831329346,
    3.166522741317749,
    3.1055147647857666,
    2.935833215713501,
    2.6211442947387695,
    2.0620386600494385,
    1.938133716583252,
    2.4941487312316895,
    2.704739809036255,
    2.5614802837371826,
    2.359278440475464,
    2.7312755584716797,
    2.5902037620544434,
    2.5720372200012207,
    2.7182390689849854,
    2.629836320877075,
    2.3118317127227783,
    2.369386672973633,
    2.392921209335327,
    2.323996067047119,
    2.298875331878662,
    2.3101277351379395,
    2.2586593627929688,
    2.292876720428467,
    2.540011167526245,
    2.74222993850708,
    2.6254336833953857,
    2.489370346069336,
    2.43821120262146,
    2.2377984523773193,
    2.2227232456207275,
    2.397923707962036,
    2.361013174057007,
    2.369415521621704,
    2.27128005027771,
    2.190709114074707,
    2.6979010105133057,
    3.141861915588379,
    3.102555751800537,
    3.006282329559326,
    3.073223829269409,
    3.155672073364258,
    2.726738929748535,
    2.4587860107421875,
    2.6410908699035645,
    2.885300636291504,
    2.6398675441741943,
    2.2973530292510986,
    2.0248427391052246,
    2.2797176837921143,
    2.5353784561157227,
    2.4692142009735107,
    2.793609142303467,
    3.041485071182251,
    2.5574843883514404,
    2.3050377368927,
    2.573127031326294,
    2.9500720500946045,
    2.8631203174591064,
    2.769577741622925,
    2.7294270992279053,
    2.616560459136963,
    2.5850350856781006,
    2.7981016635894775,
    2.288846969604492,
    2.1863696575164795,
    2.4763646125793457,
    2.7260303497314453,
    2.7332046031951904,
    2.6381545066833496,
    2.699550151824951,
    2.89988112449646,
    2.8808066844940186,
    2.6838393211364746,
    2.6439056396484375,
    2.879610061645508,
    2.472864866256714,
    2.101722478866577,
    2.3022961616516113,
    2.32741117477417,
    2.3947362899780273,
    2.4113121032714844,
    2.4175214767456055,
    2.4474055767059326,
    2.4871788024902344,
    2.4389150142669678,
    2.56998348236084,
    2.5385122299194336,
    2.186429738998413,
    2.3419148921966553,
    2.3097434043884277,
    2.4213037490844727,
    2.35665225982666,
    2.629850387573242,
    2.9239039421081543,
    2.8855860233306885,
    2.923753261566162,
    2.9108269214630127,
    2.8209545612335205,
    2.8280134201049805,
    2.829089403152466,
    2.883594036102295,
    2.7968332767486572,
    2.957427501678467,
    3.1291661262512207,
    3.025726795196533,
    2.9660708904266357,
    2.8055081367492676,
    2.736933708190918,
    2.722151756286621,
    2.642573356628418,
    2.809964418411255,
    2.9741523265838623,
    2.864178419113159,
    2.636768102645874,
    2.9050261974334717,
    3.016641139984131,
    2.788018226623535,
    2.548339605331421,
    2.685105323791504,
    2.8917593955993652,
    2.77679181098938,
    2.6995816230773926,
    2.7544009685516357,
    2.9211232662200928,
    2.8442397117614746,
    2.648937225341797,
    2.7998545169830322,
    2.8630690574645996,
    2.878443717956543,
    2.9378342628479004,
    3.083679676055908,
    2.9732301235198975,
    2.8899524211883545,
    2.9786529541015625,
    2.8386967182159424,
    2.6674869060516357,
    2.6395351886749268,
    2.6129086017608643,
    2.604245901107788,
    2.6867949962615967,
    2.9591903686523438,
    2.949084758758545,
    2.8832924365997314,
    3.0604441165924072,
    3.349506139755249,
    3.3102004528045654,
    3.513822555541992,
    3.338533639907837,
    3.108344078063965,
    2.673973321914673,
    2.596338987350464,
    2.8223462104797363,
    2.6609342098236084,
    2.4460132122039795,
    2.66584849357605,
    2.687297821044922,
    2.745412826538086,
    2.8795530796051025,
    2.768792152404785,
    2.803118944168091,
    2.746633768081665,
    2.8299736976623535,
    2.738537549972534,
    2.861280918121338,
    2.8958632946014404,
    2.400296926498413,
    2.8305461406707764,
    3.0430290699005127,
    2.6008353233337402,
    2.4310481548309326,
    2.3220651149749756,
    2.400670289993286,
    2.62520694732666,
    2.5626542568206787,
    2.7208192348480225,
    2.882521390914917,
    2.9179396629333496,
    3.050158977508545,
    2.9442765712738037,
    2.4082393646240234,
    2.106428384780884,
    2.128321409225464,
    2.218966007232666,
    2.2034687995910645,
    2.177380084991455,
    2.1205737590789795,
    2.370692253112793,
    2.540512800216675,
    2.6617448329925537,
    2.5297017097473145,
    2.5948565006256104,
    2.8239917755126953,
    2.6094486713409424,
    2.8692448139190674,
    2.6466710567474365,
    2.726386308670044,
    2.9737436771392822,
    2.7203543186187744,
    2.7686619758605957,
    2.914306402206421,
    3.010756492614746,
    2.9604249000549316,
    3.0189051628112793,
    3.1908316612243652,
    3.293757915496826,
    2.9760591983795166,
    2.9895875453948975,
    3.0626089572906494,
    3.019886016845703,
    2.967114210128784,
    3.08564829826355,
    2.9070589542388916,
    2.8806848526000977,
    2.905022621154785,
    3.1479196548461914,
    3.0065369606018066,
    2.873521327972412,
    2.7070415019989014,
    2.5039429664611816,
    2.7459213733673096,
    2.6553239822387695,
    2.7378809452056885,
    2.478192090988159,
    2.4619245529174805,
    2.3676841259002686,
    2.4285318851470947,
    2.5390100479125977,
    2.520761728286743,
    2.5728883743286133,
    2.72819185256958,
    2.5872347354888916,
    2.530290126800537,
    2.552053689956665,
    2.6154112815856934,
    2.7511911392211914,
    2.6589674949645996,
    2.7048304080963135,
    2.6845436096191406,
    2.636253833770752,
    2.6887855529785156,
    2.732872247695923,
    2.5881385803222656,
    2.6855881214141846,
    2.4957356452941895,
    2.6657981872558594,
    2.690443754196167,
    2.6985487937927246,
    2.818737268447876,
    2.772524833679199,
    2.5255396366119385,
    2.5804672241210938,
    2.6795713901519775,
    2.723942995071411,
    2.7918508052825928,
    2.894369602203369,
    3.0667316913604736,
    2.8882691860198975,
    2.6553945541381836,
    2.590043783187866,
    2.71240234375,
    2.8334128856658936,
    2.7893927097320557,
    2.6104753017425537,
    2.923552989959717,
    3.0226523876190186,
    2.8844120502471924,
    2.4083445072174072,
    2.159639835357666,
    2.3780484199523926,
    2.402466297149658,
    2.788405418395996,
    3.172548770904541,
    3.1008079051971436,
    2.8039791584014893,
    2.882251262664795,
    3.001720428466797,
    3.070384979248047,
    2.9005038738250732,
    2.5975680351257324,
    2.6035678386688232,
    2.7892444133758545,
    2.8136119842529297,
    2.8044354915618896,
