{
  "name": "pythia1b_last2_v2",
  "train_seed": 42,
  "d2d_seed": 3373,
  "n_states": 256,
  "sigma_c2c": 0.01,
  "sigma_d2d": 0.02,
  "analog_layers": [
    14,
    15
  ],
  "lr": 1e-05,
  "max_steps": 500,
  "retention_step_time": 0.0,
  "ppl_before": 17.606142787224403,
  "ppl_after": 13.994048762830221,
  "losses": [
    2.6924266815185547,
    3.043046712875366,
    3.286377191543579,
    3.514497995376587,
    3.203970432281494,
    3.1998631954193115,
    3.1017627716064453,
    2.7366926670074463,
    2.7029521465301514,
    2.9284677505493164,
    2.9930331707000732,
    2.588082790374756,
    2.9815547466278076,
    3.2426650524139404,
    2.902068614959717,
    2.9140067100524902,
    2.618152618408203,
    2.396944284439087,
    2.551050901412964,
    2.703726291656494,
    2.956871747970581,
    2.9497671127319336,
    2.6797618865966797,
    2.932178497314453,
    2.7996675968170166,
    2.860175132751465,
    3.2289304733276367,
    3.139899730682373,
    2.698488235473633,
    3.0026838779449463,
    3.118163585662842,
    2.97214674949646,
    2.732304811477661,
    2.601299285888672,
    2.501166582107544,
    2.7202961444854736,
    2.7567358016967773,
    2.9467012882232666,
    2.9464986324310303,
    3.0021166801452637,
    3.1183626651763916,
    3.0359508991241455,
    3.0738630294799805,
    3.1645748615264893,
    3.104431390762329,
    2.9406723976135254,
    2.6191704273223877,
    2.0595953464508057,
    1.9355494976043701,
    2.4919919967651367,
    2.7098634243011475,
    2.558413505554199,
    2.351694345474243,
    2.729626417160034,
    2.595141887664795,
    2.570033073425293,
    2.7174112796783447,
    2.6342294216156006,
    2.3109123706817627,
    2.3691060543060303,
    2.3874282836914062,
    2.3248140811920166,
    2.2943382263183594,
    2.302757501602173,
    2.2659754753112793,
    2.2932910919189453,
    2.545881986618042,
    2.7425782680511475,
    2.6235334873199463,
    2.4885566234588623,
    2.4294204711914062,
    2.2392730712890625,
    2.220174789428711,
    2.3959765434265137,
    2.3589813709259033,
    2.357973337173462,
    2.272068738937378,
    2.1904945373535156,
    2.7039012908935547,
    3.1379449367523193,
    3.1040306091308594,
    3.0091850757598877,
    3.0733115673065186,
    3.151765823364258,
    2.7262027263641357,
    2.4590134620666504,
    2.6400272846221924,
    2.8914120197296143,
    2.634648561477661,
    2.3008346557617188,
    2.0342183113098145,
    2.288954734802246,
    2.539483070373535,
    2.4720561504364014,
    2.7918405532836914,
    3.0441126823425293,
    2.5581212043762207,
    2.3053524494171143,
    2.5706675052642822,
    2.948960781097412,
    2.8689510822296143,
    2.7662551403045654,
    2.725482225418091,
    2.6159942150115967,
    2.5917394161224365,
    2.8032877445220947,
    2.2887513637542725,
    2.1902875900268555,
    2.469881772994995,
    2.721482515335083,
    2.724318504333496,
    2.6394550800323486,
    2.6927976608276367,
    2.898568630218506,
    2.875380516052246,
    2.6808595657348633,
    2.649564743041992,
    2.8718676567077637,
    2.4706757068634033,
    2.0962741374969482,
    2.3021085262298584,
    2.3282158374786377,
    2.3971424102783203,
    2.4080896377563477,
    2.41603946685791,
    2.4449572563171387,
    2.484283924102783,
    2.4402239322662354,
    2.5664987564086914,
    2.5365543365478516,
    2.1877925395965576,
    2.332681894302368,
    2.296909809112549,
    2.4189162254333496,
    2.348872184753418,
    2.622532367706299,
    2.933210611343384,
    2.8840491771698,
    2.9290738105773926,
    2.9175689220428467,
    2.8200156688690186,
    2.8269827365875244,
    2.8228049278259277,
    2.880849599838257,
    2.800642967224121,
    2.9569032192230225,
    3.1282951831817627,
    3.031346321105957,
    2.9658749103546143,
    2.807569980621338,
    2.7337727546691895,
    2.723618984222412,
    2.6426544189453125,
    2.8083431720733643,
    2.9787607192993164,
    2.8670239448547363,
    2.634693145751953,
    2.908083200454712,
    3.0174455642700195,
    2.7897889614105225,
    2.545290470123291,
    2.6856279373168945,
    2.8874123096466064,
    2.7770352363586426,
    2.7002928256988525,
    2.752012252807617,
    2.9277713298797607,
    2.8452539443969727,
    2.649697780609131,
    2.79984712600708,
    2.8602285385131836,
    2.875967502593994,
    2.9333605766296387,
    3.076693296432495,
    2.9688823223114014,
    2.8899383544921875,
    2.9790899753570557,
    2.8329062461853027,
    2.669504404067993,
    2.636380672454834,
    2.6130099296569824,
    2.6072380542755127,
    2.6832170486450195,
    2.953911781311035,
    2.9465723037719727,
    2.8774237632751465,
    3.064213275909424,
    3.348369836807251,
    3.313674211502075,
    3.5119097232818604,
    3.344212770462036,
    3.113569498062134,
    2.6750757694244385,
    2.5915958881378174,
    2.8217649459838867,
    2.664351463317871,
    2.4504544734954834,
    2.6650984287261963,
    2.6883978843688965,
    2.7472853660583496,
    2.883612871170044,
    2.7685985565185547,
    2.801105499267578,
    2.7491161823272705,
    2.8327348232269287,
    2.7371482849121094,
    2.8602447509765625,
    2.898613452911377,
    2.400629997253418,
    2.832044839859009,
    3.041102886199951,
    2.5955333709716797,
    2.4291341304779053,
    2.3236758708953857,
    2.3966095447540283,
    2.6246609687805176,
    2.566830635070801,
    2.7186944484710693,
    2.880825996398926,
    2.9168307781219482,
    3.056872844696045,
    2.947068452835083,
    2.4187259674072266,
    2.1039645671844482,
    2.1132519245147705,
    2.214050054550171,
    2.1969361305236816,
    2.1777987480163574,
    2.1173250675201416,
    2.36445951461792,
    2.542222261428833,
    2.663666248321533,
    2.526566743850708,
    2.600475549697876,
    2.824676275253296,
    2.6163432598114014,
    2.870394468307495,
    2.652522087097168,
    2.7350399494171143,
    2.9801695346832275,
    2.7156460285186768,
    2.7668328285217285,
    2.9135501384735107,
    3.009819269180298,
    2.962461233139038,
    3.0190038681030273,
    3.193190336227417,
    3.297104835510254,
    2.9712750911712646,
    2.9844844341278076,
    3.0714080333709717,
    3.019838333129883,
    2.964401960372925,
    3.083855152130127,
    2.9042675495147705,
    2.8781821727752686,
    2.905496835708618,
    3.1448535919189453,
    3.0097646713256836,
    2.8679358959198,
    2.7111268043518066,
    2.5010225772857666,
    2.740760326385498,
    2.662407159805298,
    2.733611822128296,
    2.475661039352417,
    2.4651994705200195,
    2.360145330429077,
    2.429821729660034,
    2.5396742820739746,
    2.52091121673584,
    2.575392723083496,
    2.7223172187805176,
    2.5848255157470703,
    2.525989055633545,
    2.556403398513794,
    2.6105895042419434,
    2.7494843006134033,
    2.656399965286255,
    2.700742244720459,
    2.6895527839660645,
    2.630140781402588,
    2.687035322189331,
    2.7301812171936035,
    2.5918970108032227,
    2.688563823699951,
    2.4944710731506348,
    2.6678354740142822,
    2.6865625381469727,
    2.6904094219207764,
    2.819681406021118,
    2.767362356185913,
    2.5286684036254883,
    2.5827839374542236,
    2.670724391937256,
    2.7256672382354736,
    2.792933940887451,
    2.8887369632720947,
    3.0704023838043213,
    2.8845624923706055,
    2.653935432434082,
    2.589104652404785,
    2.708808660507202,
    2.837296962738037,
    2.7869744300842285,
    2.6134707927703857,
    2.9200267791748047,
    3.022649049758911,
    2.880427598953247,
    2.4073619842529297,
    2.147979974746704,
    2.377289056777954,
    2.3993968963623047,
    2.7856903076171875,
    3.168576955795288,
    3.099130153656006,
    2.8034698963165283,
    2.8771018981933594,
    2.9989514350891113,
    3.068901300430298,
    2.90480637550354,
    2.5993030071258545,
    2.607273817062378,
    2.7920749187469482,
    2.810258388519287,
