{
  "name": "pythia1b_all_v2",
  "train_seed": 42,
  "d2d_seed": 3373,
  "n_states": 256,
  "sigma_c2c": 0.01,
  "sigma_d2d": 0.02,
  "analog_layers": [
    0,
    1,
    2,
    3,
    4,
    5,
    6,
    7,
    8,
    9,
    10,
    11,
    12,
    13,
    14,
    15
  ],
  "lr": 1e-05,
  "max_steps": 500,
  "retention_step_time": 0.0,
  "ppl_before": 19.22242084854636,
  "ppl_after": 14.648287134886116,
  "losses": [
    2.8088338375091553,
    3.1487622261047363,
    3.3355112075805664,
    3.6026806831359863,
    3.29732084274292,
    3.304922103881836,
    3.183821678161621,
    2.808925151824951,
    2.7760372161865234,
    2.9985010623931885,
    3.0623247623443604,
    2.653472900390625,
    3.0181455612182617,
    3.333871841430664,
    3.0267927646636963,
    3.0103461742401123,
    2.7057888507843018,
    2.5248148441314697,
    2.6086761951446533,
    2.7623212337493896,
    3.0106804370880127,
    3.017146587371826,
    2.74371600151062,
    3.016521453857422,
    2.8578851222991943,
    2.906916856765747,
    3.276045799255371,
    3.2391035556793213,
    2.7549259662628174,
    3.090482473373413,
    3.1986327171325684,
    3.036031723022461,
    2.8224239349365234,
    2.6854989528656006,
    2.564445972442627,
    2.7792465686798096,
    2.8212428092956543,
    3.028921604156494,
    3.0081241130828857,
    3.0897326469421387,
    3.1756250858306885,
    3.10785174369812,
    3.1429085731506348,
    3.213498592376709,
    3.2093617916107178,
    3.008019208908081,
    2.6709024906158447,
    2.108898162841797,
    1.9943434000015259,
    2.5406925678253174,
    2.768266439437866,
    2.6240997314453125,
    2.3736491203308105,
    2.7824554443359375,
    2.6993978023529053,
    2.653549909591675,
    2.8067209720611572,
    2.6933493614196777,
    2.4134268760681152,
    2.4666552543640137,
    2.4753637313842773,
    2.3876068592071533,
    2.3505499362945557,
    2.368145704269409,
    2.3451404571533203,
    2.3590784072875977,
    2.5969724655151367,
    2.793793201446533,
    2.7195537090301514,
    2.5463602542877197,
    2.485576629638672,
    2.3021984100341797,
    2.2644617557525635,
    2.474902629852295,
    2.465862989425659,
    2.45222806930542,
    2.451245069503784,
    2.257720708847046,
    2.7597908973693848,
    3.179858446121216,
    3.17326283454895,
    3.0391428470611572,
    3.10894513130188,
    3.197936773300171,
    2.797377824783325,
    2.573014736175537,
    2.69968318939209,
    2.9668235778808594,
    2.6799240112304688,
    2.352834939956665,
    2.1025688648223877,
    2.367438554763794,
    2.5978403091430664,
    2.4948272705078125,
    2.843127727508545,
    3.0654497146606445,
    2.628485918045044,
    2.397043228149414,
    2.611837387084961,
    2.939992904663086,
    2.923694133758545,
    2.823253870010376,
    2.7588484287261963,
    2.639066219329834,
    2.62886905670166,
    2.8890912532806396,
    2.362384796142578,
    2.2495014667510986,
    2.5384585857391357,
    2.8364155292510986,
    2.8324310779571533,
    2.6932692527770996,
    2.7851674556732178,
    2.9822185039520264,
    2.962092638015747,
    2.7592976093292236,
    2.697763442993164,
    2.9592342376708984,
    2.5322911739349365,
    2.147691249847412,
    2.36735200881958,
    2.4341180324554443,
    2.4596364498138428,
    2.474799156188965,
    2.448507070541382,
    2.4989917278289795,
    2.5507724285125732,
    2.49880051612854,
    2.664577007293701,
    2.585750102996826,
    2.1944878101348877,
    2.3046376705169678,
    2.365647554397583,
    2.4980456829071045,
    2.4537699222564697,
    2.6785717010498047,
    2.9770941734313965,
    2.926135301589966,
    2.9758150577545166,
    2.9521169662475586,
    2.8823015689849854,
    2.870678424835205,
    2.8822250366210938,
    2.9825899600982666,
    2.8643388748168945,
    3.0083436965942383,
    3.137962818145752,
    3.069744825363159,
    2.9980461597442627,
    2.8283159732818604,
    2.7786364555358887,
    2.778475046157837,
    2.665346384048462,
    2.853773355484009,
    3.0410654544830322,
    2.9221506118774414,
    2.6622531414031982,
    2.9155678749084473,
    3.102159023284912,
    2.865553379058838,
    2.633849859237671,
    2.717456579208374,
    2.9192955493927,
    2.806438684463501,
    2.7266311645507812,
    2.7940404415130615,
    2.940945625305176,
    2.8970422744750977,
    2.682917833328247,
    2.838850736618042,
    2.86501407623291,
    2.9153428077697754,
    2.995738983154297,
    3.114879608154297,
    3.0158519744873047,
    2.962750196456909,
    3.0144236087799072,
    2.8548519611358643,
    2.7015249729156494,
    2.659303903579712,
    2.6599948406219482,
    2.66759991645813,
    2.7685375213623047,
    2.9908246994018555,
    2.9564406871795654,
    2.9108097553253174,
    3.1098225116729736,
    3.3544883728027344,
    3.344989538192749,
    3.535356044769287,
    3.3870761394500732,
    3.1422173976898193,
    2.723247766494751,
    2.637282371520996,
    2.8674123287200928,
    2.6951916217803955,
    2.5355610847473145,
    2.682856798171997,
    2.6969563961029053,
    2.7391538619995117,
    2.892760753631592,
    2.810121774673462,
    2.883012533187866,
    2.823530912399292,
    2.9048500061035156,
    2.835947036743164,
    2.9045932292938232,
    2.9206502437591553,
    2.4382665157318115,
    2.835944175720215,
    3.0877702236175537,
    2.6446774005889893,
    2.4483494758605957,
    2.3766229152679443,
    2.4428482055664062,
    2.679014205932617,
    2.60050106048584,
    2.7511911392211914,
    2.927985191345215,
    2.9643492698669434,
    3.0822274684906006,
    2.9899520874023438,
    2.49202299118042,
    2.1422924995422363,
    2.091963052749634,
    2.1935269832611084,
    2.2504024505615234,
    2.2471110820770264,
    2.132741689682007,
    2.401893138885498,
    2.5574207305908203,
    2.703368902206421,
    2.576749086380005,
    2.6732289791107178,
    2.8445966243743896,
    2.6727919578552246,
    2.9134507179260254,
    2.715513229370117,
    2.758418321609497,
    3.014047622680664,
    2.7582955360412598,
    2.823712110519409,
    2.965101718902588,
    3.042949914932251,
    3.0136144161224365,
    3.0688984394073486,
    3.255615472793579,
    3.3613994121551514,
    2.999445915222168,
    3.0454909801483154,
    3.084096670150757,
    3.041104793548584,
    3.006378650665283,
    3.122110605239868,
    2.9597890377044678,
    2.9350297451019287,
    2.9603676795959473,
    3.1843931674957275,
    3.047856092453003,
    2.899113416671753,
    2.7569339275360107,
    2.5671703815460205,
    2.7911245822906494,
    2.7217118740081787,
    2.812689781188965,
    2.53340744972229,
    2.5018014907836914,
    2.4142866134643555,
    2.472306728363037,
    2.588690757751465,
    2.5759193897247314,
    2.6502604484558105,
    2.7690370082855225,
    2.614790201187134,
    2.564120292663574,
    2.5922412872314453,
    2.6558873653411865,
    2.785785675048828,
    2.6926066875457764,
    2.7190158367156982,
    2.7220499515533447,
    2.649216651916504,
    2.7160680294036865,
    2.759317398071289,
    2.596729278564453,
    2.7375142574310303,
    2.551431655883789,
    2.7107133865356445,
    2.736034870147705,
    2.7488856315612793,
    2.8593738079071045,
    2.8208839893341064,
    2.569875478744507,
    2.6177799701690674,
    2.723133087158203,
    2.766739845275879,
    2.814819097518921,
    2.9390735626220703,
    3.110687494277954,
    2.90620493888855,
    2.684739351272583,
    2.6196634769439697,
    2.736640214920044,
    2.8608789443969727,
    2.8591394424438477,
    2.63493275642395,
    2.9682230949401855,
    3.079650640487671,
    2.91094708442688,
    2.433799982070923,
    2.2068471908569336,
    2.4430127143859863,
    2.4618992805480957,
    2.8391542434692383,
    3.230442523956299,
    3.1556315422058105,
    2.879128932952881,
    2.945450782775879,
    3.0538101196289062,
    3.109218120574951,
    2.9543533325195312,
    2.653165578842163,
