{
  "name": "pythia1b_s123_v2",
  "train_seed": 123,
  "d2d_seed": 3373,
  "n_states": 256,
  "sigma_c2c": 0.01,
  "sigma_d2d": 0.02,
  "analog_layers": [
    14,
    15
  ],
  "lr": 1e-05,
  "max_steps": 500,
  "retention_step_time": 0.0,
  "ppl_before": 17.608094180507084,
  "ppl_after": 13.976100425691675,
  "losses": [
    2.6955389976501465,
    3.041189670562744,
    3.285874366760254,
    3.515772819519043,
    3.2065391540527344,
    3.204134941101074,
    3.1025173664093018,
    2.7348036766052246,
    2.7000579833984375,
    2.9251110553741455,
    2.9968512058258057,
    2.5844619274139404,
    2.982698917388916,
    3.2466702461242676,
    2.907055377960205,
    2.913989782333374,
    2.6281380653381348,
    2.3985297679901123,
    2.5601539611816406,
    2.7103912830352783,
    2.9581139087677,
    2.951005220413208,
    2.6803011894226074,
    2.9334635734558105,
    2.7989625930786133,
    2.853940963745117,
    3.227367401123047,
    3.1411755084991455,
    2.7032082080841064,
    3.000127077102661,
    3.1184608936309814,
    2.9655885696411133,
    2.736295461654663,
    2.6032721996307373,
    2.501298427581787,
    2.7223541736602783,
    2.756115198135376,
    2.947875738143921,
    2.9452784061431885,
    3.003938674926758,
    3.1185874938964844,
    3.0387661457061768,
    3.0781519412994385,
    3.1671462059020996,
    3.103900671005249,
    2.9391708374023438,
    2.6235177516937256,
    2.0611040592193604,
    1.9358084201812744,
    2.492419958114624,
    2.7075610160827637,
    2.5584239959716797,
    2.347259759902954,
    2.7342095375061035,
    2.5935893058776855,
    2.5696232318878174,
    2.71266770362854,
    2.6296284198760986,
    2.306335926055908,
    2.3740363121032715,
    2.3919742107391357,
    2.3321521282196045,
    2.296060800552368,
    2.3050055503845215,
    2.259075880050659,
    2.2950375080108643,
    2.5431008338928223,
    2.7432916164398193,
    2.618703842163086,
    2.4911365509033203,
    2.4328980445861816,
    2.2387795448303223,
    2.2187719345092773,
    2.3986339569091797,
    2.356374502182007,
    2.37091326713562,
    2.265886068344116,
    2.196016788482666,
    2.69983172416687,
    3.142707586288452,
    3.1103549003601074,
    3.009230375289917,
    3.0738365650177,
    3.1513519287109375,
    2.725780487060547,
    2.4620494842529297,
    2.638645648956299,
    2.8825953006744385,
    2.635819911956787,
    2.294853687286377,
    2.0309526920318604,
    2.281930446624756,
    2.5328798294067383,
    2.4678752422332764,
    2.789957284927368,
    3.050382614135742,
    2.565648078918457,
    2.3051154613494873,
    2.5710816383361816,
    2.9471287727355957,
    2.8657898902893066,
    2.767033100128174,
    2.729302406311035,
    2.6182608604431152,
    2.5863072872161865,
    2.7988362312316895,
    2.296922445297241,
    2.1830973625183105,
    2.478384494781494,
    2.723367691040039,
    2.7340054512023926,
    2.6431455612182617,
    2.696458339691162,
    2.8982198238372803,
    2.8745861053466797,
    2.679567813873291,
    2.647230386734009,
    2.8718514442443848,
    2.474580764770508,
    2.102384090423584,
    2.2936203479766846,
    2.317923069000244,
    2.3901450634002686,
    2.407261371612549,
    2.4124057292938232,
    2.448925495147705,
    2.4817862510681152,
    2.44267201423645,
    2.5716302394866943,
    2.5377016067504883,
    2.198707342147827,
    2.3341116905212402,
    2.306433916091919,
    2.417773962020874,
    2.345371723175049,
    2.6249852180480957,
    2.926630735397339,
    2.8892769813537598,
    2.9343583583831787,
    2.911207914352417,
    2.820329189300537,
    2.831583023071289,
    2.8298888206481934,
    2.887517213821411,
    2.797330856323242,
    2.956996440887451,
    3.126896381378174,
    3.0265791416168213,
    2.964526653289795,
    2.8035614490509033,
    2.736854076385498,
    2.7219836711883545,
    2.6453397274017334,
    2.8105599880218506,
    2.973707675933838,
    2.8700010776519775,
    2.6369922161102295,
    2.9041826725006104,
    3.021165132522583,
    2.785632371902466,
    2.5531368255615234,
    2.684817314147949,
    2.888606309890747,
    2.779550790786743,
    2.7035810947418213,
    2.7580018043518066,
    2.923103094100952,
    2.842661142349243,
    2.6502156257629395,
    2.805870771408081,
    2.8596949577331543,
    2.8767480850219727,
    2.9358060359954834,
    3.082451343536377,
    2.973637580871582,
    2.891448974609375,
    2.982362747192383,
    2.833928346633911,
    2.6742420196533203,
    2.6358909606933594,
    2.6191813945770264,
    2.6071457862854004,
    2.685838460922241,
    2.947814464569092,
    2.9492361545562744,
    2.880800247192383,
    3.0623202323913574,
    3.349724054336548,
    3.313124179840088,
    3.511854648590088,
    3.3408186435699463,
    3.111550807952881,
    2.6691911220550537,
    2.594243049621582,
    2.824563503265381,
    2.661792278289795,
    2.44932222366333,
    2.6640636920928955,
    2.688405752182007,
    2.74452805519104,
    2.880239248275757,
    2.769630193710327,
    2.801020383834839,
    2.7460451126098633,
    2.8254053592681885,
    2.736877679824829,
    2.8638436794281006,
    2.895524024963379,
    2.399129629135132,
    2.8321878910064697,
    3.0414376258850098,
    2.6000795364379883,
    2.4330880641937256,
    2.3241846561431885,
    2.396611452102661,
    2.6258039474487305,
    2.563955307006836,
    2.711132526397705,
    2.87931489944458,
    2.9105865955352783,
    3.0595996379852295,
    2.952549934387207,
    2.417785406112671,
    2.111992835998535,
    2.123140335083008,
    2.2165088653564453,
    2.1926918029785156,
    2.17651104927063,
    2.1148600578308105,
    2.365349054336548,
    2.5443992614746094,
    2.6622860431671143,
    2.523235559463501,
    2.6025943756103516,
    2.8223297595977783,
    2.6082029342651367,
    2.869539260864258,
    2.6363227367401123,
    2.7277495861053467,
    2.972487688064575,
    2.716823101043701,
    2.764253616333008,
    2.913722038269043,
    3.009523391723633,
    2.964916706085205,
    3.017467498779297,
    3.1912996768951416,
    3.2965545654296875,
    2.975637674331665,
    2.9868433475494385,
    3.0697906017303467,
    3.0199193954467773,
    2.9666748046875,
    3.0882351398468018,
    2.9062201976776123,
    2.883661985397339,
    2.9056098461151123,
    3.1430342197418213,
    3.0033984184265137,
    2.8697903156280518,
    2.7070999145507812,
    2.5016207695007324,
    2.745286464691162,
    2.6598823070526123,
    2.736232042312622,
    2.479496479034424,
    2.4642512798309326,
    2.367572069168091,
    2.4321022033691406,
    2.536400079727173,
    2.517859697341919,
    2.5764546394348145,
    2.728217601776123,
    2.5809454917907715,
    2.5300216674804688,
    2.5576863288879395,
    2.610480308532715,
    2.7530884742736816,
    2.653698444366455,
    2.711850881576538,
    2.6912038326263428,
    2.638223171234131,
    2.6860878467559814,
    2.734335422515869,
    2.590669870376587,
    2.685189723968506,
    2.4933035373687744,
    2.668668508529663,
    2.689293622970581,
    2.6949894428253174,
    2.8290953636169434,
    2.77150821685791,
    2.523627281188965,
    2.58443021774292,
    2.6775572299957275,
    2.7214760780334473,
    2.792450189590454,
    2.8927290439605713,
    3.069765090942383,
    2.8881149291992188,
    2.6547446250915527,
    2.598318576812744,
    2.711796283721924,
    2.836514949798584,
    2.78796648979187,
    2.61519455909729,
    2.9213037490844727,
    3.023061752319336,
    2.8882923126220703,
    2.406477451324463,
    2.1514315605163574,
    2.3806591033935547,
    2.399690866470337,
    2.786710262298584,
    3.1699671745300293,
    3.102808713912964,
    2.807020902633667,
    2.880312442779541,
    3.0009891986846924,
    3.065805435180664,
    2.905214786529541,
    2.5998265743255615,
    2.6037471294403076,
    2.793874979019165,
    2.8146090507507324,
    2.8048810958862305,
    2.7864644527435303,
