{
  "name": "pythia1b_hs05_v2",
  "train_seed": 42,
  "d2d_seed": 3373,
  "n_states": 256,
  "sigma_c2c": 0.01,
  "sigma_d2d": 0.05,
  "analog_layers": [
    14,
    15
  ],
  "lr": 1e-05,
  "max_steps": 500,
  "retention_step_time": 0.0,
  "ppl_before": 18.207842401287543,
  "ppl_after": 14.247840498184734,
  "losses": [
    2.7414705753326416,
    3.077476978302002,
    3.319903612136841,
    3.5501890182495117,
    3.2332751750946045,
    3.219442844390869,
    3.1376824378967285,
    2.7623062133789062,
    2.7208452224731445,
    2.942497730255127,
    3.026787519454956,
    2.6251368522644043,
    3.016073703765869,
    3.278801441192627,
    2.951403856277466,
    2.9472973346710205,
    2.653029441833496,
    2.4322776794433594,
    2.5910165309906006,
    2.731678009033203,
    2.9725406169891357,
    2.9741578102111816,
    2.71917462348938,
    2.9544594287872314,
    2.8263485431671143,
    2.897688865661621,
    3.263071298599243,
    3.1649467945098877,
    2.7161991596221924,
    3.0091540813446045,
    3.140528678894043,
    2.9819605350494385,
    2.762057065963745,
    2.6190834045410156,
    2.5170750617980957,
    2.7531371116638184,
    2.8023386001586914,
    2.97522234916687,
    2.9617843627929688,
    3.0269205570220947,
    3.151597261428833,
    3.062467575073242,
    3.098047971725464,
    3.198158025741577,
    3.1267952919006348,
    2.975766897201538,
    2.648711919784546,
    2.074765920639038,
    1.9485670328140259,
    2.5127880573272705,
    2.7323479652404785,
    2.567007541656494,
    2.364112138748169,
    2.750647783279419,
    2.625023365020752,
    2.5866751670837402,
    2.748401165008545,
    2.657839775085449,
    2.334845542907715,
    2.411146402359009,
    2.423849105834961,
    2.3573672771453857,
    2.3202600479125977,
    2.349993944168091,
    2.3126072883605957,
    2.314145803451538,
    2.570110321044922,
    2.7824456691741943,
    2.6547467708587646,
    2.5048749446868896,
    2.4534754753112793,
    2.28059720993042,
    2.2490339279174805,
    2.415876626968384,
    2.3901891708374023,
    2.422822952270508,
    2.3171300888061523,
    2.2207984924316406,
    2.7301793098449707,
    3.1582751274108887,
    3.1179118156433105,
    3.0234427452087402,
    3.085902690887451,
    3.1787989139556885,
    2.751291275024414,
    2.4885408878326416,
    2.6527442932128906,
    2.906873941421509,
    2.6501288414001465,
    2.317793607711792,
    2.058814764022827,
    2.293135166168213,
    2.5628139972686768,
    2.4904065132141113,
    2.815941095352173,
    3.068786382675171,
    2.5757086277008057,
    2.316509962081909,
    2.5867838859558105,
    2.9650285243988037,
    2.8917994499206543,
    2.7990214824676514,
    2.760363817214966,
    2.6358537673950195,
    2.6176252365112305,
    2.8406145572662354,
    2.320044994354248,
    2.212259292602539,
    2.5002007484436035,
    2.750795364379883,
    2.754312753677368,
    2.681664228439331,
    2.7157845497131348,
    2.917407989501953,
    2.8956146240234375,
    2.709535598754883,
    2.6702497005462646,
    2.9114506244659424,
    2.502297878265381,
    2.130640983581543,
    2.314758062362671,
    2.3339970111846924,
    2.426192283630371,
    2.4340546131134033,
    2.440959930419922,
    2.468132734298706,
    2.504652738571167,
    2.4619154930114746,
    2.5909879207611084,
    2.564467430114746,
    2.1726317405700684,
    2.2968454360961914,
    2.3061599731445312,
    2.4351487159729004,
    2.365807294845581,
    2.6553945541381836,
    2.963620901107788,
    2.9042868614196777,
    2.944246530532837,
    2.9305975437164307,
    2.8292195796966553,
    2.85213303565979,
    2.8473849296569824,
    2.9019241333007812,
    2.819113254547119,
    2.9851748943328857,
    3.1443231105804443,
    3.0427165031433105,
    2.9794840812683105,
    2.820262908935547,
    2.7462265491485596,
    2.7493903636932373,
    2.671072006225586,
    2.8264403343200684,
    2.9974658489227295,
    2.8914902210235596,
    2.6527583599090576,
    2.931878089904785,
    3.028946876525879,
    2.7979576587677,
    2.560544013977051,
    2.708406448364258,
    2.906106948852539,
    2.7848575115203857,
    2.7071099281311035,
    2.766848564147949,
    2.9338865280151367,
    2.8548004627227783,
    2.673771858215332,
    2.8159921169281006,
    2.880650520324707,
    2.894319772720337,
    2.953037738800049,
    3.092524528503418,
    2.9995079040527344,
    2.9292564392089844,
    2.995574474334717,
    2.8404433727264404,
    2.6936304569244385,
    2.659893035888672,
    2.644634962081909,
    2.6330013275146484,
    2.7189061641693115,
    2.971484422683716,
    2.9637176990509033,
    2.8965559005737305,
    3.0774526596069336,
    3.3741912841796875,
    3.3283565044403076,
    3.545060396194458,
    3.373938798904419,
    3.1342897415161133,
    2.6966331005096436,
    2.61230206489563,
    2.819139242172241,
    2.6653635501861572,
    2.4655823707580566,
    2.67460036277771,
    2.6923818588256836,
    2.758370876312256,
    2.8929991722106934,
    2.778684377670288,
    2.8182592391967773,
    2.762913465499878,
    2.8459062576293945,
    2.7597551345825195,
    2.885692834854126,
    2.912402391433716,
    2.417884349822998,
    2.845423460006714,
    3.062171459197998,
    2.613125801086426,
    2.4495670795440674,
    2.3464081287384033,
    2.4119036197662354,
    2.6420676708221436,
    2.585909128189087,
    2.740720748901367,
    2.9001505374908447,
    2.9390671253204346,
    3.076308488845825,
    2.96587872505188,
    2.430452585220337,
    2.099602222442627,
    2.105421781539917,
    2.2056610584259033,
    2.2050070762634277,
    2.1897614002227783,
    2.1224050521850586,
    2.364469051361084,
    2.5502820014953613,
    2.6846959590911865,
    2.565094470977783,
    2.6138978004455566,
    2.840144395828247,
    2.6276257038116455,
    2.8935158252716064,
    2.6745855808258057,
    2.7449405193328857,
    2.9993038177490234,
    2.7316207885742188,
    2.7798616886138916,
    2.914353132247925,
    3.017535448074341,
    2.9723963737487793,
    3.0351803302764893,
    3.2111308574676514,
    3.309946060180664,
    2.9841694831848145,
    2.9976754188537598,
    3.0785491466522217,
    3.0249202251434326,
    2.9817092418670654,
    3.1013946533203125,
    2.9256625175476074,
    2.88791561126709,
    2.915127754211426,
    3.1503326892852783,
    3.016767978668213,
    2.8861992359161377,
    2.7335617542266846,
    2.5056979656219482,
    2.7660775184631348,
    2.681267738342285,
    2.7552144527435303,
    2.487605094909668,
    2.4840900897979736,
    2.3799307346343994,
    2.4395883083343506,
    2.55242657661438,
    2.547689914703369,
    2.5889968872070312,
    2.7408933639526367,
    2.6052401065826416,
    2.538200616836548,
    2.5900909900665283,
    2.6296231746673584,
    2.7651054859161377,
    2.666614532470703,
    2.7061562538146973,
    2.7081215381622314,
    2.6404576301574707,
    2.6997313499450684,
    2.750767707824707,
    2.6142661571502686,
    2.6992194652557373,
    2.5147604942321777,
    2.6823582649230957,
    2.7116949558258057,
    2.703361988067627,
    2.8395910263061523,
    2.7955901622772217,
    2.544356107711792,
    2.5945565700531006,
    2.687507152557373,
    2.742217779159546,
    2.801943302154541,
    2.898178815841675,
    3.091515064239502,
    2.907458543777466,
    2.683586359024048,
    2.6011152267456055,
    2.726355791091919,
    2.843722343444824,
    2.8054420948028564,
    2.621643543243408,
    2.9432332515716553,
    3.0500097274780273,
    2.9054410457611084,
    2.4441335201263428,
    2.1820263862609863,
    2.399472713470459,
    2.4281933307647705,
    2.8105735778808594,
    3.1826963424682617,
    3.1099607944488525,
    2.8143999576568604,
    2.894402265548706,
    3.016974687576294,
    3.077554941177368,
    2.9373674392700195,
    2.6280276775360107,
    2.618333578109741,
    2.800658941268921,
    2.813023090362549,
    2.8243324756622314,
