{
  "name": "pythia1b_c2c01_v2",
  "train_seed": 42,
  "d2d_seed": 3373,
  "n_states": 256,
  "sigma_c2c": 0.01,
  "sigma_d2d": 0.0,
  "analog_layers": [
    14,
    15
  ],
  "lr": 1e-05,
  "max_steps": 500,
  "retention_step_time": 0.0,
  "ppl_before": 17.465577081843556,
  "ppl_after": 13.914742058496596,
  "losses": [
    2.6780714988708496,
    3.034501075744629,
    3.270854949951172,
    3.504892349243164,
    3.1988043785095215,
    3.2004456520080566,
    3.091304063796997,
    2.730374574661255,
    2.704307794570923,
    2.932105302810669,
    2.986004590988159,
    2.5743408203125,
    2.9751999378204346,
    3.235860824584961,
    2.888465166091919,
    2.903595447540283,
    2.612063407897949,
    2.3882510662078857,
    2.544362783432007,
    2.7040534019470215,
    2.9560976028442383,
    2.9408371448516846,
    2.662745714187622,
    2.922243118286133,
    2.7903435230255127,
    2.850849151611328,
    3.214871644973755,
    3.1347968578338623,
    2.6988589763641357,
    3.001946210861206,
    3.1151983737945557,
    2.9781293869018555,
    2.7238941192626953,
    2.6026089191436768,
    2.498230218887329,
    2.7149078845977783,
    2.7410049438476562,
    2.9358654022216797,
    2.9466552734375,
    2.9983482360839844,
    3.105461835861206,
    3.030862808227539,
    3.061497926712036,
    3.1572694778442383,
    3.1016926765441895,
    2.932532787322998,
    2.6164939403533936,
    2.057082176208496,
    1.9365038871765137,
    2.492827892303467,
    2.7067418098449707,
    2.5634121894836426,
    2.3555054664611816,
    2.726919651031494,
    2.59085750579834,
    2.5714688301086426,
    2.710348129272461,
    2.628441572189331,
    2.3084514141082764,
    2.357508420944214,
    2.3708128929138184,
    2.3227293491363525,
    2.2946622371673584,
    2.288501024246216,
    2.2562551498413086,
    2.288336753845215,
    2.5380213260650635,
    2.7344799041748047,
    2.619704484939575,
    2.4908318519592285,
    2.426159620285034,
    2.232638359069824,
    2.206407070159912,
    2.39607572555542,
    2.3462135791778564,
    2.3291356563568115,
    2.2583374977111816,
    2.1889474391937256,
    2.6984496116638184,
    3.1344282627105713,
    3.102375030517578,
    3.0080108642578125,
    3.069169759750366,
    3.1388096809387207,
    2.7210605144500732,
    2.4516022205352783,
    2.6388959884643555,
    2.8854551315307617,
    2.637819766998291,
    2.2960898876190186,
    2.027573823928833,
    2.2918896675109863,
    2.5341780185699463,
    2.471590757369995,
    2.7793965339660645,
    3.0396599769592285,
    2.551459789276123,
    2.2969589233398438,
    2.5628421306610107,
    2.948719024658203,
    2.862957715988159,
    2.757375717163086,
    2.7157490253448486,
    2.6086206436157227,
    2.5874345302581787,
    2.795161008834839,
    2.2814905643463135,
    2.186514377593994,
    2.465949773788452,
    2.717348337173462,
    2.713747978210449,
    2.631375789642334,
    2.685887575149536,
    2.8897056579589844,
    2.8720803260803223,
    2.6721584796905518,
    2.649219274520874,
    2.8607473373413086,
    2.457765579223633,
    2.0823874473571777,
    2.30112361907959,
    2.3315510749816895,
    2.384162187576294,
    2.3890249729156494,
    2.414114475250244,
    2.441965103149414,
    2.479964017868042,
    2.4324491024017334,
    2.5595240592956543,
    2.5300188064575195,
    2.2031168937683105,
    2.352900981903076,
    2.298179864883423,
    2.4161505699157715,
    2.343846082687378,
    2.608297824859619,
    2.9201016426086426,
    2.8758456707000732,
    2.9256935119628906,
    2.912156343460083,
    2.8205268383026123,
    2.8188257217407227,
    2.8197901248931885,
    2.877039670944214,
    2.8016419410705566,
    2.9443788528442383,
    3.1273436546325684,
    3.0365169048309326,
    2.964643955230713,
    2.8026959896087646,
    2.7342305183410645,
    2.714869499206543,
    2.629542112350464,
    2.8042750358581543,
    2.9751956462860107,
    2.8617162704467773,
    2.6301257610321045,
    2.9018149375915527,
    3.0206902027130127,
    2.7935101985931396,
    2.545971155166626,
    2.6792540550231934,
    2.8829739093780518,
    2.7777063846588135,
    2.7018606662750244,
    2.7475359439849854,
    2.927577495574951,
    2.8488705158233643,
    2.642749309539795,
    2.7982635498046875,
    2.857349395751953,
    2.869891881942749,
    2.9193780422210693,
    3.0744547843933105,
    2.9590024948120117,
    2.870468854904175,
    2.9760801792144775,
    2.833308458328247,
    2.6629676818847656,
    2.628750801086426,
    2.6065170764923096,
    2.600464105606079,
    2.6692378520965576,
    2.954653739929199,
    2.9516191482543945,
    2.877213954925537,
    3.060184955596924,
    3.3363518714904785,
    3.307689905166626,
    3.49336838722229,
    3.3272323608398438,
    3.10888409614563,
    2.6693592071533203,
    2.5819461345672607,
    2.827958822250366,
    2.6670913696289062,
    2.4453237056732178,
    2.6663269996643066,
    2.695012331008911,
    2.747882604598999,
    2.880408525466919,
    2.7703301906585693,
    2.798524856567383,
    2.7442564964294434,
    2.8263659477233887,
    2.726047992706299,
    2.8478033542633057,
    2.89083194732666,
    2.3936822414398193,
    2.8343522548675537,
    3.036224842071533,
    2.593376398086548,
    2.418565034866333,
    2.3144659996032715,
    2.3962972164154053,
    2.6181561946868896,
    2.565502882003784,
    2.714576482772827,
    2.8749165534973145,
    2.9036824703216553,
    3.0512537956237793,
    2.94409441947937,
    2.418238401412964,
    2.112438917160034,
    2.1224288940429688,
    2.22613263130188,
    2.1996166706085205,
    2.1784169673919678,
    2.122875690460205,
    2.370110273361206,
    2.53890061378479,
    2.6606392860412598,
    2.517359733581543,
    2.6043336391448975,
    2.8228695392608643,
    2.613659620285034,
    2.8645119667053223,
    2.643819808959961,
    2.7374026775360107,
    2.972137212753296,
    2.713810443878174,
    2.763843059539795,
    2.9181220531463623,
    3.0118019580841064,
    2.9591691493988037,
    3.013094425201416,
    3.1852505207061768,
    3.297473907470703,
    2.9684767723083496,
    2.981858968734741,
    3.075016975402832,
    3.017725706100464,
    2.9576539993286133,
    3.0769765377044678,
    2.895036220550537,
    2.879176139831543,
    2.9050443172454834,
    3.1453866958618164,
    3.007957696914673,
    2.868838310241699,
    2.7063145637512207,
    2.4987378120422363,
    2.732625961303711,
    2.659123420715332,
    2.7266600131988525,
    2.4778900146484375,
    2.463001251220703,
    2.3522722721099854,
    2.4299445152282715,
    2.5378506183624268,
    2.5129337310791016,
    2.5768535137176514,
    2.7216010093688965,
    2.5798680782318115,
    2.5233378410339355,
    2.552180767059326,
    2.6052539348602295,
    2.7492785453796387,
    2.6531589031219482,
    2.7023794651031494,
    2.6804537773132324,
    2.6286089420318604,
    2.6856894493103027,
    2.721442222595215,
    2.5838096141815186,
    2.689034938812256,
    2.4887542724609375,
    2.6682019233703613,
    2.679673910140991,
    2.6873080730438232,
    2.811160087585449,
    2.76101016998291,
    2.5258500576019287,
    2.578152656555176,
    2.6696724891662598,
    2.728386163711548,
    2.7912771701812744,
    2.890328884124756,
    3.0699822902679443,
    2.8807101249694824,
    2.6394145488739014,
    2.5900917053222656,
    2.699826240539551,
    2.8421859741210938,
    2.783059597015381,
    2.6119298934936523,
    2.9125173091888428,
    3.0135984420776367,
    2.8704304695129395,
    2.3939261436462402,
    2.1389846801757812,
    2.3714041709899902,
    2.3931684494018555,
    2.7759482860565186,
    3.172581672668457,
    3.1018097400665283,
    2.8042757511138916,
    2.8714494705200195,
    2.9981656074523926,
    3.0734078884124756,
    2.8937876224517822,
    2.5902178287506104,
    2.608245372772217,
    2.791273593902588,
    2.8140594959259033,
    2.8033337593078613,
