{
  "name": "pythia1b_d2d05_v2",
  "train_seed": 42,
  "d2d_seed": 3373,
  "n_states": 256,
  "sigma_c2c": 0.0,
  "sigma_d2d": 0.05,
  "analog_layers": [
    14,
    15
  ],
  "lr": 1e-05,
  "max_steps": 500,
  "retention_step_time": 0.0,
  "ppl_before": 18.18436276530892,
  "ppl_after": 14.217890152973625,
  "losses": [
    2.7474236488342285,
    3.0764591693878174,
    3.316927909851074,
    3.5496673583984375,
    3.232999801635742,
    3.219144105911255,
    3.1322858333587646,
    2.757411241531372,
    2.7180776596069336,
    2.9370522499084473,
    3.02724289894104,
    2.6215386390686035,
    3.012141704559326,
    3.2760703563690186,
    2.948594331741333,
    2.941295862197876,
    2.6582210063934326,
    2.4329395294189453,
    2.5965254306793213,
    2.73317551612854,
    2.9690794944763184,
    2.9776649475097656,
    2.7205810546875,
    2.9532992839813232,
    2.8211443424224854,
    2.8926703929901123,
    3.258248805999756,
    3.1665003299713135,
    2.7176895141601562,
    3.0070290565490723,
    3.1377973556518555,
    2.9781885147094727,
    2.7607421875,
    2.619997024536133,
    2.515329122543335,
    2.7568721771240234,
    2.7987990379333496,
    2.9750373363494873,
    2.958869695663452,
    3.030155897140503,
    3.149812936782837,
    3.060357093811035,
    3.0973479747772217,
    3.1944525241851807,
    3.124288558959961,
    2.968271493911743,
    2.650191068649292,
    2.073319673538208,
    1.9479717016220093,
    2.5112383365631104,
    2.7310712337493896,
    2.5671541690826416,
    2.362274169921875,
    2.749018907546997,
    2.622075319290161,
    2.584996223449707,
    2.7437753677368164,
    2.6523146629333496,
    2.334465265274048,
    2.409975051879883,
    2.423030138015747,
    2.3578944206237793,
    2.3195595741271973,
    2.352802038192749,
    2.3082034587860107,
    2.3135488033294678,
    2.568481206893921,
    2.7788262367248535,
    2.6480884552001953,
    2.505906820297241,
    2.4568657875061035,
    2.277968168258667,
    2.248173713684082,
    2.4132986068725586,
    2.389638662338257,
    2.4239468574523926,
    2.312413454055786,
    2.2215123176574707,
    2.7276501655578613,
    3.1603636741638184,
    3.1196675300598145,
    3.0213119983673096,
    3.0853142738342285,
    3.1782069206237793,
    2.750075578689575,
    2.488355875015259,
    2.6567223072052,
    2.901101589202881,
    2.6484663486480713,
    2.3120079040527344,
    2.055903434753418,
    2.2904164791107178,
    2.557218551635742,
    2.4909322261810303,
    2.8137047290802,
    3.0683627128601074,
    2.5790932178497314,
    2.3161911964416504,
    2.584202527999878,
    2.9621472358703613,
    2.8882534503936768,
    2.7991583347320557,
    2.7597954273223877,
    2.6326637268066406,
    2.6119964122772217,
    2.8321781158447266,
    2.321380376815796,
    2.211026906967163,
    2.500720739364624,
    2.7508015632629395,
    2.755746841430664,
    2.677159070968628,
    2.7170045375823975,
    2.9151015281677246,
    2.8960132598876953,
    2.7072248458862305,
    2.6654582023620605,
    2.915050506591797,
    2.502408742904663,
    2.1321310997009277,
    2.3125150203704834,
    2.3304717540740967,
    2.4195289611816406,
    2.4342429637908936,
    2.4399774074554443,
    2.4678728580474854,
    2.503829002380371,
    2.464273452758789,
    2.5929887294769287,
    2.5642800331115723,
    2.1787045001983643,
    2.2987256050109863,
    2.3099944591522217,
    2.4342799186706543,
    2.368170738220215,
    2.660504102706909,
    2.9570531845092773,
    2.9063467979431152,
    2.9424638748168945,
    2.9278762340545654,
    2.828494071960449,
    2.8532276153564453,
    2.852550506591797,
    2.9048023223876953,
    2.819061517715454,
    2.9852733612060547,
    3.1424288749694824,
    3.038027763366699,
    2.9798166751861572,
    2.8199210166931152,
    2.7476415634155273,
    2.7433791160583496,
    2.6683685779571533,
    2.8304526805877686,
    2.991830587387085,
    2.8891210556030273,
    2.6555683612823486,
    2.929503917694092,
    3.02978253364563,
    2.7952957153320312,
    2.563275098800659,
    2.7083005905151367,
    2.906221389770508,
    2.7837932109832764,
    2.707719087600708,
    2.7714176177978516,
    2.9289751052856445,
    2.8519041538238525,
    2.673900604248047,
    2.817331075668335,
    2.8823602199554443,
    2.8952362537384033,
    2.9543957710266113,
    3.093266248703003,
    3.0009706020355225,
    2.9285497665405273,
    2.9963057041168213,
    2.8421247005462646,
    2.6948530673980713,
    2.657249689102173,
    2.645489454269409,
    2.6310484409332275,
    2.720233201980591,
    2.968187093734741,
    2.9635212421417236,
    2.8928914070129395,
    3.073974847793579,
    3.3759677410125732,
    3.3251891136169434,
    3.542304754257202,
    3.3731155395507812,
    3.132251262664795,
    2.693228006362915,
    2.6112890243530273,
    2.8199172019958496,
    2.6643009185791016,
    2.4670417308807373,
    2.67397403717041,
    2.689177989959717,
    2.7560882568359375,
    2.8913559913635254,
    2.7763001918792725,
    2.817357063293457,
    2.7594871520996094,
    2.8405537605285645,
    2.7604880332946777,
    2.881359338760376,
    2.9108309745788574,
    2.4176011085510254,
    2.8445358276367188,
    3.0619335174560547,
    2.61211895942688,
    2.448443651199341,
    2.3424949645996094,
    2.4136455059051514,
    2.6403348445892334,
    2.582545042037964,
    2.7365529537200928,
    2.9003372192382812,
    2.9333677291870117,
    3.074374198913574,
    2.963963270187378,
    2.4235918521881104,
    2.1013026237487793,
    2.1123595237731934,
    2.2041335105895996,
    2.206174612045288,
    2.188563346862793,
    2.1216881275177,
    2.364739179611206,
    2.5504062175750732,
    2.679385185241699,
    2.5626232624053955,
    2.6134843826293945,
    2.8348848819732666,
    2.625875949859619,
    2.893711566925049,
    2.6718332767486572,
    2.7399299144744873,
    2.9937052726745605,
    2.729229688644409,
    2.779360294342041,
    2.9143271446228027,
    3.014922857284546,
    2.9686882495880127,
    3.034001588821411,
    3.2099573612213135,
    3.308391809463501,
    2.9846696853637695,
    2.9985191822052,
    3.073153257369995,
    3.020019292831421,
    2.9845709800720215,
    3.102525472640991,
    2.924330711364746,
    2.889479398727417,
    2.914985179901123,
    3.147423505783081,
    3.0128374099731445,
    2.8869450092315674,
    2.731112480163574,
    2.5064077377319336,
    2.7675833702087402,
    2.6756722927093506,
    2.7550978660583496,
    2.4901368618011475,
    2.4804608821868896,
    2.3813459873199463,
    2.4375550746917725,
    2.549272298812866,
    2.546308994293213,
    2.587563991546631,
    2.745572805404663,
    2.60351824760437,
    2.5390684604644775,
    2.5884060859680176,
    2.628885507583618,
    2.7664504051208496,
    2.6663172245025635,
    2.7120468616485596,
    2.706859588623047,
    2.6457180976867676,
    2.698922872543335,
    2.751134157180786,
    2.6169872283935547,
    2.6960153579711914,
    2.5110762119293213,
    2.6773922443389893,
    2.710411548614502,
    2.7069907188415527,
    2.841870069503784,
    2.796525239944458,
    2.5420689582824707,
    2.5938901901245117,
    2.6905136108398438,
    2.7386374473571777,
    2.7984426021575928,
    2.900259256362915,
    3.0911850929260254,
    2.911073923110962,
    2.680473804473877,
    2.6027462482452393,
    2.7277040481567383,
    2.8416695594787598,
    2.806157112121582,
    2.6222193241119385,
    2.941694498062134,
    3.048872709274292,
    2.906784772872925,
    2.441246747970581,
    2.182227849960327,
    2.3992812633514404,
    2.426522731781006,
    2.8094213008880615,
    3.179558753967285,
    3.1088738441467285,
    2.814821481704712,
    2.8970863819122314,
    3.015031099319458,
    3.076310634613037,
    2.9345431327819824,
    2.623525381088257,
    2.616288423538208,
    2.7983930110931396,
    2.8147737979888916,
    2.8214759826660156,
