{
  "name": "pythia1b_last1_v2",
  "train_seed": 42,
  "d2d_seed": 3373,
  "n_states": 256,
  "sigma_c2c": 0.01,
  "sigma_d2d": 0.02,
  "analog_layers": [
    15
  ],
  "lr": 1e-05,
  "max_steps": 500,
  "retention_step_time": 0.0,
  "ppl_before": 17.489791538082567,
  "ppl_after": 13.92799190294971,
  "losses": [
    2.6870343685150146,
    3.0337343215942383,
    3.275984525680542,
    3.5127933025360107,
    3.200946092605591,
    3.1989939212799072,
    3.0894854068756104,
    2.7292582988739014,
    2.698894500732422,
    2.922450542449951,
    2.9923532009124756,
    2.574115037918091,
    2.978666067123413,
    3.243086814880371,
    2.894286870956421,
    2.902705192565918,
    2.616938591003418,
    2.392049789428711,
    2.549565553665161,
    2.701883554458618,
    2.951563596725464,
    2.9485135078430176,
    2.6702778339385986,
    2.927478313446045,
    2.7932615280151367,
    2.8518688678741455,
    3.218679428100586,
    3.14359188079834,
    2.7058050632476807,
    3.003619909286499,
    3.1116695404052734,
    2.9695687294006348,
    2.733950614929199,
    2.601081609725952,
    2.4956226348876953,
    2.716076612472534,
    2.734557867050171,
    2.9363629817962646,
    2.9469382762908936,
    2.99831485748291,
    3.1073970794677734,
    3.0307109355926514,
    3.0665409564971924,
    3.157262086868286,
    3.102802276611328,
    2.9289352893829346,
    2.6220602989196777,
    2.058298349380493,
    1.9353673458099365,
    2.4954006671905518,
    2.706955909729004,
    2.5659701824188232,
    2.3570213317871094,
    2.7239279747009277,
    2.592634439468384,
    2.5712227821350098,
    2.706385612487793,
    2.6269073486328125,
    2.3073134422302246,
    2.3617794513702393,
    2.375866651535034,
    2.32409405708313,
    2.295025110244751,
    2.298689842224121,
    2.2529680728912354,
    2.291311740875244,
    2.5394818782806396,
    2.7417242527008057,
    2.6185948848724365,
    2.494873523712158,
    2.4359052181243896,
    2.230886936187744,
    2.213931083679199,
    2.3958828449249268,
    2.346400260925293,
    2.346801996231079,
    2.251375675201416,
    2.1881752014160156,
    2.699679374694824,
    3.136920928955078,
    3.106074810028076,
    3.0072457790374756,
    3.0733470916748047,
    3.142989158630371,
    2.7217535972595215,
    2.4557859897613525,
    2.646653413772583,
    2.8795063495635986,
    2.6283459663391113,
    2.2910337448120117,
    2.0291430950164795,
    2.289670944213867,
    2.529715061187744,
    2.466505289077759,
    2.7839608192443848,
    3.0409793853759766,
    2.5611414909362793,
    2.300029754638672,
    2.568279504776001,
    2.943371057510376,
    2.86177134513855,
    2.762371063232422,
    2.7185590267181396,
    2.6101598739624023,
    2.5850589275360107,
    2.7959818840026855,
    2.2883591651916504,
    2.1872012615203857,
    2.4728684425354004,
    2.712050199508667,
    2.720003843307495,
    2.6306941509246826,
    2.6904847621917725,
    2.8934571743011475,
    2.875378131866455,
    2.678868293762207,
    2.6464552879333496,
    2.8685970306396484,
    2.4671168327331543,
    2.088178873062134,
    2.2980916500091553,
    2.3314778804779053,
    2.387087106704712,
    2.399965286254883,
    2.4171202182769775,
    2.4409055709838867,
    2.4811997413635254,
    2.4358813762664795,
    2.5617423057556152,
    2.5313491821289062,
    2.208728790283203,
    2.346344470977783,
    2.2982914447784424,
    2.4209470748901367,
    2.3501393795013428,
    2.61661696434021,
    2.9193034172058105,
    2.8859994411468506,
    2.9215195178985596,
    2.9179153442382812,
    2.8209221363067627,
    2.8244380950927734,
    2.8249683380126953,
    2.884671211242676,
    2.799194574356079,
    2.9466607570648193,
    3.1268718242645264,
    3.0339856147766113,
    2.9667139053344727,
    2.8015637397766113,
    2.741950273513794,
    2.7130846977233887,
    2.634549856185913,
    2.8115713596343994,
    2.971524715423584,
    2.8624284267425537,
    2.63399338722229,
    2.9048194885253906,
    3.0215060710906982,
    2.7887749671936035,
    2.5510735511779785,
    2.6780731678009033,
    2.883591651916504,
    2.775559186935425,
    2.7028870582580566,
    2.7592413425445557,
    2.9268059730529785,
    2.849681854248047,
    2.652829885482788,
    2.798499822616577,
    2.8599331378936768,
    2.874225378036499,
    2.920186996459961,
    3.0791707038879395,
    2.964930772781372,
    2.8807992935180664,
    2.9766502380371094,
    2.8333723545074463,
    2.6727631092071533,
    2.6269545555114746,
    2.6122982501983643,
    2.5955138206481934,
    2.672818899154663,
    2.9566333293914795,
    2.9496212005615234,
    2.8722212314605713,
    3.0541985034942627,
    3.3441736698150635,
    3.3091561794281006,
    3.503718137741089,
    3.329885244369507,
    3.106062412261963,
    2.668093681335449,
    2.584578037261963,
    2.8249940872192383,
    2.662968397140503,
    2.4457459449768066,
    2.669696569442749,
    2.69254732131958,
    2.7464985847473145,
    2.8859806060791016,
    2.766512155532837,
    2.8076276779174805,
    2.7479937076568604,
    2.8282699584960938,
    2.7281436920166016,
    2.85603404045105,
    2.888594388961792,
    2.3972160816192627,
    2.8298282623291016,
    3.0386106967926025,
    2.5986757278442383,
    2.4207799434661865,
    2.3129117488861084,
    2.393649101257324,
    2.6184005737304688,
    2.5608115196228027,
    2.712096929550171,
    2.8767356872558594,
    2.900486946105957,
    3.045663595199585,
    2.9402358531951904,
    2.410879611968994,
    2.116466760635376,
    2.125330924987793,
    2.221989393234253,
    2.200575590133667,
    2.175745725631714,
    2.11923885345459,
    2.3701279163360596,
    2.539856433868408,
    2.655816078186035,
    2.5163474082946777,
    2.601444959640503,
    2.8195395469665527,
    2.6106581687927246,
    2.865514039993286,
    2.6457014083862305,
    2.7295777797698975,
    2.965155839920044,
    2.7111856937408447,
    2.7641589641571045,
    2.915966272354126,
    3.0075132846832275,
    2.956552505493164,
    3.0158777236938477,
    3.1931169033050537,
    3.300659656524658,
    2.972527265548706,
    2.9857258796691895,
    3.069094181060791,
    3.0169014930725098,
    2.964451789855957,
    3.0776991844177246,
    2.8977205753326416,
    2.8801283836364746,
    2.905458688735962,
    3.143130302429199,
    3.007174015045166,
    2.8726789951324463,
    2.70371413230896,
    2.497631072998047,
    2.7358028888702393,
    2.6519508361816406,
    2.731271505355835,
    2.476672649383545,
    2.4574427604675293,
    2.3636112213134766,
    2.4272398948669434,
    2.538058280944824,
    2.5154669284820557,
    2.5719363689422607,
    2.723482847213745,
    2.5795576572418213,
    2.525548219680786,
    2.5487606525421143,
    2.609515905380249,
    2.7569658756256104,
    2.657813549041748,
    2.7117748260498047,
    2.6872618198394775,
    2.636338710784912,
    2.6874778270721436,
    2.719942331314087,
    2.587895393371582,
    2.6860196590423584,
    2.4893147945404053,
    2.6673743724823,
    2.680724620819092,
    2.688063859939575,
    2.8143081665039062,
    2.7675673961639404,
    2.5248310565948486,
    2.583003282546997,
    2.6770946979522705,
    2.727503776550293,
    2.7880911827087402,
    2.8949029445648193,
    3.070590019226074,
    2.885744094848633,
    2.642948865890503,
    2.588984966278076,
    2.703566074371338,
    2.8369810581207275,
    2.7901740074157715,
    2.6111602783203125,
    2.91450834274292,
    3.013096809387207,
    2.8655920028686523,
    2.401099920272827,
    2.1414473056793213,
    2.3714942932128906,
    2.395308494567871,
    2.7757515907287598,
    3.167196750640869,
    3.0941240787506104,
    2.805654525756836,
    2.87524151802063,
    2.9994254112243652,
    3.067415714263916,
    2.892927885055542,
    2.5963780879974365,
    2.610227108001709,
    2.783785343170166,
    2.8177857398986816,
    2.797525644302368,
