{
  "name": "supp_combined_last2_s456_v2",
  "train_seed": 456,
  "d2d_seed": 3373,
  "n_states": 256,
  "sigma_c2c": 0.01,
  "sigma_d2d": 0.02,
  "analog_layers": [
    22,
    23
  ],
  "lr": 1e-05,
  "max_steps": 500,
  "retention_step_time": 0.0,
  "ppl_before": 24.961796892059027,
  "ppl_after": 19.4111433480777,
  "losses": [
    3.1840312480926514,
    3.3918778896331787,
    3.595167636871338,
    3.798863410949707,
    3.5262632369995117,
    3.533081293106079,
    3.4061598777770996,
    3.1182756423950195,
    3.1323187351226807,
    3.3446502685546875,
    3.342935085296631,
    2.994680404663086,
    3.301250457763672,
    3.598414897918701,
    3.289236068725586,
    3.29866623878479,
    3.133316993713379,
    2.879685163497925,
    2.926135540008545,
    2.9847702980041504,
    3.264157772064209,
    3.2479991912841797,
    2.999568462371826,
    3.2394347190856934,
    3.151369094848633,
    3.177898645401001,
    3.6000497341156006,
    3.5112526416778564,
    2.9894142150878906,
    3.254128932952881,
    3.495144844055176,
    3.3270552158355713,
    3.098214864730835,
    2.982248067855835,
    2.8300976753234863,
    3.0915703773498535,
    3.136730909347534,
    3.249955654144287,
    3.25691294670105,
    3.2793285846710205,
    3.420311450958252,
    3.3248631954193115,
    3.3680026531219482,
    3.5055058002471924,
    3.5126748085021973,
    3.319871425628662,
    2.880509614944458,
    2.313798427581787,
    2.243232488632202,
    2.7964890003204346,
    3.010608434677124,
    2.813394546508789,
    2.6454830169677734,
    3.0783169269561768,
    3.0361533164978027,
    3.0219407081604004,
    3.1895904541015625,
    3.0896217823028564,
    2.7490394115448,
    2.774412155151367,
    2.720072031021118,
    2.7307968139648438,
    2.6918327808380127,
    2.6307311058044434,
    2.6032893657684326,
    2.616763114929199,
    2.8121402263641357,
    3.149142026901245,
    3.0762085914611816,
    2.896977663040161,
    2.7355518341064453,
    2.4691274166107178,
    2.534195899963379,
    2.8453786373138428,
    2.794757604598999,
    2.791335105895996,
    2.623777389526367,
    2.5477473735809326,
    2.9928181171417236,
    3.4057459831237793,
    3.3032126426696777,
    3.331439256668091,
    3.4125311374664307,
    3.51294207572937,
    3.1269166469573975,
    2.8448479175567627,
    2.9683876037597656,
    3.2113866806030273,
    2.9824628829956055,
    2.565016269683838,
    2.378636598587036,
    2.6863622665405273,
    2.8176369667053223,
    2.881761312484741,
    3.089216947555542,
    3.285252332687378,
    2.874988555908203,
    2.660659074783325,
    2.9014573097229004,
    3.279005527496338,
    3.228705644607544,
    3.1327617168426514,
    3.032025098800659,
    2.950035810470581,
    2.93178129196167,
    3.178940534591675,
    2.5799927711486816,
    2.485488176345825,
    2.8002736568450928,
    3.0577752590179443,
    3.1190621852874756,
    3.0901870727539062,
    2.995965003967285,
    3.2081825733184814,
    3.2958500385284424,
    3.055373191833496,
    2.9996256828308105,
    3.2193968296051025,
    2.670515775680542,
    2.4342539310455322,
    2.655280590057373,
    2.6890528202056885,
    2.740893840789795,
    2.705451488494873,
    2.6680753231048584,
    2.8441319465637207,
    2.67452335357666,
    2.6864850521087646,
    2.9385478496551514,
    2.8910465240478516,
    2.520684003829956,
    2.5222055912017822,
    2.70950984954834,
    2.8505566120147705,
    2.778839588165283,
    2.9477105140686035,
    3.1918461322784424,
    3.1285266876220703,
    3.089935541152954,
    3.1203551292419434,
    3.1200108528137207,
    3.1536097526550293,
    3.1690328121185303,
    3.2081897258758545,
    3.0776422023773193,
    3.2895750999450684,
    3.4640729427337646,
    3.2745583057403564,
    3.1912481784820557,
    3.080237865447998,
    2.9952542781829834,
    3.013967990875244,
    2.9490599632263184,
    3.1187493801116943,
    3.2324700355529785,
    3.1423451900482178,
    2.870633840560913,
    3.1471245288848877,
    3.316917657852173,
    3.080599069595337,
    2.8546524047851562,
    2.968454599380493,
    3.199524164199829,
    3.027052640914917,
    2.9588630199432373,
    2.9818501472473145,
    3.1592533588409424,
    3.117886543273926,
    2.8632304668426514,
    3.011659622192383,
    3.123093843460083,
    3.1537704467773438,
    3.1831088066101074,
    3.3454599380493164,
    3.1384105682373047,
    3.0924923419952393,
    3.245375156402588,
    3.0980801582336426,
    2.8824057579040527,
    2.873150110244751,
    2.8312125205993652,
    2.8097307682037354,
    3.0475144386291504,
    3.225989818572998,
    3.2475368976593018,
    3.1928985118865967,
    3.319056510925293,
    3.5870606899261475,
    3.6244778633117676,
    3.7392396926879883,
    3.5811188220977783,
    3.300358295440674,
    2.941157579421997,
    2.8078253269195557,
    3.0318825244903564,
    2.9338743686676025,
    2.732985019683838,
    2.922710418701172,
    2.950885772705078,
    3.0216152667999268,
    3.1412336826324463,
    2.997596263885498,
    3.113896369934082,
    3.1064352989196777,
    3.159062385559082,
    2.98949933052063,
    3.0695607662200928,
    3.040604829788208,
    2.6151015758514404,
    3.0664780139923096,
    3.3747146129608154,
    2.8633432388305664,
    2.65004825592041,
    2.5524613857269287,
    2.7442264556884766,
    2.9944040775299072,
    2.9109060764312744,
    2.936171770095825,
    3.117269515991211,
    3.0765764713287354,
    3.2645633220672607,
    3.300403594970703,
    2.818347215652466,
    2.430447816848755,
    2.2809958457946777,
    2.365070104598999,
    2.612605333328247,
    2.6443421840667725,
    2.570981025695801,
    2.5894107818603516,
    2.858391284942627,
    2.9668214321136475,
    2.8905699253082275,
    2.972952365875244,
    3.1444432735443115,
    2.8571481704711914,
    3.172081470489502,
    2.9112939834594727,
    2.949873685836792,
    3.2377450466156006,
    3.015683174133301,
    3.0619235038757324,
    3.2109832763671875,
    3.343449354171753,
    3.259211301803589,
    3.335932493209839,
    3.558621406555176,
    3.5687289237976074,
    3.1691877841949463,
    3.3074991703033447,
    3.3294403553009033,
    3.265064001083374,
    3.271206855773926,
    3.3630783557891846,
    3.1946613788604736,
    3.1741814613342285,
    3.1988515853881836,
    3.396571159362793,
    3.2095625400543213,
    3.11600399017334,
    3.0244693756103516,
    2.757441282272339,
    3.172048807144165,
    3.0349605083465576,
    3.0500311851501465,
    2.792983055114746,
    2.7607381343841553,
    2.7592484951019287,
    2.741708517074585,
    2.7919163703918457,
    2.8901824951171875,
    2.845851421356201,
    3.0312178134918213,
    2.859179735183716,
    2.7901499271392822,
    2.8006296157836914,
    2.8679769039154053,
    2.898674488067627,
    2.8811728954315186,
    2.9708807468414307,
    2.980774402618408,
    2.9214093685150146,
    2.984571695327759,
    2.971173048019409,
    2.849404811859131,
    2.830090284347534,
    2.7144880294799805,
    2.985544443130493,
    2.900827169418335,
    2.8983519077301025,
    3.050849676132202,
    3.003371000289917,
    2.7566592693328857,
    2.8092234134674072,
    2.941566228866577,
    3.0121569633483887,
    3.0583934783935547,
    3.135978937149048,
    3.273040294647217,
    3.149890422821045,
    2.9302704334259033,
    2.8217666149139404,
    2.916212320327759,
    3.042201280593872,
    2.9451682567596436,
    2.823760509490967,
    3.129275321960449,
    3.2074034214019775,
    3.1526718139648438,
    2.766726493835449,
    2.450894355773926,
    2.805626392364502,
    2.815767288208008,
    3.098433256149292,
    3.4692249298095703,
    3.4834277629852295,
    3.119055986404419,
    3.274792432785034,
    3.4231863021850586,
    3.3820533752441406,
    3.2228527069091797,
    3.029188632965088,
    2.999220132827759,
    3.0846776962280273,
    3.1095309257507324,
    3.134061098098755,
