{
  "name": "supp_c2c_only_last2_v2",
  "train_seed": 42,
  "d2d_seed": 3373,
  "n_states": 256,
  "sigma_c2c": 0.01,
  "sigma_d2d": 0.0,
  "analog_layers": [
    22,
    23
  ],
  "lr": 1e-05,
  "max_steps": 500,
  "retention_step_time": 0.0,
  "ppl_before": 24.286189097657765,
  "ppl_after": 18.50822890097358,
  "losses": [
    3.1333298683166504,
    3.328704357147217,
    3.573047161102295,
    3.752481698989868,
    3.500886917114258,
    3.499655246734619,
    3.429168224334717,
    3.0543203353881836,
    3.0572738647460938,
    3.2703170776367188,
    3.2641148567199707,
    2.9321963787078857,
    3.2751874923706055,
    3.527838945388794,
    3.2551584243774414,
    3.256598711013794,
    3.1246657371520996,
    2.873217821121216,
    2.8696177005767822,
    2.9716687202453613,
    3.2172164916992188,
    3.2562732696533203,
    2.9885025024414062,
    3.2132577896118164,
    3.0936267375946045,
    3.134639263153076,
    3.5265908241271973,
    3.4491209983825684,
    2.9821648597717285,
    3.240478992462158,
    3.465754270553589,
    3.2808048725128174,
    3.033350944519043,
    2.9420862197875977,
    2.7960081100463867,
    3.0164663791656494,
    3.0721547603607178,
    3.269533157348633,
    3.2231953144073486,
    3.2665374279022217,
    3.4503650665283203,
    3.3179590702056885,
    3.336263656616211,
    3.452610731124878,
    3.4814820289611816,
    3.269258737564087,
    2.8467233180999756,
    2.303189516067505,
    2.2403037548065186,
    2.7531495094299316,
    2.9796502590179443,
    2.7884557247161865,
    2.6132545471191406,
    2.9943132400512695,
    3.0259854793548584,
    2.992537260055542,
    3.1645562648773193,
    3.036984443664551,
    2.725468158721924,
    2.7524309158325195,
    2.726149797439575,
    2.6803290843963623,
    2.678924560546875,
    2.6222903728485107,
    2.556396961212158,
    2.6233787536621094,
    2.8364951610565186,
    3.141111373901367,
    2.987156391143799,
    2.8885371685028076,
    2.738050699234009,
    2.461500644683838,
    2.490797758102417,
    2.7762534618377686,
    2.734107494354248,
    2.740358829498291,
    2.5794715881347656,
    2.4924895763397217,
    2.973724365234375,
    3.43788480758667,
    3.3249239921569824,
    3.3249895572662354,
    3.3830995559692383,
    3.4813156127929688,
    3.090547800064087,
    2.8342881202697754,
    2.9746103286743164,
    3.2250404357910156,
    2.913449764251709,
    2.547154664993286,
    2.341463327407837,
    2.654078245162964,
    2.8241405487060547,
    2.8616788387298584,
    3.085636615753174,
    3.233538866043091,
    2.8682377338409424,
    2.5754549503326416,
    2.85469388961792,
    3.255326986312866,
    3.1921820640563965,
    3.120929718017578,
    2.9952311515808105,
    2.895318031311035,
    2.910391092300415,
    3.1639578342437744,
    2.5706899166107178,
    2.4491567611694336,
    2.7659225463867188,
    3.0514822006225586,
    3.1145472526550293,
    3.0301506519317627,
    2.9960200786590576,
    3.186927080154419,
    3.24648380279541,
    3.0060718059539795,
    2.9547882080078125,
    3.1466050148010254,
    2.666424036026001,
    2.3866777420043945,
    2.591447591781616,
    2.63874888420105,
    2.6905007362365723,
    2.616532802581787,
    2.645552158355713,
    2.777059555053711,
    2.6963489055633545,
    2.689530611038208,
    2.900700569152832,
    2.90167498588562,
    2.479710340499878,
    2.5548617839813232,
    2.666537284851074,
    2.830472707748413,
    2.7673392295837402,
    2.8942902088165283,
    3.136338710784912,
    3.0907981395721436,
    3.070570945739746,
    3.097287893295288,
    3.127110481262207,
    3.1267282962799072,
    3.133331775665283,
    3.1823842525482178,
    3.0521702766418457,
    3.2877776622772217,
    3.421584129333496,
    3.226754665374756,
    3.1689414978027344,
    3.0687921047210693,
    2.993645429611206,
    3.0042531490325928,
    2.903212070465088,
    3.0755038261413574,
    3.2342283725738525,
    3.1248209476470947,
    2.8138885498046875,
    3.1291189193725586,
    3.2715322971343994,
    3.0325849056243896,
    2.800043821334839,
    2.915022850036621,
    3.160512685775757,
    3.028698444366455,
    2.9154045581817627,
    2.9325857162475586,
    3.160527229309082,
    3.074397563934326,
    2.850847005844116,
    3.031167984008789,
    3.128972291946411,
    3.1176815032958984,
    3.1632752418518066,
    3.316049814224243,
    3.1297082901000977,
    3.046480178833008,
    3.208085775375366,
    3.058077096939087,
    2.8469831943511963,
    2.8530168533325195,
    2.8334925174713135,
    2.7954258918762207,
    3.013612985610962,
    3.2075438499450684,
    3.203701972961426,
    3.1558589935302734,
    3.2802088260650635,
    3.5518617630004883,
    3.6011834144592285,
    3.743102550506592,
    3.551327705383301,
    3.2741470336914062,
    2.9093544483184814,
    2.8129007816314697,
    3.043030261993408,
    2.9116873741149902,
    2.685091733932495,
    2.880401372909546,
    2.9258008003234863,
    3.0238678455352783,
    3.0850722789764404,
    2.9659736156463623,
    3.109251022338867,
    3.067892551422119,
    3.147348642349243,
    3.0138936042785645,
    3.0811734199523926,
    3.0327465534210205,
    2.615889072418213,
    3.038055896759033,
    3.3580539226531982,
    2.844715118408203,
    2.6235504150390625,
    2.524907350540161,
    2.7021069526672363,
    2.976679563522339,
    2.8847877979278564,
    2.9152700901031494,
    3.079457998275757,
    3.0590639114379883,
    3.202796697616577,
    3.270071506500244,
    2.7656946182250977,
    2.4151451587677,
    2.2691457271575928,
    2.397003412246704,
    2.554560899734497,
    2.5860416889190674,
    2.523749351501465,
    2.5764713287353516,
    2.8170533180236816,
    2.9488730430603027,
    2.888098955154419,
    2.9650323390960693,
    3.124436378479004,
    2.8783133029937744,
    3.155529022216797,
    2.90232253074646,
    2.8853302001953125,
    3.222027063369751,
    2.998321056365967,
    3.0160892009735107,
    3.179961681365967,
    3.3301780223846436,
    3.2176644802093506,
    3.3017513751983643,
    3.51326322555542,
    3.5324697494506836,
    3.1397500038146973,
    3.2655768394470215,
    3.302640914916992,
    3.2232770919799805,
    3.211036443710327,
    3.3240575790405273,
    3.1555047035217285,
    3.13806414604187,
    3.165844440460205,
    3.3778481483459473,
    3.195927858352661,
    3.0757968425750732,
    2.9861607551574707,
    2.711350679397583,
    3.084178924560547,
    2.9790921211242676,
    3.000542402267456,
    2.7825846672058105,
    2.7153053283691406,
    2.711064338684082,
    2.724390983581543,
    2.7800605297088623,
    2.854806423187256,
    2.8341164588928223,
    3.008070230484009,
    2.798056125640869,
    2.7254478931427,
    2.778935670852661,
    2.834573268890381,
    2.9106433391571045,
    2.8466944694519043,
    2.942281484603882,
    2.895998954772949,
    2.837128162384033,
    2.9293134212493896,
    2.9452404975891113,
    2.796429395675659,
    2.8290224075317383,
    2.694451332092285,
    2.930866241455078,
    2.8922228813171387,
    2.874025821685791,
    3.0265066623687744,
    2.9445221424102783,
    2.7346105575561523,
    2.805964231491089,
    2.896254777908325,
    3.002392530441284,
    3.0301647186279297,
    3.1127266883850098,
    3.229599952697754,
    3.1369147300720215,
    2.8804872035980225,
    2.7818069458007812,
    2.8632616996765137,
    2.994877338409424,
    2.929096221923828,
    2.7986884117126465,
    3.0895323753356934,
    3.168248176574707,
    3.0860025882720947,
    2.7153828144073486,
    2.397130250930786,
    2.72684383392334,
    2.790966510772705,
    3.087186574935913,
    3.436222791671753,
    3.427382469177246,
    3.088183879852295,
    3.2058963775634766,
    3.3691182136535645,
    3.3350045680999756,
    3.159836530685425,
    2.9251224994659424,
    2.9499895572662354,
    3.0573697090148926,
    3.058609962463379,
    3.0934207439422607,
