{
  "name": "supp_combined_last2_s123_v2",
  "train_seed": 123,
  "d2d_seed": 3373,
  "n_states": 256,
  "sigma_c2c": 0.01,
  "sigma_d2d": 0.02,
  "analog_layers": [
    22,
    23
  ],
  "lr": 1e-05,
  "max_steps": 500,
  "retention_step_time": 0.0,
  "ppl_before": 24.952847209108768,
  "ppl_after": 18.95772534888092,
  "losses": [
    3.1778173446655273,
    3.3683362007141113,
    3.626347303390503,
    3.7943761348724365,
    3.5003151893615723,
    3.5490875244140625,
    3.3997724056243896,
    3.054492712020874,
    3.051138401031494,
    3.3126420974731445,
    3.33559250831604,
    2.967702865600586,
    3.2421727180480957,
    3.562133550643921,
    3.2969424724578857,
    3.2438907623291016,
    3.11327862739563,
    2.908736228942871,
    2.8997652530670166,
    2.9863569736480713,
    3.2220404148101807,
    3.257523536682129,
    2.9581587314605713,
    3.2413763999938965,
    3.137340545654297,
    3.1593918800354004,
    3.582153558731079,
    3.4703805446624756,
    2.9880220890045166,
    3.2897756099700928,
    3.482405424118042,
    3.2766928672790527,
    3.0506439208984375,
    2.9675650596618652,
    2.822056293487549,
    3.0616071224212646,
    3.165724277496338,
    3.2580513954162598,
    3.2550718784332275,
    3.3074450492858887,
    3.432373285293579,
    3.3024325370788574,
    3.325582981109619,
    3.4748551845550537,
    3.530843496322632,
    3.3211593627929688,
    2.845459222793579,
    2.29184889793396,
    2.216595411300659,
    2.763435125350952,
    3.035515785217285,
    2.8721120357513428,
    2.659435749053955,
    3.0568394660949707,
    3.0222856998443604,
    2.983753204345703,
    3.2130327224731445,
    3.048551321029663,
    2.759303092956543,
    2.803194761276245,
    2.742953300476074,
    2.7303667068481445,
    2.685317039489746,
    2.6458518505096436,
    2.6086361408233643,
    2.645597219467163,
    2.8790225982666016,
    3.2165908813476562,
    2.9998695850372314,
    2.8985867500305176,
    2.7621512413024902,
    2.466339349746704,
    2.5077171325683594,
    2.7982850074768066,
    2.7492423057556152,
    2.7396907806396484,
    2.6174638271331787,
    2.548529863357544,
    2.9659268856048584,
    3.4224050045013428,
    3.372490644454956,
    3.343759059906006,
    3.437954902648926,
    3.536404848098755,
    3.160682201385498,
    2.8614981174468994,
    2.998792886734009,
    3.228191375732422,
    2.9819915294647217,
    2.5902650356292725,
    2.381283760070801,
    2.6481430530548096,
    2.8435492515563965,
    2.8896093368530273,
    3.0881330966949463,
    3.2944395542144775,
    2.887535333633423,
    2.643362283706665,
    2.9077699184417725,
    3.2613108158111572,
    3.2158539295196533,
    3.141251802444458,
    3.010889768600464,
    2.9111382961273193,
    2.9639785289764404,
    3.1950454711914062,
    2.589369058609009,
    2.4806013107299805,
    2.778010129928589,
    3.051316738128662,
    3.1086623668670654,
    3.04827618598938,
    3.0319292545318604,
    3.244425058364868,
    3.264547824859619,
    3.039306640625,
    2.9949491024017334,
    3.164130687713623,
    2.7082645893096924,
    2.4568817615509033,
    2.6826109886169434,
    2.699322462081909,
    2.762082815170288,
    2.6922354698181152,
    2.66440486907959,
    2.8284800052642822,
    2.7138824462890625,
    2.7280678749084473,
    2.937102794647217,
    2.8733952045440674,
    2.4728927612304688,
    2.552347183227539,
    2.6805756092071533,
    2.8654472827911377,
    2.786377191543579,
    2.918025016784668,
    3.192888021469116,
    3.124890089035034,
    3.099541187286377,
    3.0804696083068848,
    3.0956361293792725,
    3.164097309112549,
    3.1359806060791016,
    3.172152042388916,
    3.0801985263824463,
    3.2934823036193848,
    3.4367051124572754,
    3.264983892440796,
    3.166557788848877,
    3.0552706718444824,
    2.9934756755828857,
    2.9638710021972656,
    2.9280922412872314,
    3.089668035507202,
    3.2565770149230957,
    3.1397414207458496,
    2.8624134063720703,
    3.1371281147003174,
    3.288985013961792,
    3.063882827758789,
    2.8462445735931396,
    2.9669792652130127,
    3.180929183959961,
    3.012500524520874,
    2.9323513507843018,
    2.9547171592712402,
    3.1509077548980713,
    3.1206600666046143,
    2.8534553050994873,
    3.0216009616851807,
    3.105257749557495,
    3.130136013031006,
    3.197376012802124,
    3.3444161415100098,
    3.134479284286499,
    3.085984945297241,
    3.226682424545288,
    3.083792209625244,
    2.919607400894165,
    2.8742566108703613,
    2.849670648574829,
    2.8278653621673584,
    3.0338292121887207,
    3.2417335510253906,
    3.2360012531280518,
    3.200265884399414,
    3.318427324295044,
    3.5737032890319824,
    3.6169075965881348,
    3.781989812850952,
    3.565504312515259,
    3.2970969676971436,
    2.924246311187744,
    2.7976293563842773,
    3.0290937423706055,
    2.9261767864227295,
    2.703939199447632,
    2.9281084537506104,
    2.9498443603515625,
    3.0215139389038086,
    3.1272614002227783,
    2.995028257369995,
    3.097743511199951,
    3.0972609519958496,
    3.154710292816162,
    3.005096435546875,
    3.040534496307373,
    3.0754284858703613,
    2.6361820697784424,
    3.0642170906066895,
    3.3778703212738037,
    2.8599116802215576,
    2.6279759407043457,
    2.5186898708343506,
    2.6997342109680176,
    2.9793174266815186,
    2.893080711364746,
    2.949845552444458,
    3.1158506870269775,
    3.067211151123047,
    3.2442984580993652,
    3.3147099018096924,
    2.8067867755889893,
    2.416303873062134,
    2.27007794380188,
    2.402639865875244,
    2.5848333835601807,
    2.6455209255218506,
    2.566638231277466,
    2.590938091278076,
    2.8274662494659424,
    2.9710566997528076,
    2.8976593017578125,
    2.968959331512451,
    3.127915859222412,
    2.893742084503174,
    3.211615562438965,
    2.9334263801574707,
    2.9538090229034424,
    3.2261292934417725,
    3.0237348079681396,
    3.0410819053649902,
    3.214118003845215,
    3.354426622390747,
    3.2526931762695312,
    3.325969696044922,
    3.5243911743164062,
    3.5560672283172607,
    3.202590227127075,
    3.282137155532837,
    3.330998420715332,
    3.2696218490600586,
    3.2688710689544678,
    3.3420543670654297,
    3.18619704246521,
    3.169672727584839,
    3.2195236682891846,
    3.372318744659424,
    3.2135539054870605,
    3.1007015705108643,
    2.9715514183044434,
    2.726647138595581,
    3.130648374557495,
    3.026162624359131,
    3.0723724365234375,
    2.782142162322998,
    2.7273013591766357,
    2.7118067741394043,
    2.7555158138275146,
    2.7898504734039307,
    2.8795278072357178,
    2.8519339561462402,
    3.0649197101593018,
    2.872393846511841,
    2.742434501647949,
    2.7858715057373047,
    2.872227430343628,
    2.924271821975708,
    2.864605188369751,
    2.961704969406128,
    2.9553887844085693,
    2.8807339668273926,
    2.9498889446258545,
    2.9551422595977783,
    2.821920156478882,
    2.85807466506958,
    2.7103018760681152,
    2.9548840522766113,
    2.916217803955078,
    2.9136407375335693,
    3.0968425273895264,
    2.9944982528686523,
    2.741713047027588,
    2.7871248722076416,
    2.9262256622314453,
    3.023117780685425,
    3.061633586883545,
    3.1285462379455566,
    3.2665798664093018,
    3.1443278789520264,
    2.919921875,
    2.8109023571014404,
    2.89457631111145,
    3.037355422973633,
    2.9206905364990234,
    2.8196020126342773,
    3.1107430458068848,
    3.170234203338623,
    3.1286253929138184,
    2.733631134033203,
    2.4544920921325684,
    2.7802906036376953,
    2.8450088500976562,
    3.1551785469055176,
    3.5045552253723145,
    3.512538433074951,
    3.133584499359131,
    3.2476613521575928,
    3.402740955352783,
    3.3676321506500244,
    3.183025598526001,
    2.9924838542938232,
    2.9616787433624268,
    3.0804147720336914,
    3.0930533409118652,
