{
  "results": [
    {
      "experiment": "C1",
      "name": "C1_FP32_baseline",
      "n_states": 16,
      "sigma_c2c": 0.0,
      "sigma_d2d": 0.0,
      "hat_training": false,
      "best_test_acc": 90.74,
      "mc_mean_acc": 90.74,
      "mc_std_acc": 0.0,
      "total_time_s": 1429.2626712322235,
      "epochs": 200
    }
  ],
  "histories": {
    "C1": {
      "train_loss": [
        0.042256842209100726,
        0.0373004229670763,
        0.039932961254119874,
        0.03846014494419098,
        0.03403875869482756,
        0.037434495704174044,
        0.03505779805779457,
        0.031097383242845535,
        0.03283768958814442,
        0.03161529220342636,
        0.027593731845617295,
        0.030416362029910087,
        0.02669504217647016,
        0.028333014118373395,
        0.02694933254957199,
        0.025316304586529732,
        0.027632178793922067,
        0.021806890076398848,
        0.02352979825079441,
        0.022402182386517526,
        0.020086894106864928,
        0.022331083047762514,
        0.016401057032644748,
        0.024310864352583884,
        0.018109920961856842,
        0.018374173991978167,
        0.014741757340878249,
        0.014219205399304628,
        0.016193485349416732,
        0.014495816615819931,
        0.01452054551852867,
        0.01460047634035349,
        0.013871793482750654,
        0.01428924883261323,
        0.01426707413347438,
        0.013127352548390626,
        0.01033384330317378,
        0.012183738765791059,
        0.008246831537485122,
        0.011548220319151878,
        0.010062101836800575,
        0.008311728824507446,
        0.007758115642368794,
        0.008491456868555397,
        0.00822805315695703,
        0.009802634145468473,
        0.006534528970331885,
        0.0072639067361829806,
        0.006048523111119866,
        0.006155768182650208,
        0.006377180414870382,
        0.005321641723141074,
        0.0051536564365495,
        0.00513452494122088,
        0.00449832964476198,
        0.0038073368666879832,
        0.0037209703586250542,
        0.004551995301041752,
        0.0034551038558455183,
        0.0030928970481059513,
        0.00283254826689139,
        0.003057119830409065,
        0.00292317644527182,
        0.0033794389080815017,
        0.002536436297444161,
        0.0030432395935151724,
        0.0027944426658703015,
        0.0023354012732440606,
        0.0018000302082952111,
        0.0018923461801186204,
        0.0016176811364525929,
        0.002068101114127785,
        0.0016903023024834693,
        0.0013943856015964412,
        0.0020016180123854426,
        0.0017685653238673695,
        0.001314268214982003,
        0.0015079254132695497,
        0.0020077999096899295,
        0.0014358082571066916,
        0.0013396390261442867,
        0.0010127301049185917,
        0.0010426409842306749,
        0.0012513317871885375,
        0.001227619695113972,
        0.0015375551080517471,
        0.0015324268665298586,
        0.0010350777665246278,
        0.0014764431695081293,
        0.0012027778665861114
      ],
      "train_acc": [
        98.548,
        98.728,
        98.652,
        98.728,
        98.862,
        98.728,
        98.754,
        98.944,
        98.854,
        98.956,
        99.104,
        98.94,
        99.09,
        99.038,
        99.09,
        99.156,
        99.062,
        99.29,
        99.208,
        99.28,
        99.308,
        99.244,
        99.482,
        99.16,
        99.414,
        99.37,
        99.53,
        99.536,
        99.454,
        99.554,
        99.508,
        99.54,
        99.562,
        99.548,
        99.504,
        99.574,
        99.632,
        99.572,
        99.732,
        99.622,
        99.676,
        99.726,
        99.752,
        99.708,
        99.726,
        99.66,
        99.77,
        99.752,
        99.802,
        99.79,
        99.78,
        99.814,
        99.83,
        99.83,
        99.86,
        99.866,
        99.868,
        99.864,
        99.884,
        99.902,
        99.912,
        99.906,
        99.906,
        99.906,
        99.93,
        99.904,
        99.93,
        99.926,
        99.926,
        99.934,
        99.946,
        99.928,
        99.944,
        99.942,
        99.93,
        99.942,
        99.944,
        99.954,
        99.934,
        99.952,
        99.958,
        99.97,
        99.972,
        99.964,
        99.956,
        99.948,
        99.936,
        99.966,
        99.952,
        99.954
      ],
      "test_loss": [
        0.5151587906599044,
        0.5261713665008545,
        0.5079153408050537,
        0.5075005210876465,
        0.47373910069465636,
        0.5169261688232422,
        0.5422044677078723,
        0.51661586561203,
        0.5300565672397614,
        0.5148128847360611,
        0.5118429764270782,
        0.5380033742904663,
        0.5411497756958008,
        0.5036426577568054,
        0.5182886398315429,
        0.5275214426517486,
        0.5095582746744156,
        0.5277445536136627,
        0.5175422320842743,
        0.4948977151632309,
        0.525012483882904,
        0.5219225073814392,
        0.5694888069987297,
        0.5016700177669525,
        0.5552187670707702,
        0.5351321602821351,
        0.5577402271270752,
        0.5359853840351104,
        0.5634675152778625,
        0.540207257938385,
        0.5639037450790405,
        0.5428588423252105,
        0.5803772559165955,
        0.5859508327007293,
        0.5768667395114899,
        0.552214409327507,
        0.5743461705207825,
        0.5155343239247799,
        0.5611768922090531,
        0.5526096794605255,
        0.5415366343021393,
        0.5453978527069092,
        0.5522923632621766,
        0.5598846157550812,
        0.5452281097888947,
        0.534733927154541,
        0.5539604915618896,
        0.5526084730148315,
        0.5834957015514374,
        0.5650080147743225,
        0.5502910903930665,
        0.5780337025642395,
        0.5645726939439774,
        0.5460805732250213,
        0.5971405158519745,
        0.5705349513053894,
        0.6096432067871094,
        0.5692960517406463,
        0.5707846084594727,
        0.5424910472869873,
        0.5547280490398407,
        0.5678941033005714,
        0.5550714740753174,
        0.5638662118434906,
        0.5480710223674774,
        0.5694629982709885,
        0.5531605263352394,
        0.5474049715518952,
        0.5711768282175064,
        0.537828648519516,
        0.5536524911880493,
        0.5440968992233276,
        0.5638613004207611,
        0.55936718916893,
        0.5618834373474121,
        0.550994333744049,
        0.5459110149383545,
        0.5392467854976654,
        0.5349787208080292,
        0.5362647839546204,
        0.5302584355831146,
        0.5269183743476867,
        0.5300192760467529,
        0.5347012183189392,
        0.5358634266376495,
        0.535817285823822,
        0.5344540393352508,
        0.5337585286140442,
        0.5337642899513244,
        0.5337377202987671
      ],