{
  "name": "hat_d2d002_500_v2",
  "seed": 42,
  "n_states": 256,
  "sigma_c2c": 0.0,
  "sigma_d2d": 0.02,
  "analog_layers": [
    0,
    1,
    2,
    3,
    4,
    5,
    6,
    7,
    8,
    9,
    10,
    11,
    12,
    13,
    14,
    15,
    16,
    17,
    18,
    19,
    20,
    21,
    22,
    23
  ],
  "lr": 1e-05,
  "max_steps": 500,
  "ppl_before": 116.88669621494644,
  "ppl_after": 25.493432913506453,
  "losses": [
    4.9466447830200195,
    4.5264201164245605,
    4.8097405433654785,
    5.21429443359375,
    4.6645331382751465,
    4.873525619506836,
    4.501953601837158,
    4.22476053237915,
    3.9634623527526855,
    4.270326137542725,
    4.242038249969482,
    3.912104368209839,
    4.082141876220703,
    4.403454780578613,
    4.187882423400879,
    4.174217700958252,
    4.148494720458984,
    4.079898357391357,
    3.883699893951416,
    3.880903482437134,
    3.8780267238616943,
    3.922607183456421,
    3.611690044403076,
    3.924912214279175,
    3.887864828109741,
    3.9875800609588623,
    4.375644207000732,
    4.169365406036377,
    3.7957441806793213,
    4.0402069091796875,
    4.1534810066223145,
    3.9607200622558594,
    3.637284278869629,
    3.72599720954895,
    3.4705984592437744,
    3.8633968830108643,
    3.987865686416626,
    3.8859221935272217,
    4.048885822296143,
    4.172398090362549,
    4.077293872833252,
    3.9706978797912598,
    4.060678958892822,
    4.1640305519104,
    4.242818355560303,
    3.988752603530884,
    3.578826427459717,
    2.971730947494507,
    2.8823015689849854,
    3.3972270488739014,
    3.8550302982330322,
    3.5458261966705322,
    3.2488715648651123,
    3.856135845184326,
    3.8046281337738037,
    3.888791561126709,
    3.9810163974761963,
    3.664020299911499,
    3.6210386753082275,
    3.610340118408203,
    3.391543388366699,
    3.545624017715454,
    3.4634170532226562,
    3.497300863265991,
    3.53415584564209,
    3.5186350345611572,
    3.5134170055389404,
    3.781796455383301,
    3.7914254665374756,
    3.647972583770752,
    3.3523142337799072,
    3.058100938796997,
    3.1073501110076904,
    3.3229007720947266,
    3.3920376300811768,
    3.4302802085876465,
    3.4852347373962402,
    3.4765892028808594,
    3.748722791671753,
    3.956289291381836,
    3.87795090675354,
    3.897550344467163,
    3.82313871383667,
    4.038004398345947,
    3.6953279972076416,
    3.426501750946045,
    3.5840647220611572,
    3.8506336212158203,
    3.4685065746307373,
    3.1678378582000732,
    3.0060527324676514,
    3.190567970275879,
    3.3475053310394287,
    3.414381742477417,
    3.72708797454834,
    3.8410983085632324,
    3.4500176906585693,
    3.1930487155914307,
    3.4358344078063965,
    3.785088300704956,
    3.8705108165740967,
    3.6926686763763428,
    3.605743885040283,
    3.4748692512512207,
    3.3472964763641357,
    3.767554521560669,
    3.2507870197296143,
    3.0952911376953125,
    3.4376957416534424,
    3.916980743408203,
    3.959857702255249,
    3.830524444580078,
    3.7428157329559326,
    3.879042625427246,
    3.920776605606079,
    3.771381378173828,
    3.6199746131896973,
    3.763615846633911,
    3.2821717262268066,
    2.9859979152679443,
    3.1218416690826416,
    3.2268896102905273,
    3.239304542541504,
    3.1668996810913086,
    3.15816068649292,
    3.2293756008148193,
    3.1566686630249023,
    3.197009325027466,
    3.560333251953125,
    3.5810656547546387,
    3.138749837875366,
    3.198683500289917,
    3.1621973514556885,
    3.381359338760376,
    3.4625086784362793,
    3.4439949989318848,
    3.669196367263794,
    3.4876062870025635,
    3.5455000400543213,
    3.540678024291992,
    3.530118465423584,
    3.601972818374634,
    3.562378168106079,
    3.5820651054382324,
    3.5213990211486816,
    3.675246477127075,
    3.916863203048706,
    3.6235406398773193,
    3.5875184535980225,
    3.408457040786743,
    3.364272356033325,
    3.4041600227355957,
    3.356757640838623,
    3.557502269744873,
    3.7677152156829834,
    3.5620269775390625,
    3.2286536693573,
    3.548962354660034,
    3.721614122390747,
    3.594865083694458,
    3.3333208560943604,
    3.3229129314422607,
    3.4419636726379395,
    3.363828182220459,
    3.330994129180908,
    3.4223718643188477,
    3.50396466255188,
    3.5209083557128906,
    3.1730897426605225,
    3.3072447776794434,
    3.467360019683838,
    3.480776071548462,
    3.54030179977417,
    3.6966469287872314,
    3.4533016681671143,
    3.45479154586792,
    3.5684056282043457,
    3.4578354358673096,
    3.281541347503662,
    3.324190378189087,
    3.4132699966430664,
    3.3211021423339844,
    3.438037395477295,
    3.7155165672302246,
    3.589176893234253,
    3.69600248336792,
    3.7025585174560547,
    4.042292594909668,
    4.283712387084961,
    4.35072660446167,
    4.005829811096191,
    3.729459047317505,
    3.360208034515381,
    3.3125414848327637,
    3.490985155105591,
    3.3958990573883057,
    3.158897638320923,
    3.360050678253174,
    3.3981704711914062,
    3.4843149185180664,
    3.454993724822998,
    3.3429534435272217,
    3.5392327308654785,
    3.5678226947784424,
    3.5446200370788574,
    3.5133109092712402,
    3.4807357788085938,
    3.4947144985198975,
    3.082051992416382,
    3.4581353664398193,
    3.6921064853668213,
    3.1064515113830566,
    2.898883819580078,
    2.8692374229431152,
    3.099160671234131,
    3.3276584148406982,
    3.2058680057525635,
    3.211066484451294,
    3.381439447402954,
    3.49014949798584,
    3.5917625427246094,
    3.6938929557800293,
    3.1839826107025146,
    2.806690216064453,
    2.785954236984253,
    2.895080804824829,
    3.0864176750183105,
    3.072697401046753,
    3.0356781482696533,
    3.082550525665283,
    3.261629104614258,
    3.3746209144592285,
    3.4515132904052734,
    3.4673802852630615,
    3.619940996170044,
    3.31257700920105,
    3.542907953262329,
    3.31703519821167,
    3.316194772720337,
    3.60206937789917,
    3.422056198120117,
    3.5111451148986816,
    3.6067657470703125,
    3.6969046592712402,
    3.6114001274108887,
    3.7210748195648193,
    4.034064769744873,
    3.928492546081543,
    3.4831044673919678,
    3.62723970413208,
    3.629007577896118,
    3.571047067642212,
    3.65321946144104,
    3.692899227142334,
    3.5968356132507324,
    3.526052951812744,
    3.446134328842163,
    3.6433773040771484,
    3.527574300765991,
    3.4306116104125977,
    3.3817663192749023,
    3.2366626262664795,
    3.6094696521759033,
    3.579515218734741,
    3.4722509384155273,
    3.1559031009674072,
    3.1908860206604004,
    3.1852874755859375,
    3.1284823417663574,
    3.146609306335449,
    3.254530668258667,
    3.309918165206909,
    3.4921677112579346,
    3.274738073348999,
    3.220059871673584,
    3.4243531227111816,
    3.382218837738037,
    3.328420877456665,
    3.2159433364868164,
    3.3229150772094727,
    3.316041946411133,
    3.26214861869812,
    3.3611319065093994,
    3.3857016563415527,
    3.262664556503296,
    3.176935911178589,
    3.012115240097046,
    3.357578992843628,
    3.3262672424316406,
    3.2829630374908447,
    3.4172465801239014,
    3.365217447280884,
    3.0657074451446533,
    3.2459070682525635,
    3.380035161972046,
    3.336764335632324,
    3.361116409301758,
    3.555145025253296,
    3.5347721576690674,
    3.4443421363830566,
    3.256884813308716,
    3.1440091133117676,
    3.1860132217407227,
    3.3786745071411133,
    3.229318857192993,
    3.054687261581421,
    3.367298126220703,
    3.610405921936035,
    3.5289390087127686,
    3.1339471340179443,
    2.7992377281188965,
    3.191948175430298,
    3.322064161300659,
    3.609102964401245,
    3.872370719909668,
    3.856199026107788,
    3.4948294162750244,
    3.6193065643310547,
    3.7777559757232666,
    3.679595470428467,
    3.678022623062134,
    3.47953200340271,
    3.4282541275024414,
