{
  "name": "hat_c2c001_last4_500_v2",
  "seed": 42,
  "n_states": 256,
  "sigma_c2c": 0.01,
  "sigma_d2d": 0.0,
  "analog_layers": [
    20,
    21,
    22,
    23
  ],
  "lr": 1e-05,
  "max_steps": 500,
  "retention_step_time": 0.0,
  "ppl_before": 29.297388971809067,
  "ppl_after": 19.450662555859854,
  "losses": [
    3.3260018825531006,
    3.5235469341278076,
    3.7067601680755615,
    3.8969671726226807,
    3.679238796234131,
    3.6556472778320312,
    3.5042169094085693,
    3.187635898590088,
    3.2258167266845703,
    3.424036741256714,
    3.4240379333496094,
    3.0621259212493896,
    3.4083757400512695,
    3.6991162300109863,
    3.4623570442199707,
    3.3772940635681152,
    3.3588123321533203,
    3.086536169052124,
    3.0007381439208984,
    3.056718587875366,
    3.334336042404175,
    3.3804025650024414,
    3.0866451263427734,
    3.3369059562683105,
    3.1768393516540527,
    3.2652082443237305,
    3.6566898822784424,
    3.540738582611084,
    3.077070713043213,
    3.310323715209961,
    3.5966663360595703,
    3.404231309890747,
    3.1730170249938965,
    3.0528557300567627,
    2.9292306900024414,
    3.1382827758789062,
    3.223633289337158,
    3.275364875793457,
    3.3585970401763916,
    3.4141669273376465,
    3.4962637424468994,
    3.4013688564300537,
    3.3949806690216064,
    3.580137252807617,
    3.5751590728759766,
    3.3891441822052,
    2.936323881149292,
    2.360811233520508,
    2.2916481494903564,
    2.812220811843872,
    3.128079891204834,
    2.8736345767974854,
    2.7061917781829834,
    3.062103509902954,
    3.119558334350586,
    3.1084814071655273,
    3.2641777992248535,
    3.1432154178619385,
    2.8613088130950928,
    2.8400678634643555,
    2.8104939460754395,
    2.7730000019073486,
    2.7911770343780518,
    2.74642014503479,
    2.7171571254730225,
    2.7841031551361084,
    2.896965742111206,
    3.2522666454315186,
    3.1338460445404053,
    2.9756112098693848,
    2.8464155197143555,
    2.5293266773223877,
    2.591364622116089,
    2.8925743103027344,
    2.8686530590057373,
    2.886467933654785,
    2.7628190517425537,
    2.6451058387756348,
    3.106311798095703,
    3.476330041885376,
    3.355149745941162,
    3.4000258445739746,
    3.3973755836486816,
    3.5790998935699463,
    3.192167282104492,
    2.873852014541626,
    3.045217990875244,
    3.3085739612579346,
    3.060720682144165,
    2.6125073432922363,
    2.403662919998169,
    2.7488412857055664,
    2.902991533279419,
    2.916445255279541,
    3.220524787902832,
    3.38736629486084,
    3.0016305446624756,
    2.68400502204895,
    2.9671695232391357,
    3.3107032775878906,
    3.2690157890319824,
    3.1977391242980957,
    3.1002957820892334,
    2.9604086875915527,
    2.9920008182525635,
    3.2783050537109375,
    2.685110330581665,
    2.5535194873809814,
    2.893010139465332,
    3.1587071418762207,
    3.176420211791992,
    3.136181116104126,
    3.113039970397949,
    3.313481569290161,
    3.369675874710083,
    3.1552011966705322,
    3.075155735015869,
    3.2825887203216553,
    2.7648088932037354,
    2.5252814292907715,
    2.714845895767212,
    2.7382960319519043,
    2.8890907764434814,
    2.782637119293213,
    2.7456674575805664,
    2.8629608154296875,
    2.7595434188842773,
    2.820685386657715,
    3.0211637020111084,
    3.013486623764038,
    2.5775647163391113,
    2.6029646396636963,
    2.7146384716033936,
    2.8510963916778564,
    2.842242956161499,
    3.005779266357422,
    3.2356977462768555,
    3.182884693145752,
    3.166184186935425,
    3.1185269355773926,
    3.1581733226776123,
    3.1788110733032227,
    3.212163209915161,
    3.233942747116089,
    3.087406635284424,
    3.316929817199707,
    3.465524911880493,
    3.3143362998962402,
    3.2551379203796387,
    3.1136791706085205,
    3.0379462242126465,
    3.0590004920959473,
    3.028754949569702,
    3.099057197570801,
    3.2910423278808594,
    3.1469969749450684,
    2.9003989696502686,
    3.220607042312622,
    3.3419384956359863,
    3.1316640377044678,
    2.8862099647521973,
    2.9902455806732178,
    3.1874523162841797,
    3.062279224395752,
    2.94095778465271,
    2.975534677505493,
    3.2055346965789795,
    3.1409356594085693,
    2.9249112606048584,
    3.0336110591888428,
    3.1374762058258057,
    3.2302653789520264,
    3.2399675846099854,
    3.3759732246398926,
    3.13328218460083,
    3.0940754413604736,
    3.262995719909668,
    3.137399435043335,
    2.944862127304077,
    2.9203715324401855,
    2.96108341217041,
    2.9566750526428223,
    3.1416256427764893,
    3.3052620887756348,
    3.259568929672241,
    3.235321283340454,
    3.3466639518737793,
    3.66121244430542,
    3.707536458969116,
    3.8001394271850586,
    3.627995014190674,
    3.3514978885650635,
    2.9953527450561523,
    2.886000633239746,
    3.1199381351470947,
    2.973615884780884,
    2.751068592071533,
    2.9721524715423584,
    3.0326530933380127,
    3.0858840942382812,
    3.1914522647857666,
    3.03344464302063,
    3.186549663543701,
    3.147160291671753,
    3.2256126403808594,
    3.0864388942718506,
    3.1047184467315674,
    3.0882534980773926,
    2.665891170501709,
    3.087606191635132,
    3.3923046588897705,
    2.8958089351654053,
    2.6870954036712646,
    2.5834131240844727,
    2.7821130752563477,
    3.0520734786987305,
    2.9607768058776855,
    2.9943463802337646,
    3.150355339050293,
    3.118276834487915,
    3.237656354904175,
    3.302175521850586,
    2.7936768531799316,
    2.480340003967285,
    2.343623638153076,
    2.441741704940796,
    2.649081230163574,
    2.6662168502807617,
    2.581145763397217,
    2.639711380004883,
    2.9108595848083496,
    3.0534884929656982,
    2.965555429458618,
    3.0327656269073486,
    3.1712658405303955,
    2.916428804397583,
    3.2214794158935547,
    2.9648895263671875,
    2.9983012676239014,
    3.246103525161743,
    3.0727319717407227,
    3.087498188018799,
    3.309304714202881,
    3.390009880065918,
    3.3044536113739014,
    3.402501344680786,
    3.530872344970703,
    3.557081460952759,
    3.2402141094207764,
    3.336406946182251,
    3.3829519748687744,
    3.3153693675994873,
    3.3056397438049316,
    3.367361068725586,
    3.229938268661499,
    3.2019176483154297,
    3.2317581176757812,
    3.4591639041900635,
    3.2519607543945312,
    3.149503469467163,
    3.0575296878814697,
    2.793238401412964,
    3.1533470153808594,
    3.098289966583252,
    3.0814003944396973,
    2.78684139251709,
    2.7710120677948,
    2.759483814239502,
    2.780454397201538,
    2.818936824798584,
    2.88380765914917,
    2.913212776184082,
    3.099990129470825,
    2.902602434158325,
    2.7925989627838135,
    2.8258090019226074,
    2.8986339569091797,
    2.9607343673706055,
    2.895220994949341,
    2.955749273300171,
    2.9891726970672607,
    2.9380993843078613,
    3.0166397094726562,
    3.0363733768463135,
    2.8534960746765137,
    2.8944904804229736,
    2.727944850921631,
    3.0169637203216553,
    2.9587655067443848,
    2.8965022563934326,
    3.074704647064209,
    3.0563230514526367,
    2.7827577590942383,
    2.822057008743286,
    2.907529354095459,
    3.028306484222412,
    3.0311336517333984,
    3.154017686843872,
    3.3046329021453857,
    3.1955907344818115,
    2.9262988567352295,
    2.834038496017456,
    2.9499361515045166,
    3.0754756927490234,
    2.9690794944763184,
    2.847771167755127,
    3.1426548957824707,
    3.2289745807647705,
    3.193355083465576,
    2.8145651817321777,
    2.4878244400024414,
    2.851893663406372,
    2.882457733154297,
    3.1657347679138184,
    3.554156541824341,
    3.5066816806793213,
    3.1610422134399414,
    3.256216049194336,
    3.4757192134857178,
    3.3987700939178467,
    3.212024450302124,
    3.0790884494781494,
    3.0368833541870117,
    3.098879337310791,
    3.1056649684906006,
    3.134469985961914,
