{
  "name": "hat_d2d0035_500_v2",
  "seed": 42,
  "n_states": 256,
  "sigma_c2c": 0.0,
  "sigma_d2d": 0.035,
  "analog_layers": [
    0,
    1,
    2,
    3,
    4,
    5,
    6,
    7,
    8,
    9,
    10,
    11,
    12,
    13,
    14,
    15,
    16,
    17,
    18,
    19,
    20,
    21,
    22,
    23
  ],
  "lr": 1e-05,
  "max_steps": 500,
  "retention_step_time": 0.0,
  "ppl_before": 255.6273681725592,
  "ppl_after": 32.18717978399507,
  "losses": [
    5.769261837005615,
    5.469422340393066,
    5.6726155281066895,
    6.190798282623291,
    5.222092628479004,
    5.1862664222717285,
    4.9082417488098145,
    4.642542362213135,
    4.472146987915039,
    4.7321014404296875,
    4.856977939605713,
    4.447024345397949,
    4.717686176300049,
    4.9216132164001465,
    4.598113059997559,
    4.782340049743652,
    4.576084136962891,
    4.780389785766602,
    4.6346001625061035,
    4.364429950714111,
    4.3393120765686035,
    4.281792163848877,
    4.112444877624512,
    4.416296482086182,
    4.436568260192871,
    4.422280788421631,
    4.696072101593018,
    4.59162712097168,
    4.2652177810668945,
    4.587281703948975,
    4.827382564544678,
    4.33399772644043,
    4.182328224182129,
    4.093544006347656,
    3.9566595554351807,
    4.198822498321533,
    4.496538162231445,
    4.324184894561768,
    4.4952712059021,
    4.544894218444824,
    4.518752098083496,
    4.301812648773193,
    4.409793376922607,
    4.576059341430664,
    4.640142917633057,
    4.4669976234436035,
    4.156942367553711,
    3.62170147895813,
    3.5359201431274414,
    3.813359260559082,
    4.166374683380127,
    3.775754451751709,
    3.5677194595336914,
    4.12291955947876,
    4.361077785491943,
    4.347963333129883,
    4.128062725067139,
    4.142724990844727,
    4.229154586791992,
    4.201200008392334,
    3.8074779510498047,
    3.9577012062072754,
    3.9104981422424316,
    3.88344407081604,
    3.8932976722717285,
    4.006594181060791,
    3.82858943939209,
    4.135432720184326,
    4.142594814300537,
    4.038041114807129,
    3.791255235671997,
    3.4109463691711426,
    3.4599099159240723,
    3.6818087100982666,
    3.6861774921417236,
    3.810946464538574,
    3.9216129779815674,
    3.925577163696289,
    4.005030632019043,
    4.1757330894470215,
    4.1512298583984375,
    4.197488307952881,
    3.986172914505005,
    4.307068347930908,
    4.000709533691406,
    3.701038360595703,
    3.989957094192505,
    4.264926433563232,
    3.9093821048736572,
    3.4810779094696045,
    3.3813271522521973,
    3.5516581535339355,
    3.6321842670440674,
    3.8574633598327637,
    4.139055252075195,
    4.246667861938477,
    3.8618154525756836,
    3.528519868850708,
    3.782930374145508,
    4.06239128112793,
    4.085507392883301,
    4.104590892791748,
    4.060876369476318,
    3.776304244995117,
    3.778325319290161,
    4.234206199645996,
    3.803173542022705,
    3.453310251235962,
    3.785881757736206,
    4.375375270843506,
    4.441306114196777,
    4.292064666748047,
    4.199078559875488,
    4.295446395874023,
    4.465241432189941,
    4.1322922706604,
    3.9951233863830566,
    4.163426399230957,
    3.613084077835083,
    3.464169979095459,
    3.4036266803741455,
    3.4918251037597656,
    3.66243052482605,
    3.6824541091918945,
    3.503312110900879,
    3.6036715507507324,
    3.529249668121338,
    3.5460376739501953,
    3.7407913208007812,
    3.9163663387298584,
    3.6350693702697754,
    3.6229121685028076,
    3.6481456756591797,
    3.887528657913208,
    3.773845911026001,
    3.814765691757202,
    3.893829345703125,
    3.8657469749450684,
    3.8728673458099365,
    3.7027416229248047,
    3.926313877105713,
    3.874107837677002,
    3.823509931564331,
    3.893200635910034,
    3.7370645999908447,
    3.971599817276001,
    4.0934648513793945,
    4.027944087982178,
    3.865927219390869,
    3.650547504425049,
    3.567941427230835,
    3.73934006690979,
    3.67610764503479,
    3.787688970565796,
    3.9513516426086426,
    3.8689870834350586,
    3.6004457473754883,
    3.8339056968688965,
    4.124914646148682,
    3.948838949203491,
    3.556110143661499,
    3.6643683910369873,
    3.7652416229248047,
    3.6859054565429688,
    3.6354146003723145,
    3.6054069995880127,
    3.910080671310425,
    3.741429567337036,
    3.4305601119995117,
    3.6110198497772217,
    3.6653170585632324,
    3.6590240001678467,
    3.856506109237671,
    4.026130199432373,
    3.674271583557129,
    3.776475429534912,
    3.874293088912964,
    3.6740660667419434,
    3.540851354598999,
    3.6385657787323,
    3.886653184890747,
    3.6341617107391357,
    3.798748016357422,
    3.9133315086364746,
    3.8895628452301025,
    3.921600818634033,
    3.9759602546691895,
    4.359374523162842,
    4.5043535232543945,
    4.595058917999268,
    4.379183292388916,
    4.006882667541504,
    3.783214569091797,
    3.9302163124084473,
    3.746398687362671,
    3.8627967834472656,
    3.6251676082611084,
    3.603006362915039,
    3.6370885372161865,
    3.9013614654541016,
    3.8241708278656006,
    3.5988571643829346,
    3.8339619636535645,
    3.842160701751709,
    3.906867742538452,
    3.78234601020813,
    3.8878567218780518,
    3.7009122371673584,
    3.358809232711792,
    3.6672723293304443,
    3.985090494155884,
    3.377974033355713,
    3.213752269744873,
    3.246776580810547,
    3.281052350997925,
    3.5776140689849854,
    3.5287930965423584,
    3.522733449935913,
    3.672238349914551,
    3.681750774383545,
    3.7725613117218018,
    3.8842663764953613,
    3.4418468475341797,
    3.114088535308838,
    3.0531346797943115,
    3.1571245193481445,
    3.312244415283203,
    3.4373018741607666,
    3.28584623336792,
    3.2372331619262695,
    3.4935455322265625,
    3.719419240951538,
    3.764394998550415,
    3.8677546977996826,
    4.001501560211182,
    3.5228772163391113,
    3.7523865699768066,
    3.665212392807007,
    3.7100203037261963,
    3.8089752197265625,
    3.6241161823272705,
    3.6861965656280518,
    3.797691583633423,
    3.8602280616760254,
    3.9092228412628174,
    3.93381404876709,
    4.229270935058594,
    4.107120513916016,
    3.6947388648986816,
    3.8194055557250977,
    3.7392964363098145,
    3.833840847015381,
    3.882652759552002,
    3.969658851623535,
    3.766319513320923,
    3.661649227142334,
    3.6350619792938232,
    3.8898746967315674,
    3.7097315788269043,
    3.69419002532959,
    3.666379451751709,
    3.4415624141693115,
    3.822394609451294,
    3.7174630165100098,
    3.7021210193634033,
    3.4516875743865967,
    3.445326089859009,
    3.437784433364868,
    3.402039051055908,
    3.4417150020599365,
    3.6156301498413086,
    3.60598087310791,
    3.834533452987671,
    3.6032650470733643,
    3.450836420059204,
    3.7073166370391846,
    3.70027494430542,
    3.6379568576812744,
    3.407702922821045,
    3.537600040435791,
    3.5074398517608643,
    3.4670472145080566,
    3.5907552242279053,
    3.6542084217071533,
    3.4811713695526123,
    3.433863639831543,
    3.392414093017578,
    3.6194043159484863,
    3.5858218669891357,
    3.5119550228118896,
    3.7958908081054688,
    3.597590446472168,
    3.327150344848633,
    3.5085813999176025,
    3.6695194244384766,
    3.6376969814300537,
    3.5755653381347656,
    3.692742347717285,
    3.7327473163604736,
    3.8044848442077637,
    3.558823347091675,
    3.3272178173065186,
    3.3521642684936523,
    3.539515733718872,
    3.538715124130249,
    3.3122541904449463,
    3.701648712158203,
    3.9207444190979004,
    3.8482072353363037,
    3.4761760234832764,
    3.0870859622955322,
    3.4829397201538086,
    3.52758526802063,
    3.8627896308898926,
    4.071758270263672,
    4.176737308502197,
    3.7478108406066895,
    3.914616346359253,
    3.940347194671631,
    4.102550983428955,
    4.0922346115112305,
    3.8533341884613037,
