{
  "name": "hat_d2d005_500_v2",
  "seed": 42,
  "n_states": 256,
  "sigma_c2c": 0.0,
  "sigma_d2d": 0.05,
  "analog_layers": [
    0,
    1,
    2,
    3,
    4,
    5,
    6,
    7,
    8,
    9,
    10,
    11,
    12,
    13,
    14,
    15,
    16,
    17,
    18,
    19,
    20,
    21,
    22,
    23
  ],
  "lr": 1e-05,
  "max_steps": 500,
  "retention_step_time": 0.0,
  "ppl_before": 596.1106273783698,
  "ppl_after": 42.63468466980603,
  "losses": [
    6.441277503967285,
    6.096726417541504,
    6.484375,
    7.11544132232666,
    5.921213626861572,
    5.858553886413574,
    5.642931938171387,
    5.338893413543701,
    5.020608901977539,
    5.361131191253662,
    5.404076099395752,
    5.241558074951172,
    5.371111869812012,
    5.459280967712402,
    5.308409214019775,
    5.384639263153076,
    5.127150058746338,
    5.41918420791626,
    5.245344638824463,
    4.91028356552124,
    4.7458906173706055,
    4.81658935546875,
    4.568715572357178,
    5.094918727874756,
    4.991504669189453,
    4.944705009460449,
    5.0908379554748535,
    5.079176902770996,
    4.849679946899414,
    5.164548397064209,
    5.238946914672852,
    4.778384685516357,
    4.75468111038208,
    4.59011173248291,
    4.3426103591918945,
    4.700160503387451,
    4.988597393035889,
    4.759493827819824,
    4.962059020996094,
    4.983450889587402,
    5.014975547790527,
    4.763749122619629,
    4.873228549957275,
    5.01817512512207,
    5.055534839630127,
    4.834228515625,
    4.682834625244141,
    4.290735244750977,
    4.043781280517578,
    4.311659812927246,
    4.6430816650390625,
    4.118650436401367,
    4.032257080078125,
    4.550429821014404,
    4.893723011016846,
    5.0597968101501465,
    4.600222110748291,
    4.619536876678467,
    4.784226894378662,
    4.749779224395752,
    4.294468402862549,
    4.463205337524414,
    4.4551191329956055,
    4.404418468475342,
    4.492324352264404,
    4.554407596588135,
    4.322596549987793,
    4.548973560333252,
    4.608226299285889,
    4.5268449783325195,
    4.224719047546387,
    3.8599038124084473,
    3.9034922122955322,
    4.19447135925293,
    4.461531162261963,
    4.327449798583984,
    4.414602756500244,
    4.464249610900879,
    4.463912010192871,
    4.555898189544678,
    4.543061256408691,
    4.593294620513916,
    4.349626064300537,
    4.568052291870117,
    4.457589149475098,
    4.138699531555176,
    4.426196575164795,
    4.706687927246094,
    4.424178600311279,
    3.9643540382385254,
    3.7811472415924072,
    3.972529172897339,
    3.973567247390747,
    4.313577175140381,
    4.527999401092529,
    4.617388725280762,
    4.1943135261535645,
    3.9238553047180176,
    4.186355113983154,
    4.545374393463135,
    4.533698081970215,
    4.473838806152344,
    4.521923542022705,
    4.186317443847656,
    4.203484535217285,
    4.629589080810547,
    4.33808708190918,
    3.9193570613861084,
    4.284878253936768,
    4.8322296142578125,
    4.980453968048096,
    4.774781227111816,
    4.682827949523926,
    4.659886360168457,
    4.905422210693359,
    4.5501933097839355,
    4.348706245422363,
    4.565864086151123,
    4.086852073669434,
    3.7823638916015625,
    3.7954185009002686,
    3.9495432376861572,
    4.014792442321777,
    4.096170425415039,
    3.921295642852783,
    4.074621677398682,
    3.9226198196411133,
    3.9436354637145996,
    4.187648296356201,
    4.3841753005981445,
    4.0010271072387695,
    4.203688621520996,
    4.034459590911865,
    4.376239776611328,
    4.285904884338379,
    4.230109214782715,
    4.153266429901123,
    4.259823799133301,
    4.19193172454834,
    4.085895538330078,
    4.368504524230957,
    4.218592166900635,
    4.188048362731934,
    4.269676685333252,
    4.089526176452637,
    4.291721343994141,
    4.414377689361572,
    4.329892635345459,
    4.157403945922852,
    3.9460747241973877,
    3.921417713165283,
    4.062323570251465,
    4.031613349914551,
    4.153021812438965,
    4.34440279006958,
    4.2340898513793945,
    3.9279286861419678,
    4.1407599449157715,
    4.434378623962402,
    4.281556606292725,
    3.8914997577667236,
    4.0011725425720215,
    4.049363613128662,
    4.01170539855957,
    3.941710948944092,
    3.908522129058838,
    4.21790885925293,
    4.104099273681641,
    3.6364552974700928,
    3.87367844581604,
    3.9410009384155273,
    3.9314777851104736,
    4.120478630065918,
    4.334934234619141,
    3.906430721282959,
    4.088268756866455,
    4.20709228515625,
    3.9664809703826904,
    3.8343796730041504,
    4.0117411613464355,
    4.222024917602539,
    4.102410793304443,
    4.232296466827393,
    4.32996940612793,
    4.2105488777160645,
    4.320195198059082,
    4.370898723602295,
    4.822563648223877,
    4.829678058624268,
    5.036653995513916,
    4.765666961669922,
    4.356642723083496,
    4.049107551574707,
    3.9354517459869385,
    4.1017608642578125,
    4.227952003479004,
    3.935925006866455,
    3.9829835891723633,
    4.084900856018066,
    4.180425643920898,
    4.1924638748168945,
    4.011617660522461,
    4.2622389793396,
    4.181243896484375,
    4.3007659912109375,
    4.173253536224365,
    4.269806861877441,
    4.011801242828369,
    3.7689478397369385,
    4.035278797149658,
    4.3147125244140625,
    3.7117602825164795,
    3.4775264263153076,
    3.5647079944610596,
    3.618880033493042,
    3.898829460144043,
    3.830709457397461,
    3.8004953861236572,
    3.9751908779144287,
    3.9733221530914307,
    4.002214431762695,
    4.236029148101807,
    3.939004421234131,
    3.4392335414886475,
    3.433006763458252,
    3.5659797191619873,
    3.788071632385254,
    3.826456069946289,
    3.7593865394592285,
    3.6314809322357178,
    3.8613150119781494,
    4.044941425323486,
    4.213064193725586,
    4.427574157714844,
    4.388350009918213,
    3.91269850730896,
    4.190429210662842,
    4.115464687347412,
    4.1141839027404785,
    4.1819329261779785,
    3.953368902206421,
    4.044201850891113,
    4.152131080627441,
    4.1447834968566895,
    4.218974590301514,
    4.26109504699707,
    4.541483402252197,
    4.479133129119873,
    4.033241271972656,
    4.0696821212768555,
    4.001928329467773,
    4.0723161697387695,
    4.173743724822998,
    4.26431941986084,
    4.060105800628662,
    3.9482972621917725,
    3.900692939758301,
    4.130478858947754,
    3.927558183670044,
    3.9851040840148926,
    4.0254411697387695,
    3.874389886856079,
    4.12846565246582,
    4.005030632019043,
    3.976271867752075,
    3.8156802654266357,
    3.745959997177124,
    3.7438204288482666,
    3.7114996910095215,
    3.7997989654541016,
    3.960935115814209,
    3.98842716217041,
    4.201816558837891,
    3.9589695930480957,
    3.819141387939453,
    4.016812324523926,
    4.076975345611572,
    4.043824195861816,
    3.71683406829834,
    3.7949845790863037,
    3.7348380088806152,
    3.7343549728393555,
    3.883362054824829,
    3.9750983715057373,
    3.9000403881073,
    3.7214395999908447,
    3.635120391845703,
    3.962963819503784,
    3.9638290405273438,
    3.8982739448547363,
    4.092960357666016,
    3.894383668899536,
    3.565098762512207,
    3.8092525005340576,
    4.009347915649414,
    3.9184980392456055,
    3.8092432022094727,
    4.022492408752441,
    4.062589168548584,
    4.151832103729248,
    3.864777088165283,
    3.5860917568206787,
    3.6190264225006104,
    3.783510684967041,
    3.8144209384918213,
    3.5890378952026367,
    4.000598907470703,
    4.225418567657471,
    4.179987907409668,
    3.889010429382324,
    3.433873176574707,
    3.8177425861358643,
    3.90377140045166,
    4.221823215484619,
    4.413599491119385,
    4.578768253326416,
    4.089172840118408,
    4.180279731750488,
    4.283947467803955,
    4.420375823974609,
    4.545421600341797,
    4.3487019538879395,
    4.287882328033447,
    4.123892784118652,
    3.934800148010254,
