{
  "name": "hat_d2d002_last1_500_v2",
  "seed": 42,
  "n_states": 256,
  "sigma_c2c": 0.0,
  "sigma_d2d": 0.02,
  "analog_layers": [
    23
  ],
  "lr": 1e-05,
  "max_steps": 500,
  "ppl_before": 23.238073735926534,
  "ppl_after": 18.282141798003078,
  "losses": [
    3.067619800567627,
    3.308302640914917,
    3.5425641536712646,
    3.737910747528076,
    3.4414122104644775,
    3.4758095741271973,
    3.3355493545532227,
    3.014758586883545,
    3.0241405963897705,
    3.261650800704956,
    3.2530481815338135,
    2.9150898456573486,
    3.2538063526153564,
    3.536947727203369,
    3.209421157836914,
    3.2166154384613037,
    3.079068422317505,
    2.8104610443115234,
    2.8993711471557617,
    2.9966788291931152,
    3.226062059402466,
    3.2455480098724365,
    2.9371137619018555,
    3.196448564529419,
    3.0612659454345703,
    3.1292240619659424,
    3.538379669189453,
    3.4371299743652344,
    2.966304302215576,
    3.2180871963500977,
    3.435777425765991,
    3.283325672149658,
    3.050926685333252,
    2.946216344833374,
    2.801689863204956,
    3.003532886505127,
    3.0783183574676514,
    3.245465040206909,
    3.2346062660217285,
    3.27671480178833,
    3.438981294631958,
    3.3144185543060303,
    3.3096890449523926,
    3.4614312648773193,
    3.4717135429382324,
    3.3022384643554688,
    2.8532121181488037,
    2.277433395385742,
    2.201220989227295,
    2.7489192485809326,
    3.0192363262176514,
    2.84611439704895,
    2.63128924369812,
    2.983581304550171,
    2.9843101501464844,
    2.9762308597564697,
    3.139359474182129,
    3.0077931880950928,
    2.697826385498047,
    2.7423501014709473,
    2.7212045192718506,
    2.6890978813171387,
    2.659327268600464,
    2.5921409130096436,
    2.532039165496826,
    2.6224794387817383,
    2.824099063873291,
    3.0944275856018066,
    2.9550962448120117,
    2.8634088039398193,
    2.734912157058716,
    2.4639322757720947,
    2.508929491043091,
    2.7754271030426025,
    2.7023236751556396,
    2.733793020248413,
    2.5568301677703857,
    2.4908478260040283,
    3.01863694190979,
    3.447917938232422,
    3.2875964641571045,
    3.2860848903656006,
    3.352741241455078,
    3.4863381385803223,
    3.0406527519226074,
    2.7966723442077637,
    2.956385612487793,
    3.2028939723968506,
    2.9102423191070557,
    2.5323047637939453,
    2.334407329559326,
    2.606564998626709,
    2.791064739227295,
    2.804131269454956,
    3.083097457885742,
    3.2216579914093018,
    2.8604207038879395,
    2.6055033206939697,
    2.883234739303589,
    3.2391247749328613,
    3.1517090797424316,
    3.0952742099761963,
    2.9848766326904297,
    2.849672555923462,
    2.872177839279175,
    3.090615749359131,
    2.5481278896331787,
    2.451138734817505,
    2.790024757385254,
    3.0110418796539307,
    3.0847554206848145,
    3.016765594482422,
    2.9700698852539062,
    3.164821147918701,
    3.2570343017578125,
    3.0109851360321045,
    2.952333688735962,
    3.126230239868164,
    2.6460001468658447,
    2.3891212940216064,
    2.6283774375915527,
    2.6484272480010986,
    2.6905744075775146,
    2.6390726566314697,
    2.6232941150665283,
    2.758114814758301,
    2.675111770629883,
    2.7183494567871094,
    2.8889102935791016,
    2.8986713886260986,
    2.4440510272979736,
    2.502927303314209,
    2.6790943145751953,
    2.8251945972442627,
    2.7337896823883057,
    2.8964011669158936,
    3.117948532104492,
    3.056408166885376,
    3.0506062507629395,
    3.0506742000579834,
    3.0749988555908203,
    3.0801749229431152,
    3.0892319679260254,
    3.1405558586120605,
    3.027622938156128,
    3.2800865173339844,
    3.3975279331207275,
    3.2234134674072266,
    3.163947582244873,
    3.053309440612793,
    2.9968502521514893,
    2.978863477706909,
    2.9020445346832275,
    3.070523738861084,
    3.227250337600708,
    3.100412368774414,
    2.81794810295105,
    3.1242964267730713,
    3.2558562755584717,
    3.0339884757995605,
    2.818592071533203,
    2.905280351638794,
    3.1280477046966553,
    3.006948709487915,
    2.9252941608428955,
    2.9545159339904785,
    3.1351795196533203,
    3.0743818283081055,
    2.848815441131592,
    3.0103321075439453,
    3.084038734436035,
    3.113893985748291,
    3.1530816555023193,
    3.317457914352417,
    3.1238505840301514,
    3.032292127609253,
    3.2143146991729736,
    3.0728061199188232,
    2.887589693069458,
    2.823044538497925,
    2.843733549118042,
    2.807818651199341,
    3.0285542011260986,
    3.1889986991882324,
    3.215244770050049,
    3.138279914855957,
    3.3069376945495605,
    3.5747170448303223,
    3.599611282348633,
    3.7376646995544434,
    3.542794704437256,
    3.2628586292266846,
    2.927229166030884,
    2.7839653491973877,
    3.0118274688720703,
    2.909372568130493,
    2.706157684326172,
    2.896092653274536,
    2.9254422187805176,
    3.007753610610962,
    3.0659444332122803,
    2.9464023113250732,
    3.076495409011841,
    3.041339159011841,
    3.1286590099334717,
    2.988975763320923,
    3.039262533187866,
    3.0179059505462646,
    2.623878240585327,
    3.043828010559082,
    3.344142198562622,
    2.8272407054901123,
    2.592276096343994,
    2.540652275085449,
    2.6923277378082275,
    2.9765822887420654,
    2.872802734375,
    2.906787157058716,
    3.0894811153411865,
    3.0721027851104736,
    3.218473196029663,
    3.2658510208129883,
    2.7792253494262695,
    2.403003454208374,
    2.252703905105591,
    2.373607873916626,
    2.581951141357422,
    2.5785796642303467,
    2.5014655590057373,
    2.580660581588745,
    2.8237297534942627,
    2.9632859230041504,
    2.832364082336426,
    2.9512887001037598,
    3.113532543182373,
    2.852353811264038,
    3.1298320293426514,
    2.8613545894622803,
    2.8745739459991455,
    3.1829936504364014,
    2.972506523132324,
    2.9888217449188232,
    3.1642565727233887,
    3.2931175231933594,
    3.2025375366210938,
    3.2785701751708984,
    3.5042998790740967,
    3.5313265323638916,
    3.171520948410034,
    3.2904396057128906,
    3.3068110942840576,
    3.2715015411376953,
    3.289501190185547,
    3.323615312576294,
    3.160158634185791,
    3.1284823417663574,
    3.1452879905700684,
    3.3704659938812256,
    3.1885523796081543,
    3.0664403438568115,
    2.9488542079925537,
    2.6863105297088623,
    3.0936131477355957,
    2.974170446395874,
    3.0068962574005127,
    2.771212339401245,
    2.7099146842956543,
    2.6710314750671387,
    2.695469617843628,
    2.772566080093384,
    2.8497562408447266,
    2.7846410274505615,
    2.998885154724121,
    2.8208374977111816,
    2.726022720336914,
    2.8003478050231934,
    2.833221912384033,
    2.873964786529541,
    2.837002992630005,
    2.9138472080230713,
    2.918189525604248,
    2.84315824508667,
    2.9501571655273438,
    2.942587375640869,
    2.7679333686828613,
    2.8265316486358643,
    2.6967852115631104,
    2.9461162090301514,
    2.8664119243621826,
    2.8754677772521973,
    3.024822473526001,
    2.9624593257904053,
    2.721541166305542,
    2.773453950881958,
    2.894627809524536,
    2.984395980834961,
    3.0056827068328857,
    3.126176118850708,
    3.245126247406006,
    3.1235263347625732,
    2.85909104347229,
    2.799107074737549,
    2.874295234680176,
    3.033484697341919,
    2.9474034309387207,
    2.8034040927886963,
    3.091362476348877,
    3.176154613494873,
    3.096080780029297,
    2.6786129474639893,
    2.3913800716400146,
    2.703882932662964,
    2.7547130584716797,
    3.0636250972747803,
    3.424037456512451,
    3.4039306640625,
    3.0875425338745117,
    3.1949405670166016,
    3.319317579269409,
    3.2953391075134277,
    3.1596336364746094,
    2.91611647605896,
    2.9420571327209473,
    3.063657522201538,
    3.0540261268615723,
    3.0838496685028076,
    3.128734827041626,
    2.792964458465576,
