{
  "name": "hat_d2d004_500_v2",
  "seed": 456,
  "n_states": 256,
  "sigma_c2c": 0.0,
  "sigma_d2d": 0.04,
  "analog_layers": [
    0,
    1,
    2,
    3,
    4,
    5,
    6,
    7,
    8,
    9,
    10,
    11,
    12,
    13,
    14,
    15,
    16,
    17,
    18,
    19,
    20,
    21,
    22,
    23
  ],
  "lr": 1e-05,
  "max_steps": 500,
  "retention_step_time": 0.0,
  "ppl_before": 334.35283212479686,
  "ppl_after": 35.8390154133506,
  "losses": [
    5.906017303466797,
    5.6584248542785645,
    5.903745174407959,
    6.453191757202148,
    5.471745491027832,
    5.409839153289795,
    5.174653053283691,
    4.8865509033203125,
    4.68079137802124,
    4.965205669403076,
    5.031291484832764,
    4.688096046447754,
    4.929217338562012,
    5.080814838409424,
    4.862934112548828,
    4.895079135894775,
    4.810301780700684,
    5.013930320739746,
    4.824033737182617,
    4.569509983062744,
    4.496760845184326,
    4.4940266609191895,
    4.285351753234863,
    4.606446266174316,
    4.617551803588867,
    4.616692066192627,
    4.835165023803711,
    4.732573986053467,
    4.510721683502197,
    4.822319030761719,
    4.981196880340576,
    4.496183395385742,
    4.36690092086792,
    4.224499702453613,
    4.107207775115967,
    4.44775915145874,
    4.6358232498168945,
    4.445729732513428,
    4.656771183013916,
    4.677123069763184,
    4.721607208251953,
    4.442497253417969,
    4.591889381408691,
    4.69629430770874,
    4.7689900398254395,
    4.585135459899902,
    4.445164680480957,
    4.069290637969971,
    3.7388739585876465,
    4.0364155769348145,
    4.34522008895874,
    3.8767223358154297,
    3.7257778644561768,
    4.275222301483154,
    4.501396656036377,
    4.590763568878174,
    4.3070573806762695,
    4.35922384262085,
    4.478249549865723,
    4.430528163909912,
    3.9477500915527344,
    4.225632667541504,
    4.126491069793701,
    4.173669815063477,
    4.1226935386657715,
    4.2639288902282715,
    4.023183822631836,
    4.2483415603637695,
    4.351592063903809,
    4.208932399749756,
    4.016558647155762,
    3.5619208812713623,
    3.6207640171051025,
    3.9991226196289062,
    4.2736592292785645,
    4.325836181640625,
    4.26015043258667,
    4.0982255935668945,
    4.179924488067627,
    4.335571765899658,
    4.290963172912598,
    4.34095573425293,
    4.121304512023926,
    4.3881144523620605,
    4.134194374084473,
    3.813286542892456,
    4.137421607971191,
    4.460133075714111,
    4.107810020446777,
    3.647310733795166,
    3.5388522148132324,
    3.7052435874938965,
    3.771836280822754,
    3.9959218502044678,
    4.294494152069092,
    4.384038925170898,
    4.04020357131958,
    3.675845146179199,
    3.9578888416290283,
    4.283106327056885,
    4.225916862487793,
    4.200952053070068,
    4.244216442108154,
    3.9058239459991455,
    3.972255229949951,
    4.387628078460693,
    3.998300552368164,
    3.6721420288085938,
    3.962307929992676,
    4.57272481918335,
    4.629932880401611,
    4.449233055114746,
    4.371237277984619,
    4.427240371704102,
    4.65194845199585,
    4.29988431930542,
    4.136468887329102,
    4.281569957733154,
    3.799962282180786,
    3.547325849533081,
    3.5283217430114746,
    3.5947153568267822,
    3.782658576965332,
    3.8499035835266113,
    3.663172483444214,
    3.8058547973632812,
    3.648933172225952,
    3.664883852005005,
    3.901491641998291,
    4.1009202003479,
    3.7436630725860596,
    3.869492769241333,
    3.799114465713501,
    4.0275373458862305,
    3.950956344604492,
    3.96504282951355,
    3.9810869693756104,
    4.010733604431152,
    3.967968225479126,
    3.8561553955078125,
    4.11724853515625,
    4.044841766357422,
    3.9532227516174316,
    4.0496296882629395,
    3.881070375442505,
    4.109904766082764,
    4.23963737487793,
    4.113267421722412,
    3.9580154418945312,
    3.766932487487793,
    3.737436532974243,
    3.802263021469116,
    3.80397367477417,
    3.902143716812134,
    4.126410484313965,
    3.9932756423950195,
    3.6983683109283447,
    3.9520273208618164,
    4.1648783683776855,
    3.9964606761932373,
    3.684218406677246,
    3.795346975326538,
    3.875239849090576,
    3.7729384899139404,
    3.7435741424560547,
    3.6925859451293945,
    3.9916610717773438,
    3.899801015853882,
    3.487367868423462,
    3.702540874481201,
    3.765514373779297,
    3.8212099075317383,
    3.943582534790039,
    4.120303153991699,
    3.779621124267578,
    3.8380916118621826,
    3.9818100929260254,
    3.8287084102630615,
    3.6540915966033936,
    3.776940107345581,
    4.030776023864746,
    3.823301076889038,
    3.9819772243499756,
    4.050068378448486,
    3.9982943534851074,
    4.04921817779541,
    4.106802463531494,
    4.471461296081543,
    4.6179704666137695,
    4.776158332824707,
    4.522528648376465,
    4.098608493804932,
    3.8216419219970703,
    3.627899169921875,
    3.847450017929077,
    3.976301670074463,
    3.6455326080322266,
    3.71553373336792,
    3.8289129734039307,
    3.98016619682312,
    3.9545512199401855,
    3.706942319869995,
    3.9636762142181396,
    3.9605371952056885,
    4.003247261047363,
    3.9188764095306396,
    3.9971249103546143,
    3.8125526905059814,
    3.4873764514923096,
    3.8063533306121826,
    4.093373775482178,
    3.4564504623413086,
    3.2845375537872314,
    3.3745265007019043,
    3.3943212032318115,
    3.6895086765289307,
    3.623246669769287,
    3.594285011291504,
    3.806507110595703,
    3.774369716644287,
    3.850142478942871,
    4.012270927429199,
    3.612576961517334,
    3.20617413520813,
    3.1696012020111084,
    3.306156873703003,
    3.4360787868499756,
    3.5778017044067383,
    3.4170095920562744,
    3.3734867572784424,
    3.585042715072632,
    3.792292833328247,
    3.9302563667297363,
    4.054592609405518,
    4.140822887420654,
    3.6321423053741455,
    3.8681304454803467,
    3.8128998279571533,
    3.7999067306518555,
    3.8922343254089355,
    3.7340917587280273,
    3.76962947845459,
    3.917192220687866,
    3.9589226245880127,
    4.037729263305664,
    4.0355143547058105,
    4.33359432220459,
    4.23384952545166,
    3.8349592685699463,
    3.883122682571411,
    3.811692714691162,
    3.873778820037842,
    3.9644408226013184,
    4.053450107574463,
    3.877166748046875,
    3.740640163421631,
    3.7141618728637695,
    3.9617562294006348,
    3.78706955909729,
    3.8012921810150146,
    3.7373645305633545,
    3.565256118774414,
    3.91387677192688,
    3.8226511478424072,
    3.7251665592193604,
    3.553572654724121,
    3.520998239517212,
    3.5449817180633545,
    3.5216476917266846,
    3.5609853267669678,
    3.7347378730773926,
    3.7205605506896973,
    3.9149231910705566,
    3.7158265113830566,
    3.559969425201416,
    3.8021230697631836,
    3.8386309146881104,
    3.741353750228882,
    3.4886879920959473,
    3.595231771469116,
    3.596489191055298,
    3.5331573486328125,
    3.664494276046753,
    3.7900142669677734,
    3.6080079078674316,
    3.5142111778259277,
    3.4499495029449463,
    3.682912826538086,
    3.6866395473480225,
    3.666689395904541,
    3.8739354610443115,
    3.6637635231018066,
    3.402597665786743,
    3.5777246952056885,
    3.7907800674438477,
    3.7282376289367676,
    3.649991273880005,
    3.8516457080841064,
    3.8101646900177,
    3.878239154815674,
    3.632479190826416,
    3.412122964859009,
    3.4508655071258545,
    3.606356382369995,
    3.6019961833953857,
    3.4039454460144043,
    3.770444631576538,
    4.016419887542725,
    3.9644060134887695,
    3.6465930938720703,
    3.2045278549194336,
    3.5859811305999756,
    3.674899101257324,
    3.983772039413452,
    4.18515157699585,
    4.322044372558594,
    3.8676979541778564,
    4.008172512054443,
    4.014071941375732,
    4.196589469909668,
    4.228147506713867,
    4.059060096740723,
    4.004446506500244,
