{
  "name": "hat_d2d002_last4_500_v2",
  "seed": 42,
  "n_states": 256,
  "sigma_c2c": 0.0,
  "sigma_d2d": 0.02,
  "analog_layers": [
    20,
    21,
    22,
    23
  ],
  "lr": 1e-05,
  "max_steps": 500,
  "retention_step_time": 0.0,
  "ppl_before": 30.962304899949483,
  "ppl_after": 20.108117158587905,
  "losses": [
    3.3615634441375732,
    3.5373055934906006,
    3.7543585300445557,
    3.952733039855957,
    3.753040313720703,
    3.662604570388794,
    3.490129232406616,
    3.2043297290802,
    3.2264931201934814,
    3.4340133666992188,
    3.4935529232025146,
    3.2510273456573486,
    3.3963782787323,
    3.660074472427368,
    3.3712353706359863,
    3.4496726989746094,
    3.3024260997772217,
    3.1563303470611572,
    3.099914073944092,
    3.142645835876465,
    3.295703172683716,
    3.3272275924682617,
    3.1578798294067383,
    3.3553078174591064,
    3.1859288215637207,
    3.2710652351379395,
    3.719836473464966,
    3.5602478981018066,
    3.1373507976531982,
    3.3599793910980225,
    3.700481653213501,
    3.4048924446105957,
    3.1841561794281006,
    3.0690841674804688,
    3.048135995864868,
    3.1809487342834473,
    3.2609775066375732,
    3.372762680053711,
    3.3747692108154297,
    3.3869283199310303,
    3.56742000579834,
    3.444978952407837,
    3.471687078475952,
    3.5773167610168457,
    3.6964242458343506,
    3.467998504638672,
    2.935013771057129,
    2.345181941986084,
    2.325882911682129,
    2.8436176776885986,
    3.144117593765259,
    2.915497303009033,
    2.736196756362915,
    3.1631720066070557,
    3.1438164710998535,
    3.1941943168640137,
    3.3153862953186035,
    3.1881749629974365,
    2.971890687942505,
    2.9681737422943115,
    2.8254153728485107,
    2.8957104682922363,
    2.8581345081329346,
    2.854781150817871,
    2.742037057876587,
    2.8409576416015625,
    2.9708139896392822,
    3.282808542251587,
    3.140385389328003,
    3.0014936923980713,
    2.8175137042999268,
    2.6034152507781982,
    2.643958330154419,
    2.9177892208099365,
    2.9009838104248047,
    2.9599716663360596,
    2.819065809249878,
    2.7311851978302,
    3.0722672939300537,
    3.5227901935577393,
    3.4262187480926514,
    3.988774538040161,
    3.4368247985839844,
    3.647125005722046,
    3.243471622467041,
    2.9031307697296143,
    3.1172854900360107,
    3.35990309715271,
    3.0720882415771484,
    2.6562387943267822,
    2.5840160846710205,
    2.7573747634887695,
    2.944636344909668,
    2.9553449153900146,
    3.214064359664917,
    3.5067591667175293,
    3.0167999267578125,
    2.7021377086639404,
    2.977292060852051,
    3.366990804672241,
    3.329428195953369,
    3.2870209217071533,
    3.1689541339874268,
    3.040489673614502,
    3.0455825328826904,
    3.363370895385742,
    2.773362159729004,
    2.591601848602295,
    2.888483762741089,
    3.2805275917053223,
    3.3564560413360596,
    3.308887004852295,
    3.249269485473633,
    3.348123788833618,
    3.467097043991089,
    3.2470805644989014,
    3.0839223861694336,
    3.371617317199707,
    2.861758232116699,
    2.59804105758667,
    2.764608383178711,
    2.84108567237854,
    2.874513864517212,
    2.8443026542663574,
    2.787313222885132,
    2.8835763931274414,
    2.80088210105896,
    2.8613944053649902,
    3.08524751663208,
    3.0226874351501465,
    2.7040014266967773,
    2.696403741836548,
    2.811713457107544,
    2.942633867263794,
    2.903475522994995,
    3.0479445457458496,
    3.2652204036712646,
    3.2048182487487793,
    3.1977617740631104,
    3.1369075775146484,
    3.2215991020202637,
    3.2090604305267334,
    3.248243570327759,
    3.236121892929077,
    3.138254404067993,
    3.3780181407928467,
    3.4701521396636963,
    3.3214662075042725,
    3.2285375595092773,
    3.0967018604278564,
    3.032003402709961,
    3.025078296661377,
    3.019423723220825,
    3.1711738109588623,
    3.3017094135284424,
    3.204497814178467,
    2.9016613960266113,
    3.177760124206543,
    3.367628574371338,
    3.1661365032196045,
    2.932291030883789,
    3.057701587677002,
    3.2286055088043213,
    3.1413958072662354,
    2.9753620624542236,
    3.0222437381744385,
    3.22963547706604,
    3.2194888591766357,
    2.922828435897827,
    3.0810937881469727,
    3.161224365234375,
    3.204991340637207,
    3.259310007095337,
    3.376119613647461,
    3.199720621109009,
    3.1402735710144043,
    3.3273744583129883,
    3.1719017028808594,
    2.945124387741089,
    2.923236131668091,
    2.959780693054199,
    2.9505414962768555,
    3.2330617904663086,
    3.2784125804901123,
    3.2929134368896484,
    3.3166465759277344,
    3.4328086376190186,
    3.6781704425811768,
    3.7817647457122803,
    3.878854751586914,
    3.7091000080108643,
    3.3324456214904785,
    3.081972599029541,
    2.891496419906616,
    3.08168625831604,
    2.975525140762329,
    2.853412628173828,
    3.0298917293548584,
    3.0242538452148438,
    3.1088876724243164,
    3.172407627105713,
    3.0621981620788574,
    3.184563398361206,
    3.186288833618164,
    3.2153635025024414,
    3.146111488342285,
    3.1510608196258545,
    3.098503589630127,
    2.739509105682373,
    3.157116651535034,
    3.4346835613250732,
    2.933567523956299,
    2.686469316482544,
    2.7124176025390625,
    2.8465187549591064,
    3.0591084957122803,
    2.9637513160705566,
    2.9717824459075928,
    3.11434006690979,
    3.1334917545318604,
    3.3043203353881836,
    3.3640928268432617,
    2.885746479034424,
    2.48519229888916,
    2.3602373600006104,
    2.527597188949585,
    2.696481227874756,
    2.703756093978882,
    2.651622772216797,
    2.629061460494995,
    2.9184610843658447,
    3.1032774448394775,
    3.0260119438171387,
    3.1266915798187256,
    3.210902214050293,
    2.9136013984680176,
    3.2353107929229736,
    2.9863901138305664,
    3.045621871948242,
    3.2885003089904785,
    3.1033077239990234,
    3.083677291870117,
    3.284552812576294,
    3.4198882579803467,
    3.3294966220855713,
    3.4113452434539795,
    3.6059365272521973,
    3.610811233520508,
    3.2223997116088867,
    3.337550640106201,
    3.3997111320495605,
    3.3425629138946533,
    3.333082437515259,
    3.4420106410980225,
    3.278602361679077,
    3.1850359439849854,
    3.2162837982177734,
    3.462928533554077,
    3.3116564750671387,
    3.151510000228882,
    3.0428197383880615,
    2.836948871612549,
    3.2128453254699707,
    3.1362388134002686,
    3.1413989067077637,
    2.820523262023926,
    2.8072738647460938,
    2.790870189666748,
    2.791327714920044,
    2.9166667461395264,
    2.923722743988037,
    2.91797137260437,
    3.156663656234741,
    2.968989372253418,
    2.8414676189422607,
    2.915762186050415,
    2.9546024799346924,
    3.0274715423583984,
    2.9423234462738037,
    3.038668632507324,
    3.038079023361206,
    2.9190704822540283,
    3.0139734745025635,
    3.0760085582733154,
    2.8893957138061523,
    2.8864355087280273,
    2.761920690536499,
    3.0174965858459473,
    2.990565299987793,
    3.003190517425537,
    3.129337787628174,
    3.0483341217041016,
    2.807863473892212,
    2.846353769302368,
    2.966740369796753,
    3.0665993690490723,
    3.0819828510284424,
    3.1858038902282715,
    3.2990949153900146,
    3.247551441192627,
    2.9456710815429688,
    2.893472909927368,
    2.958832025527954,
    3.109144687652588,
    2.9730193614959717,
    2.8809144496917725,
    3.2086784839630127,
    3.2652440071105957,
    3.2950515747070312,
    2.8317577838897705,
    2.5266761779785156,
    2.887373208999634,
    2.980102777481079,
    3.17492413520813,
    3.546304702758789,
    3.538508653640747,
    3.1775636672973633,
    3.3010647296905518,
    3.4354846477508545,
    3.43630313873291,
    3.2852237224578857,
    3.077754020690918,
    3.0700225830078125,
    3.1785271167755127,
    3.1453914642333984,
    3.187623977661133,
