{
  "gamma_phys": 2.0,
  "seed": 42,
  "epochs": 100,
  "dataset": "cifar10",
  "timestamp": "20260418_110011",
  "results": {
    "fixed": {
      "best_val_acc": 50.29,
      "best_epoch": 88,
      "final_test_acc": 48.8,
      "description": "fixed gamma_comp=0.5000",
      "learned_gamma_history": null
    },
    "learnable": {
      "best_val_acc": 51.9,
      "best_epoch": 68,
      "final_test_acc": 51.65,
      "description": "learnable gamma_comp (init to physical inverse)",
      "learned_gamma_history": [
        1.0574020147323608,
        1.03745436668396,
        1.0175981521606445,
        0.9998506307601929,
        0.9820966720581055,
        0.9652235507965088,
        0.9507200121879578,
        0.9368993043899536,
        0.923502504825592,
        0.9112316370010376,
        0.9001352787017822,
        0.8891059756278992,
        0.879798412322998,
        0.871742844581604,
        0.8643150925636292,
        0.8564785718917847,
        0.8495259881019592,
        0.8434204459190369,
        0.8380165696144104,
        0.8323352932929993,
        0.8289017677307129,
        0.8248164653778076,
        0.8210997581481934,
        0.8182982206344604,
        0.8158251643180847,
        0.8121020197868347,
        0.8095879554748535,
        0.8061984181404114,
        0.8046846389770508,
        0.8030592203140259,
        0.8009194731712341,
        0.7989915609359741,
        0.7975938320159912,
        0.7948712110519409,
        0.7921450138092041,
        0.7914470434188843,
        0.7905210852622986,
        0.7900673151016235,
        0.7882515788078308,
        0.7869859933853149,
        0.7851132750511169,
        0.7836809754371643,
        0.7833214998245239,
        0.7825804352760315,
        0.7810377478599548,
        0.779016375541687,
        0.778423011302948,
        0.7781070470809937,
        0.7773537635803223,
        0.7755651473999023,
        0.7743193507194519,
        0.7731037139892578,
        0.7734711766242981,
        0.772738516330719,
        0.7710460424423218,
        0.7704658508300781,
        0.769676923751831,
        0.7673628330230713,
        0.7668966054916382,
        0.7668715715408325,
        0.7647184133529663,
        0.7644503116607666,
        0.7632067203521729,
        0.7619429230690002,
        0.761258065700531,
        0.7606315612792969,
        0.760195791721344,
        0.7606238126754761,
        0.7597877979278564,
        0.7587108612060547,
        0.7576143741607666,
        0.7560428380966187,
        0.7550330758094788,
        0.7544506788253784,
        0.7549560070037842,
        0.7543960213661194,
        0.7544133067131042,
        0.7540794014930725,
        0.7542619705200195,
        0.7519325017929077,
        0.7509655952453613,
        0.7492262125015259,
        0.748737096786499,
        0.7479175329208374,
        0.7486347556114197,
        0.7480778694152832,
        0.7481388449668884,
        0.747881293296814,
        0.7461507320404053,
        0.7448508739471436,
        0.7436606884002686,
        0.7436428070068359,
        0.7434627413749695,
        0.7436286807060242,
        0.7434592247009277,
        0.7431132793426514,
        0.7423090934753418,
        0.7409591674804688,
        0.7403751611709595,
        0.7397934198379517
      ]
    },
    "raw": {
      "best_val_acc": 50.06,
      "best_epoch": 77,
      "final_test_acc": 49.61,
      "description": "no compensation (raw photoresponse)",
      "learned_gamma_history": null
    }
  }
}