{
  "name": "combined_sweep_d2d03_c2c01_v2",
  "train_seed": 42,
  "d2d_seed": 3373,
  "n_states": 256,
  "sigma_c2c": 0.01,
  "sigma_d2d": 0.03,
  "analog_layers": [
    0,
    1,
    2,
    3,
    4,
    5,
    6,
    7,
    8,
    9,
    10,
    11,
    12,
    13,
    14,
    15,
    16,
    17,
    18,
    19,
    20,
    21,
    22,
    23
  ],
  "lr": 1e-05,
  "max_steps": 500,
  "retention_step_time": 0.0,
  "ppl_before": 216.47036948364638,
  "ppl_after": 30.80815737746778,
  "losses": [
    5.595963001251221,
    5.4254279136657715,
    5.465954303741455,
    5.925685405731201,
    5.245391368865967,
    4.938249111175537,
    4.840940952301025,
    4.5841569900512695,
    4.423959732055664,
    4.634603500366211,
    4.7466511726379395,
    4.235543251037598,
    4.646377086639404,
    4.885310649871826,
    4.611305236816406,
    4.723367214202881,
    4.5396294593811035,
    4.744933128356934,
    4.549747943878174,
    4.3513360023498535,
    4.304891586303711,
    4.268981456756592,
    4.07438325881958,
    4.389255523681641,
    4.3214898109436035,
    4.498416423797607,
    4.57972526550293,
    4.429998397827148,
    4.213560581207275,
    4.47660493850708,
    4.691954135894775,
    4.36922550201416,
    4.240139484405518,
    4.035641670227051,
    3.9325332641601562,
    4.1953535079956055,
    4.4496283531188965,
    4.27505350112915,
    4.46580696105957,
    4.5262837409973145,
    4.437004089355469,
    4.295381546020508,
    4.420045852661133,
    4.534793376922607,
    4.595770359039307,
    4.341237545013428,
    4.1504316329956055,
    3.3401615619659424,
    3.3866355419158936,
    3.8609135150909424,
    4.141117572784424,
    3.757232666015625,
    3.549095869064331,
    4.0485615730285645,
    4.240221977233887,
    4.448180675506592,
    4.1959123611450195,
    4.077758312225342,
    4.125784397125244,
    4.109817981719971,
    3.7101147174835205,
    3.918440341949463,
    3.8855559825897217,
    3.8264334201812744,
    3.849400758743286,
    3.999211549758911,
    3.7589163780212402,
    4.041964530944824,
    4.120174884796143,
    3.9156711101531982,
    3.748673677444458,
    3.2986581325531006,
    3.4430184364318848,
    3.6569302082061768,
    3.67626690864563,
    3.760810136795044,
    3.936077833175659,
    3.7968027591705322,
    3.9823060035705566,
    4.208768844604492,
    4.127438068389893,
    4.1262664794921875,
    4.0193352699279785,
    4.24516487121582,
    3.9492340087890625,
    3.6285204887390137,
    3.9302754402160645,
    4.187878131866455,
    3.894216537475586,
    3.443143129348755,
    3.3115921020507812,
    3.480807304382324,
    3.560415506362915,
    3.7724595069885254,
    3.9439799785614014,
    4.174072265625,
    3.79034686088562,
    3.480919361114502,
    3.7306344509124756,
    4.043299198150635,
    4.002641677856445,
    3.982933759689331,
    4.029349327087402,
    3.6855461597442627,
    3.7122416496276855,
    4.172035217285156,
    3.738537311553955,
    3.430537462234497,
    3.7194621562957764,
    4.212665557861328,
    4.373095989227295,
    4.243961334228516,
    4.2267537117004395,
    4.200564861297607,
    4.365286827087402,
    4.067730903625488,
    3.873591899871826,
    4.0383501052856445,
    3.5052545070648193,
    3.3773887157440186,
    3.347322463989258,
    3.4386727809906006,
    3.5907130241394043,
    3.5054469108581543,
    3.3880980014801025,
    3.5713117122650146,
    3.459296941757202,
    3.455690622329712,
    3.645163059234619,
    3.8638367652893066,
    3.4669365882873535,
    3.447958469390869,
    3.538796901702881,
    3.722461223602295,
    3.6417765617370605,
    3.773435115814209,
    3.8104963302612305,
    3.784026622772217,
    3.7907462120056152,
    3.6917033195495605,
    3.8733291625976562,
    3.8642773628234863,
    3.789742946624756,
    3.8536860942840576,
    3.7118778228759766,
    3.871076822280884,
    4.02269983291626,
    3.9330458641052246,
    3.817326068878174,
    3.5984649658203125,
    3.49695086479187,
    3.6499924659729004,
    3.598111391067505,
    3.7529473304748535,
    3.8781840801239014,
    3.747387647628784,
    3.5234124660491943,
    3.799084186553955,
    4.043848991394043,
    3.8998641967773438,
    3.494948625564575,
    3.5540740489959717,
    3.6657466888427734,
    3.6211020946502686,
    3.553658962249756,
    3.530163049697876,
    3.7956979274749756,
    3.725571393966675,
    3.3298187255859375,
    3.4581058025360107,
    3.660552501678467,
    3.693129777908325,
    3.783567190170288,
    3.896826982498169,
    3.59428071975708,
    3.66192364692688,
    3.894618034362793,
    3.609808921813965,
    3.461732864379883,
    3.584998607635498,
    3.759282350540161,
    3.5399346351623535,
    3.6826963424682617,
    3.819126844406128,
    3.8389291763305664,
    3.8344650268554688,
    3.952608823776245,
    4.260202884674072,
    4.441954135894775,
    4.482395172119141,
    4.353461265563965,
    3.859025716781616,
    3.654664993286133,
    3.5778074264526367,
    3.6467697620391846,
    3.6628596782684326,
    3.438267707824707,
    3.4895753860473633,
    3.592514753341675,
    3.719600200653076,
    3.7888407707214355,
    3.5658211708068848,
    3.7780158519744873,
    3.7832694053649902,
    3.853471040725708,
    3.700828790664673,
    3.7424333095550537,
    3.5992579460144043,
    3.288696527481079,
    3.5847535133361816,
    3.872223138809204,
    3.3264198303222656,
    3.134589195251465,
    3.2167019844055176,
    3.285930871963501,
    3.5245211124420166,
    3.4345672130584717,
    3.5025017261505127,
    3.660461664199829,
    3.6271791458129883,
    3.691434860229492,
    3.86772084236145,
    3.42899751663208,
    3.0044877529144287,
    2.916710138320923,
    3.0718328952789307,
    3.230598211288452,
    3.3100101947784424,
    3.2183408737182617,
    3.2273943424224854,
    3.4367806911468506,
    3.6316285133361816,
    3.679022789001465,
    3.8599703311920166,
    3.8605079650878906,
    3.563568115234375,
    3.6892659664154053,
    3.592867851257324,
    3.5800375938415527,
    3.7803518772125244,
    3.546257972717285,
    3.6187450885772705,
    3.773764133453369,
    3.8709678649902344,
    3.857255458831787,
    3.892428398132324,
    4.145323753356934,
    4.070157051086426,
    3.714588165283203,
    3.7408740520477295,
    3.6750073432922363,
    3.6828927993774414,
    3.831743001937866,
    3.9420838356018066,
    3.764241933822632,
    3.602036952972412,
    3.606459856033325,
    3.863525867462158,
    3.6956984996795654,
    3.6352734565734863,
    3.653270721435547,
    3.4215402603149414,
    3.811459541320801,
    3.6318459510803223,
    3.5506107807159424,
    3.3065743446350098,
    3.364032745361328,
    3.3352887630462646,
    3.2965586185455322,
    3.3692445755004883,
    3.5125038623809814,
    3.545193672180176,
    3.7176246643066406,
    3.454632520675659,
    3.343703508377075,
    3.588754892349243,
    3.5918116569519043,
    3.606598138809204,
    3.3544728755950928,
    3.4682726860046387,
    3.421780586242676,
    3.4122464656829834,
    3.521421194076538,
    3.561790943145752,
    3.4185311794281006,
    3.398650646209717,
    3.291783571243286,
    3.552475929260254,
    3.554252862930298,
    3.5134947299957275,
    3.7130987644195557,
    3.5072715282440186,
    3.2423713207244873,
    3.441236734390259,
    3.554809808731079,
    3.5930330753326416,
    3.490126132965088,
    3.6254632472991943,
    3.7490015029907227,
    3.7056820392608643,
    3.4826886653900146,
    3.2428040504455566,
    3.3603267669677734,
    3.4984614849090576,
    3.4233663082122803,
    3.225825548171997,
    3.624117374420166,
    3.7884409427642822,
    3.7991561889648438,
    3.3719539642333984,
    3.0449740886688232,
    3.425170421600342,
    3.520444631576538,
    3.778804302215576,
    4.046881675720215,
    4.149744987487793,
    3.7104334831237793,
    3.8248519897460938,
    3.8985369205474854,
    4.027820587158203,
