{
  "name": "combined_sweep_d2d01_c2c01_v2",
  "train_seed": 42,
  "d2d_seed": 3373,
  "n_states": 256,
  "sigma_c2c": 0.01,
  "sigma_d2d": 0.01,
  "analog_layers": [
    0,
    1,
    2,
    3,
    4,
    5,
    6,
    7,
    8,
    9,
    10,
    11,
    12,
    13,
    14,
    15,
    16,
    17,
    18,
    19,
    20,
    21,
    22,
    23
  ],
  "lr": 1e-05,
  "max_steps": 500,
  "retention_step_time": 0.0,
  "ppl_before": 85.5807847767439,
  "ppl_after": 22.82858137984067,
  "losses": [
    4.6351118087768555,
    4.477415561676025,
    4.522448539733887,
    4.884143352508545,
    4.556482791900635,
    4.401609420776367,
    4.189306259155273,
    3.795515298843384,
    3.768028736114502,
    3.9024317264556885,
    3.9936368465423584,
    3.565751552581787,
    3.9495627880096436,
    4.314452171325684,
    3.9487884044647217,
    3.9340059757232666,
    4.095259189605713,
    3.801391363143921,
    3.69813871383667,
    3.663747787475586,
    3.7798256874084473,
    3.7999792098999023,
    3.4639973640441895,
    3.722651243209839,
    3.72182035446167,
    3.7860445976257324,
    4.13259220123291,
    3.970874786376953,
    3.5978970527648926,
    3.8869268894195557,
    4.121921062469482,
    3.7990689277648926,
    3.5810532569885254,
    3.4424781799316406,
    3.310044288635254,
    3.6966452598571777,
    3.7196362018585205,
    3.7417798042297363,
    3.838002920150757,
    3.920469045639038,
    3.9315333366394043,
    3.80537486076355,
    3.886446714401245,
    4.0266876220703125,
    4.07916259765625,
    3.83115553855896,
    3.5140063762664795,
    2.846193790435791,
    2.752389907836914,
    3.309407949447632,
    3.527125358581543,
    3.325226068496704,
    3.116971254348755,
    3.5789365768432617,
    3.640512228012085,
    3.7463643550872803,
    3.6804134845733643,
    3.603546142578125,
    3.4068312644958496,
    3.41076922416687,
    3.1463849544525146,
    3.271550178527832,
    3.1984446048736572,
    3.175055503845215,
    3.1414315700531006,
    3.2995738983154297,
    3.3062756061553955,
    3.616758346557617,
    3.630373477935791,
    3.3884880542755127,
    3.182649612426758,
    2.9858765602111816,
    2.9745559692382812,
    3.270176649093628,
    3.2662854194641113,
    3.2959656715393066,
    3.355750560760498,
    3.17299485206604,
    3.5624804496765137,
    3.796513795852661,
    3.687068462371826,
    3.716707944869995,
    3.757249355316162,
    3.8475358486175537,
    3.5095622539520264,
    3.1961145401000977,
    3.4018874168395996,
    3.7003002166748047,
    3.425967216491699,
    2.9051172733306885,
    2.811565637588501,
    3.0555052757263184,
    3.250046968460083,
    3.3002891540527344,
    3.5194103717803955,
    3.7630763053894043,
    3.3167550563812256,
    3.0599358081817627,
    3.267025947570801,
    3.630882978439331,
    3.7430734634399414,
    3.5192461013793945,
    3.498713254928589,
    3.269169569015503,
    3.2914562225341797,
    3.6361474990844727,
    3.080756664276123,
    3.0196807384490967,
    3.3091580867767334,
    3.665442705154419,
    3.73197865486145,
    3.6248066425323486,
    3.6116533279418945,
    3.6971442699432373,
    3.790574789047241,
    3.572507858276367,
    3.35147762298584,
    3.5640432834625244,
    3.0874688625335693,
    2.8560988903045654,
    2.979551076889038,
    2.970287799835205,
    3.076345682144165,
    3.0359299182891846,
    2.994187593460083,
    3.1548876762390137,
    2.997056245803833,
    3.1498003005981445,
    3.267271041870117,
    3.3257172107696533,
    2.8992738723754883,
    2.877795934677124,
    3.0723371505737305,
    3.248807668685913,
    3.180359363555908,
    3.31675386428833,
    3.459744453430176,
    3.496053695678711,
    3.360245943069458,
    3.3661227226257324,
    3.342773914337158,
    3.5057966709136963,
    3.477262258529663,
    3.4287075996398926,
    3.380692958831787,
    3.537538528442383,
    3.6578328609466553,
    3.590935468673706,
    3.464669704437256,
    3.365999698638916,
    3.2239341735839844,
    3.2788033485412598,
    3.2298123836517334,
    3.3789620399475098,
    3.516066551208496,
    3.422715187072754,
    3.157914161682129,
    3.453305721282959,
    3.6419320106506348,
    3.4745125770568848,
    3.1149790287017822,
    3.182340621948242,
    3.3899710178375244,
    3.2328388690948486,
    3.200450897216797,
    3.2872121334075928,
    3.4646193981170654,
    3.334911346435547,
    3.0849807262420654,
    3.240577459335327,
    3.3571760654449463,
    3.365877151489258,
    3.48370099067688,
    3.64172625541687,
    3.3809938430786133,
    3.321727752685547,
    3.5034732818603516,
    3.314279317855835,
    3.225539445877075,
    3.1638617515563965,
    3.229830026626587,
    3.144923210144043,
    3.303532361984253,
    3.4509754180908203,
    3.4605977535247803,
    3.491213083267212,
    3.5730061531066895,
    3.840949058532715,
    4.061529159545898,
    4.139972686767578,
    3.9788520336151123,
    3.5602221488952637,
    3.2894535064697266,
    3.1563780307769775,
    3.3587801456451416,
    3.339249610900879,
    3.0570011138916016,
    3.173776388168335,
    3.2643210887908936,
    3.2671873569488525,
    3.3507354259490967,
    3.230410099029541,
    3.3454909324645996,
    3.415180206298828,
    3.4138903617858887,
    3.277388572692871,
    3.358851671218872,
    3.2652721405029297,
    2.898219108581543,
    3.277852773666382,
    3.5470731258392334,
    3.0337750911712646,
    2.8310165405273438,
    2.742499351501465,
    2.996419668197632,
    3.2646989822387695,
    3.110919713973999,
    3.138336420059204,
    3.3735110759735107,
    3.280117988586426,
    3.4458703994750977,
    3.5796005725860596,
    2.9987564086914062,
    2.6185784339904785,
    2.549274206161499,
    2.713336706161499,
    2.867151975631714,
    2.863631248474121,
    2.8084988594055176,
    2.877741575241089,
    3.0767006874084473,
    3.257953405380249,
    3.24623441696167,
    3.4316134452819824,
    3.4963016510009766,
    3.1910243034362793,
    3.387979745864868,
    3.1518125534057617,
    3.2372889518737793,
    3.4753122329711914,
    3.2568955421447754,
    3.2596187591552734,
    3.4953267574310303,
    3.5743179321289062,
    3.5546655654907227,
    3.5987648963928223,
    3.8009746074676514,
    3.69026255607605,
    3.4294891357421875,
    3.5419790744781494,
    3.535937786102295,
    3.450962543487549,
    3.4551584720611572,
    3.64200758934021,
    3.482992172241211,
    3.3985090255737305,
    3.408005714416504,
    3.6418819427490234,
    3.444185972213745,
    3.3264715671539307,
    3.244704246520996,
    2.982243299484253,
    3.5581037998199463,
    3.363862991333008,
    3.283306121826172,
    3.000666618347168,
    3.0677993297576904,
    2.932192087173462,
    3.0134756565093994,
    3.0955846309661865,
    3.094993829727173,
    3.1750030517578125,
    3.357720375061035,
    3.12066388130188,
    3.0474014282226562,
    3.1622378826141357,
    3.188732147216797,
    3.1856892108917236,
    3.007227659225464,
    3.150657892227173,
    3.1641459465026855,
    3.1391258239746094,
    3.292428493499756,
    3.253878116607666,
    3.0614116191864014,
    3.07138991355896,
    3.039304733276367,
    3.258690118789673,
    3.2117791175842285,
    3.1922130584716797,
    3.3012161254882812,
    3.2113819122314453,
    3.0103232860565186,
    3.1296303272247314,
    3.1539101600646973,
    3.23270845413208,
    3.228734254837036,
    3.3747854232788086,
    3.4900598526000977,
    3.4645800590515137,
    3.139679431915283,
    2.999603748321533,
    3.1330583095550537,
    3.3049962520599365,
    3.1544742584228516,
    2.978766441345215,
    3.338341474533081,
    3.525479793548584,
    3.398069143295288,
    2.978515625,
    2.650268077850342,
    3.075484275817871,
    3.1080620288848877,
    3.3977670669555664,
    3.764970064163208,
    3.6962218284606934,
    3.345038414001465,
    3.5397701263427734,
    3.6670756340026855,
    3.647469997406006,
