{
  "name": "combined_layerlast8_v2",
  "train_seed": 42,
  "d2d_seed": 3373,
  "n_states": 256,
  "sigma_c2c": 0.01,
  "sigma_d2d": 0.02,
  "analog_layers": [
    16,
    17,
    18,
    19,
    20,
    21,
    22,
    23
  ],
  "lr": 1e-05,
  "max_steps": 500,
  "retention_step_time": 0.0,
  "ppl_before": 84.50798422475641,
  "ppl_after": 23.686175752434757,
  "losses": [
    4.466713905334473,
    4.464311122894287,
    4.530186176300049,
    4.856932163238525,
    4.354677200317383,
    4.480925559997559,
    4.129947185516357,
    3.7813408374786377,
    3.7602481842041016,
    4.089200973510742,
    3.9383018016815186,
    3.6550064086914062,
    3.9755189418792725,
    4.218141555786133,
    4.022060871124268,
    4.038010120391846,
    3.782424211502075,
    3.8384146690368652,
    3.711643934249878,
    3.6253411769866943,
    3.8661718368530273,
    3.7000532150268555,
    3.4407825469970703,
    3.715222120285034,
    3.7690415382385254,
    3.8931567668914795,
    4.1775407791137695,
    4.060205459594727,
    3.634655714035034,
    3.8451669216156006,
    4.117133140563965,
    3.836902618408203,
    3.5244882106781006,
    3.570847988128662,
    3.3268015384674072,
    3.683852195739746,
    3.8670670986175537,
    3.8150076866149902,
    3.8648979663848877,
    3.972322702407837,
    4.0541253089904785,
    3.9061145782470703,
    3.9564411640167236,
    3.9895248413085938,
    4.101970195770264,
    3.889983654022217,
    3.4430477619171143,
    2.665985107421875,
    2.7521822452545166,
    3.1978676319122314,
    3.568419933319092,
    3.3047397136688232,
    3.135103940963745,
    3.5248734951019287,
    3.712329149246216,
    3.6862339973449707,
    3.690310478210449,
    3.6597061157226562,
    3.4484469890594482,
    3.4622600078582764,
    3.265791416168213,
    3.2667832374572754,
    3.284273386001587,
    3.286486864089966,
    3.2636189460754395,
    3.3378891944885254,
    3.5100228786468506,
    3.6877496242523193,
    3.5502870082855225,
    3.410308599472046,
    3.2593605518341064,
    2.9721128940582275,
    2.962440252304077,
    3.203937292098999,
    3.0907039642333984,
    3.3525705337524414,
    3.35717511177063,
    3.2734243869781494,
    3.5609021186828613,
    3.929412841796875,
    3.758270025253296,
    3.8121206760406494,
    3.7612669467926025,
    3.9601430892944336,
    3.6177446842193604,
    3.241177558898926,
    3.429213285446167,
    3.7504332065582275,
    3.4109649658203125,
    2.936683416366577,
    2.9090652465820312,
    3.0892868041992188,
    3.2185842990875244,
    3.298135757446289,
    3.5093252658843994,
    3.7983500957489014,
    3.4061758518218994,
    3.092707633972168,
    3.3458430767059326,
    3.7489399909973145,
    3.6730339527130127,
    3.591757297515869,
    3.5119454860687256,
    3.324993848800659,
    3.373365879058838,
    3.64047908782959,
    3.17759370803833,
    2.9861040115356445,
    3.340365171432495,
    3.6736977100372314,
    3.846853017807007,
    3.695505142211914,
    3.640191078186035,
    3.735255241394043,
    3.815174102783203,
    3.6068623065948486,
    3.443546772003174,
    3.675424814224243,
    3.1622602939605713,
    2.9188759326934814,
    3.0361785888671875,
    3.023109197616577,
    3.1503591537475586,
    3.138279438018799,
    3.073573350906372,
    3.216902732849121,
    2.9999330043792725,
    3.0621514320373535,
    3.3061106204986572,
    3.313573122024536,
    3.0647246837615967,
    2.9946041107177734,
    3.1082327365875244,
    3.227144241333008,
    3.276916027069092,
    3.3527770042419434,
    3.5100090503692627,
    3.475733995437622,
    3.403442621231079,
    3.3721799850463867,
    3.5117595195770264,
    3.5109219551086426,
    3.436736583709717,
    3.5603513717651367,
    3.394829511642456,
    3.6123433113098145,
    3.7686071395874023,
    3.590695858001709,
    3.4400742053985596,
    3.3927536010742188,
    3.2678165435791016,
    3.247227191925049,
    3.272479295730591,
    3.4626476764678955,
    3.5495145320892334,
    3.544316530227661,
    3.195833683013916,
    3.503124237060547,
    3.6530001163482666,
    3.5199949741363525,
    3.2205498218536377,
    3.206955671310425,
    3.4774651527404785,
    3.3243296146392822,
    3.211682081222534,
    3.2768118381500244,
    3.4661097526550293,
    3.413167715072632,
    3.1409268379211426,
    3.2673304080963135,
    3.3669073581695557,
    3.440643310546875,
    3.46899151802063,
    3.6153836250305176,
    3.323049783706665,
    3.366605281829834,
    3.525678873062134,
    3.379241943359375,
    3.226799249649048,
    3.263796091079712,
    3.2671620845794678,
    3.245009422302246,
    3.4096288681030273,
    3.5085508823394775,
    3.5575053691864014,
    3.537076711654663,
    3.5943727493286133,
    3.9045491218566895,
    4.090728759765625,
    4.174689292907715,
    3.950277090072632,
    3.6277010440826416,
    3.316450595855713,
    3.1601312160491943,
    3.4265623092651367,
    3.335031032562256,
    3.067391872406006,
    3.2696688175201416,
    3.2824716567993164,
    3.338319778442383,
    3.4926199913024902,
    3.251370906829834,
    3.4402108192443848,
    3.428032875061035,
    3.424607038497925,
    3.41225528717041,
    3.389024019241333,
    3.3292016983032227,
    2.9047584533691406,
    3.303832769393921,
    3.6523001194000244,
    3.067741870880127,
    2.850529432296753,
    2.8897316455841064,
    2.9782609939575195,
    3.2520382404327393,
    3.1058835983276367,
    3.2376084327697754,
    3.32145357131958,
    3.303441286087036,
    3.508665084838867,
    3.61049485206604,
    3.0738391876220703,
    2.7903940677642822,
    2.636085271835327,
    2.729097604751587,
    2.931015729904175,
    2.948927402496338,
    2.9282169342041016,
    2.9127774238586426,
    3.1546237468719482,
    3.284754753112793,
    3.363448143005371,
    3.4597692489624023,
    3.533132791519165,
    3.1636595726013184,
    3.5233914852142334,
    3.2062056064605713,
    3.3498826026916504,
    3.4672458171844482,
    3.2349531650543213,
    3.353444814682007,
    3.429321765899658,
    3.531268835067749,
    3.580998420715332,
    3.678557872772217,
    3.860375165939331,
    3.7546281814575195,
    3.401369094848633,
    3.5285861492156982,
    3.5224506855010986,
    3.4945952892303467,
    3.492368459701538,
    3.650557041168213,
    3.496779203414917,
    3.443101644515991,
    3.4349825382232666,
    3.6135661602020264,
    3.4126603603363037,
    3.328523874282837,
    3.2577760219573975,
    3.1570465564727783,
    3.525071144104004,
    3.33467173576355,
    3.393214225769043,
    3.032001256942749,
    2.9959521293640137,
    3.0621209144592285,
    3.0234556198120117,
    3.150608777999878,
    3.154996871948242,
    3.1674158573150635,
    3.436361312866211,
    3.1323351860046387,
    3.0767838954925537,
    3.233840227127075,
    3.2488269805908203,
    3.323157548904419,
    3.1264827251434326,
    3.1582248210906982,
    3.180215358734131,
    3.1757211685180664,
    3.3037896156311035,
    3.302643060684204,
    3.096752405166626,
    3.1294260025024414,
    2.9271044731140137,
    3.2146055698394775,
    3.228372573852539,
    3.1854519844055176,
    3.4226632118225098,
    3.2495205402374268,
    3.076902151107788,
    3.087986469268799,
    3.2879140377044678,
    3.3321707248687744,
    3.2737514972686768,
    3.4121413230895996,
    3.4518847465515137,
    3.4184885025024414,
    3.158369541168213,
    3.0335328578948975,
    3.1279683113098145,
    3.246358633041382,
    3.160569190979004,
    2.9628169536590576,
    3.4170351028442383,
    3.5052497386932373,
    3.511340379714966,
    3.066091299057007,
    2.7207956314086914,
    3.095885753631592,
    3.1618034839630127,
    3.432645797729492,
    3.7561635971069336,
    3.731086015701294,
    3.3973913192749023,
    3.608593463897705,
    3.671196699142456,
    3.6708500385284424,
    3.5568318367004395,
    3.390737533569336,
    3.42030930519104,
    3.363621950149536,
