{
  "source": "Doctoral PPT raw TXT export (pages 3, 4, 20)",
  "profiles": [
    {
      "device_type": "Doctor OECT Nonvolatile RC-16",
      "dynamic_range": 5.746644295302013,
      "n_states": 16,
      "sigma_c2c": 0.00272189464135293,
      "sigma_d2d": 0.0,
      "source": "Doctoral PPT raw TXT export (pages 3, 4, 20)",
      "noise_mode": "uniform",
      "G_min": 3.6356e-09,
      "tau_1": 10.828683144549744,
      "tau_2": 192686549.20329496,
      "A_0": 0.964656601081979,
      "gamma_phys": 0.8770722178730423,
      "I_dark": 3.8538499999999996e-10,
      "responsivity_alpha": 9.690705189833176e-12,
      "NL_LTP": 1.0,
      "NL_LTD": -1.0,
      "pulse_count_max": 262,
      "inl_table": [
        3.6356e-09,
        3.92675e-09,
        4.4215e-09,
        5.0540499999999995e-09,
        5.5253500000000006e-09,
        6.2957e-09,
        6.9032e-09,
        7.979e-09,
        8.7661e-09,
        9.7122e-09,
        1.0964e-08,
        1.26659e-08,
        1.44867e-08,
        1.67691e-08,
        1.8878e-08,
        2.08925e-08
      ],
      "profile_kind": "measured",
      "notes": "State ladder extracted from \u7b2c20\u9875/16.txt; photoresponse from \u7b2c\u56db\u9875/i/pot.txt; retention and repeatability from \u7b2c\u56db\u9875/e/s0-s5.txt; programming residuals from \u7b2c\u56db\u9875/d/256\u6b21\u7ebf\u6027\u4f5c\u56fe.txt. sigma_d2d left at 0.0 because no explicit multi-device mismatch trace was present in the provided raw export.",
      "G_max": 2.08925e-08,
      "noise": {
        "sigma_c2c": 0.00272189464135293,
        "sigma_d2d": 0.0,
        "mode": "uniform"
      },
      "photoresponse": {
        "responsivity_alpha": 9.690705189833176e-12,
        "gamma_phys": 0.8770722178730423,
        "I_dark": 3.8538499999999996e-10
      },
      "plasticity": {
        "NL_LTP": 1.0,
        "NL_LTD": -1.0,
        "pulse_count_max": 262
      },
      "retention": {
        "A_0": 0.964656601081979,
        "tau_1": 10.828683144549744,
        "tau_2": 192686549.20329496
      }
    },
    {
      "device_type": "Doctor OECT Nonvolatile RC-64",
      "dynamic_range": 6.182521268368137,
      "n_states": 64,
      "sigma_c2c": 0.0036892736854957525,
      "sigma_d2d": 0.0,
      "source": "Doctoral PPT raw TXT export (pages 3, 4, 20)",
      "noise_mode": "uniform",
      "G_min": 2.4567e-09,
      "tau_1": 10.828683144549744,
      "tau_2": 192686549.20329496,
      "A_0": 0.964656601081979,
      "gamma_phys": 0.8770722178730423,
      "I_dark": 3.8538499999999996e-10,
      "responsivity_alpha": 9.690705189833176e-12,
      "NL_LTP": 1.0,
      "NL_LTD": -1.0,
      "pulse_count_max": 262,
      "inl_table": [
        2.4567e-09,
        2.6072e-09,
        2.7496e-09,
        2.8467e-09,
        2.8892e-09,
        3.04855e-09,
        3.2269e-09,
        3.3393e-09,
        3.4652e-09,
        3.67215e-09,
        3.7663499999999995e-09,
        4.0128e-09,
        4.1074499999999995e-09,
        4.33775e-09,
        4.456650000000001e-09,
        4.6565500000000004e-09,
        4.9058499999999996e-09,
        5.14105e-09,
        5.33235e-09,
        5.5170999999999995e-09,
        5.7251000000000004e-09,
        5.9404999999999995e-09,
        6.16005e-09,
        6.3518e-09,
        6.55375e-09,
        6.73365e-09,
        6.9174e-09,
        7.13695e-09,
        7.36275e-09,
        7.61025e-09,
        7.8677e-09,
        8.068450000000001e-09,
        8.27995e-09,
        8.5189e-09,
        8.716899999999999e-09,
        8.9643e-09,
        9.1745e-09,
        9.449e-09,
        9.6366e-09,
        9.8698e-09,
        1.0156850000000001e-08,
        1.033775e-08,
        1.054715e-08,
        1.084165e-08,
        1.1050049999999999e-08,
        1.1223800000000001e-08,
        1.146895e-08,
        1.1714e-08,
        1.1927300000000001e-08,
        1.22025e-08,
        1.23987e-08,
        1.26588e-08,
        1.2848099999999999e-08,
        1.3084450000000001e-08,
        1.3293900000000001e-08,
        1.3490649999999999e-08,
        1.37472e-08,
        1.393365e-08,
        1.41855e-08,
        1.435645e-08,
        1.45862e-08,
        1.47759e-08,
        1.4967200000000002e-08,
        1.5188600000000003e-08
      ],
      "profile_kind": "measured",
      "notes": "State ladder extracted from \u7b2c20\u9875/64.txt; photoresponse from \u7b2c\u56db\u9875/i/pot.txt; retention and repeatability from \u7b2c\u56db\u9875/e/s0-s5.txt; programming residuals from \u7b2c\u56db\u9875/d/256\u6b21\u7ebf\u6027\u4f5c\u56fe.txt. sigma_d2d left at 0.0 because no explicit multi-device mismatch trace was present in the provided raw export.",
      "G_max": 1.5188600000000003e-08,
      "noise": {
        "sigma_c2c": 0.0036892736854957525,
        "sigma_d2d": 0.0,
        "mode": "uniform"
      },
      "photoresponse": {
        "responsivity_alpha": 9.690705189833176e-12,
        "gamma_phys": 0.8770722178730423,
        "I_dark": 3.8538499999999996e-10
      },
      "plasticity": {
        "NL_LTP": 1.0,
        "NL_LTD": -1.0,
        "pulse_count_max": 262
      },
      "retention": {
        "A_0": 0.964656601081979,
        "tau_1": 10.828683144549744,
        "tau_2": 192686549.20329496
      }
    }
  ]
}