{
  "source": "temp",
  "profiles": [
    {
      "device_type": "Doctor OECT Programming-16",
      "dynamic_range": 20.680045702491523,
      "n_states": 16,
      "sigma_c2c": 0.0005864553100689176,
      "sigma_d2d": 0.0,
      "source": "temp",
      "noise_mode": "uniform",
      "G_min": 4.0698e-09,
      "tau_1": 10.828683144549744,
      "tau_2": 192686549.20329496,
      "A_0": 0.964656601081979,
      "gamma_phys": 0.8770722178730423,
      "I_dark": 3.8538499999999996e-10,
      "responsivity_alpha": 9.690705189833176e-12,
      "NL_LTP": 1.0,
      "NL_LTD": -1.0,
      "pulse_count_max": 262,
      "inl_table": [
        4.0698e-09,
        1.04828e-08,
        1.66046e-08,
        2.25775e-08,
        2.86792e-08,
        3.46388e-08,
        4.04648e-08,
        4.59893e-08,
        5.111835e-08,
        5.6295249999999996e-08,
        6.122845e-08,
        6.611435e-08,
        7.086045e-08,
        7.54282e-08,
        7.98374e-08,
        8.416365e-08
      ],
      "profile_kind": "measured",
      "notes": "temp programming downsample",
      "G_max": 8.416365e-08,
      "noise": {
        "sigma_c2c": 0.0005864553100689176,
        "sigma_d2d": 0.0,
        "mode": "uniform"
      },
      "photoresponse": {
        "responsivity_alpha": 9.690705189833176e-12,
        "gamma_phys": 0.8770722178730423,
        "I_dark": 3.8538499999999996e-10
      },
      "plasticity": {
        "NL_LTP": 1.0,
        "NL_LTD": -1.0,
        "pulse_count_max": 262
      },
      "retention": {
        "A_0": 0.964656601081979,
        "tau_1": 10.828683144549744,
        "tau_2": 192686549.20329496
      }
    },
    {
      "device_type": "Doctor OECT Programming-64",
      "dynamic_range": 45.399438826830426,
      "n_states": 64,
      "sigma_c2c": 0.000560076880126337,
      "sigma_d2d": 0.0,
      "source": "temp",
      "noise_mode": "uniform",
      "G_min": 1.8889e-09,
      "tau_1": 10.828683144549744,
      "tau_2": 192686549.20329496,
      "A_0": 0.964656601081979,
      "gamma_phys": 0.8770722178730423,
      "I_dark": 3.8538499999999996e-10,
      "responsivity_alpha": 9.690705189833176e-12,
      "NL_LTP": 1.0,
      "NL_LTD": -1.0,
      "pulse_count_max": 262,
      "inl_table": [
        1.8889e-09,
        3.7232e-09,
        5.4681e-09,
        7.4541e-09,
        9.3133e-09,
        1.11787e-08,
        1.29845e-08,
        1.4546e-08,
        1.60608e-08,
        1.749605e-08,
        1.90108e-08,
        2.032185e-08,
        2.179665e-08,
        2.3232e-08,
        2.45723e-08,
        2.60691e-08,
        2.7438700000000002e-08,
        2.88333e-08,
        3.019635e-08,
        3.16486e-08,
        3.303175e-08,
        3.4464250000000004e-08,
        3.5833e-08,
        3.71248e-08,
        3.8627299999999995e-08,
        3.9931650000000004e-08,
        4.13484e-08,
        4.264695e-08,
        4.3915200000000004e-08,
        4.52696e-08,
        4.65751e-08,
        4.787125e-08,
        4.92019e-08,
        5.057585e-08,
        5.18798e-08,
        5.3163250000000005e-08,
        5.4277799999999994e-08,
        5.5662950000000004e-08,
        5.695545e-08,
        5.816645e-08,
        5.94029e-08,
        6.07228e-08,
        6.185635e-08,
        6.305465e-08,
        6.4311e-08,
        6.56096e-08,
        6.674249999999999e-08,
        6.796085e-08,
        6.91369e-08,
        7.020200000000001e-08,
        7.148805000000001e-08,
        7.255125e-08,
        7.37244e-08,
        7.470414999999999e-08,
        7.59324e-08,
        7.70971e-08,
        7.81385e-08,
        7.92703e-08,
        8.033470000000001e-08,
        8.15137e-08,
        8.257405e-08,
        8.35378e-08,
        8.468865e-08,
        8.575499999999999e-08
      ],
      "profile_kind": "measured",
      "notes": "temp programming downsample",
      "G_max": 8.575499999999999e-08,
      "noise": {
        "sigma_c2c": 0.000560076880126337,
        "sigma_d2d": 0.0,
        "mode": "uniform"
      },
      "photoresponse": {
        "responsivity_alpha": 9.690705189833176e-12,
        "gamma_phys": 0.8770722178730423,
        "I_dark": 3.8538499999999996e-10
      },
      "plasticity": {
        "NL_LTP": 1.0,
        "NL_LTD": -1.0,
        "pulse_count_max": 262
      },
      "retention": {
        "A_0": 0.964656601081979,
        "tau_1": 10.828683144549744,
        "tau_2": 192686549.20329496
      }
    }
  ]
}