{
  "checkpoint_path": "checkpoints/_gpt/postfix_m_series/cx_m6_ensemble_seed456/V4_hybrid_standard_noise_hat_best.pt",
  "exp_id": "V4",
  "fresh_instances": 10,
  "mc_runs_per_instance": 5,
  "nl_ltp": 2.0,
  "nl_ltd": -2.0,
  "noise_mode": "uniform",
  "allow_eval_nl_override": false,
  "eval_provenance_mismatches": [],
  "checkpoint_epoch": 41,
  "checkpoint_best_epoch": 41,
  "checkpoint_best_acc": 81.87,
  "checkpoint_seed": 456,
  "checkpoint_nl_ltp": 2.0,
  "checkpoint_nl_ltd": -2.0,
  "checkpoint_noise_mode": "uniform",
  "checkpoint_experiment_name": "V4_hybrid_standard_noise_hat",
  "commit_hash": "9cdbe77e1346eab4ed5ee828ca4b100255b7996d",
  "git_worktree_dirty": true,
  "cuda_device_name": "NVIDIA GeForce RTX 5070 Ti",
  "pytorch_version": "2.10.0+cu128",
  "cross_instance_mean": 81.18499999999999,
  "cross_instance_std": 1.6846759332287042,
  "instance_means": [
    80.054,
    81.988,
    78.142,
    82.406,
    82.42999999999999,
    78.068,
    82.274,
    82.542,
    82.266,
    81.68
  ],
  "fresh_per_instance_mean": [
    80.054,
    81.988,
    78.142,
    82.406,
    82.42999999999999,
    78.068,
    82.274,
    82.542,
    82.266,
    81.68
  ],
  "fresh_aggregate": {
    "mean": 81.18499999999999,
    "std": 1.6846759332287042,
    "median": 82.12700000000001,
    "range": [
      78.068,
      82.542
    ]
  }
}