{
  "generated_at": "2026-04-16T23:22:59",
  "device": "cuda",
  "profile_json": "report_md/_gpt/json_gpt/doctor_measured_profiles.json",
  "results": [
    {
      "model": "tinyvit",
      "experiment": "V4",
      "dataset": "cifar10",
      "checkpoint_path": "checkpoints/_ensemble/V4_hybrid_standard_noise_hat_best.pt",
      "checkpoint_best_acc": 91.13,
      "device_type": "Doctor OECT Nonvolatile RC-16",
      "profile_kind": "measured",
      "source": "Doctoral PPT raw TXT export (pages 3, 4, 20)",
      "dynamic_range": 5.746644295302013,
      "G_min": 3.6356e-09,
      "G_max": 2.08925e-08,
      "n_states": 16,
      "sigma_c2c": 0.00272189464135293,
      "sigma_d2d": 0.0,
      "tau_1": 10.828683144549744,
      "tau_2": 192686549.20329496,
      "A_0": 0.964656601081979,
      "gamma_phys": 0.8770722178730423,
      "I_dark": 3.8538499999999996e-10,
      "responsivity_alpha": 9.690705189833176e-12,
      "NL_LTP": 1.0,
      "NL_LTD": -1.0,
      "pulse_count_max": 262,
      "max_samples": 1000,
      "eval_runs": 1,
      "test_loss_mean": 0.6036502525806428,
      "test_acc_mean": 89.8,
      "test_acc_min": 89.8,
      "test_acc_max": 89.8,
      "test_acc_std": 0.0
    },
    {
      "model": "tinyvit",
      "experiment": "V4",
      "dataset": "cifar10",
      "checkpoint_path": "checkpoints/_ensemble/V4_hybrid_standard_noise_hat_best.pt",
      "checkpoint_best_acc": 91.13,
      "device_type": "Doctor OECT Nonvolatile RC-64",
      "profile_kind": "measured",
      "source": "Doctoral PPT raw TXT export (pages 3, 4, 20)",
      "dynamic_range": 6.182521268368137,
      "G_min": 2.4567e-09,
      "G_max": 1.5188600000000003e-08,
      "n_states": 64,
      "sigma_c2c": 0.0036892736854957525,
      "sigma_d2d": 0.0,
      "tau_1": 10.828683144549744,
      "tau_2": 192686549.20329496,
      "A_0": 0.964656601081979,
      "gamma_phys": 0.8770722178730423,
      "I_dark": 3.8538499999999996e-10,
      "responsivity_alpha": 9.690705189833176e-12,
      "NL_LTP": 1.0,
      "NL_LTD": -1.0,
      "pulse_count_max": 262,
      "max_samples": 1000,
      "eval_runs": 1,
      "test_loss_mean": 0.6153914356231689,
      "test_acc_mean": 89.2,
      "test_acc_min": 89.2,
      "test_acc_max": 89.2,
      "test_acc_std": 0.0
    }
  ]
}
