{
  "generated_at": "2026-04-16T23:20:04",
  "device": "cuda",
  "profile_json": "report_md/_gpt/json_gpt/doctor_temp_programming_profiles.json",
  "results": [
    {
      "model": "tinyvit",
      "experiment": "V4",
      "dataset": "cifar10",
      "checkpoint_path": "checkpoints/V4_hybrid_standard_noise_hat_best.pt",
      "checkpoint_best_acc": 91.94,
      "device_type": "Doctor OECT Programming-16",
      "profile_kind": "measured",
      "source": "temp",
      "dynamic_range": 20.680045702491523,
      "G_min": 4.0698e-09,
      "G_max": 8.416365e-08,
      "n_states": 16,
      "sigma_c2c": 0.0005864553100689176,
      "sigma_d2d": 0.0,
      "tau_1": 10.828683144549744,
      "tau_2": 192686549.20329496,
      "A_0": 0.964656601081979,
      "gamma_phys": 0.8770722178730423,
      "I_dark": 3.8538499999999996e-10,
      "responsivity_alpha": 9.690705189833176e-12,
      "NL_LTP": 1.0,
      "NL_LTD": -1.0,
      "pulse_count_max": 262,
      "max_samples": 1000,
      "eval_runs": 1,
      "test_loss_mean": 8.45062899017334,
      "test_acc_mean": 10.2,
      "test_acc_min": 10.2,
      "test_acc_max": 10.2,
      "test_acc_std": 0.0
    },
    {
      "model": "tinyvit",
      "experiment": "V4",
      "dataset": "cifar10",
      "checkpoint_path": "checkpoints/V4_hybrid_standard_noise_hat_best.pt",
      "checkpoint_best_acc": 91.94,
      "device_type": "Doctor OECT Programming-64",
      "profile_kind": "measured",
      "source": "temp",
      "dynamic_range": 45.399438826830426,
      "G_min": 1.8889e-09,
      "G_max": 8.575499999999999e-08,
      "n_states": 64,
      "sigma_c2c": 0.000560076880126337,
      "sigma_d2d": 0.0,
      "tau_1": 10.828683144549744,
      "tau_2": 192686549.20329496,
      "A_0": 0.964656601081979,
      "gamma_phys": 0.8770722178730423,
      "I_dark": 3.8538499999999996e-10,
      "responsivity_alpha": 9.690705189833176e-12,
      "NL_LTP": 1.0,
      "NL_LTD": -1.0,
      "pulse_count_max": 262,
      "max_samples": 1000,
      "eval_runs": 1,
      "test_loss_mean": 6.495951728820801,
      "test_acc_mean": 10.2,
      "test_acc_min": 10.2,
      "test_acc_max": 10.2,
      "test_acc_std": 0.0
    }
  ]
}
