{
  "experiment": "Ensemble HAT Ablation Study (FIXED)",
  "checkpoint": "checkpoints/_ensemble/V4_hybrid_standard_noise_hat_best.pt",
  "results": {
    "standard_hat_fixed": {
      "mean": 90.769,
      "std": 0.14109925584495447,
      "raw": [
        90.69,
        91.05,
        90.79,
        90.81,
        90.53,
        90.64,
        90.64,
        90.84,
        90.89,
        90.81
      ]
    },
    "ensemble_hat": {
      "mean": 86.56700000000001,
      "std": 1.6581619341909875,
      "raw": [
        87.45,
        86.2,
        88.01,
        84.8,
        87.96,
        83.2,
        88.66,
        87.77,
        86.56,
        85.06
      ]
    },
    "iid_noise": {
      "mean": 87.393,
      "std": 0.22226335730389812,
      "raw": [
        87.26,
        87.59,
        87.67,
        87.41,
        87.41,
        87.38,
        86.86,
        87.56,
        87.55,
        87.24
      ]
    },
    "d2d_5pct": {
      "mean": 88.36500000000001,
      "std": 0.6842112246959986,
      "raw": [
        88.41,
        87.91,
        88.99,
        87.62,
        88.74,
        87.49,
        89.44,
        89.3,
        88.11,
        87.64
      ]
    },
    "d2d_10pct": {
      "mean": 86.56700000000001,
      "std": 1.6581619341909875,
      "raw": [
        87.45,
        86.2,
        88.01,
        84.8,
        87.96,
        83.2,
        88.66,
        87.77,
        86.56,
        85.06
      ]
    },
    "d2d_15pct": {
      "mean": 82.689,
      "std": 3.258955200673983,
      "raw": [
        84.41,
        81.82,
        85.05,
        80.01,
        87.04,
        75.36,
        86.0,
        83.4,
        83.38,
        80.42
      ]
    },
    "d2d_20pct": {
      "mean": 74.49799999999999,
      "std": 4.937474658162813,
      "raw": [
        77.61,
        73.0,
        76.27,
        70.93,
        84.14,
        64.79,
        78.03,
        72.28,
        76.29,
        71.64
      ]
    }
  },
  "interpretation": {
    "key_finding": "Spatial structure of D2D resampling is critical",
    "standard_vs_ensemble": "90.77% vs 86.57%"
  }
}