{
  "overall_accuracy": 0.8745,
  "per_class_accuracy": {
    "class_0": 0.973,
    "class_1": 0.969,
    "class_2": 0.801,
    "class_3": 0.712,
    "class_4": 0.88,
    "class_5": 0.716,
    "class_6": 0.958,
    "class_7": 0.947,
    "class_8": 0.925,
    "class_9": 0.864
  },
  "top_confusion_pairs": [
    [
      "5->3",
      103
    ],
    [
      "2->0",
      70
    ],
    [
      "9->1",
      70
    ],
    [
      "3->6",
      70
    ],
    [
      "5->7",
      59
    ],
    [
      "2->6",
      59
    ],
    [
      "8->0",
      55
    ],
    [
      "3->7",
      50
    ],
    [
      "3->5",
      49
    ],
    [
      "3->0",
      45
    ]
  ],
  "confidence_analysis": {
    "correct_avg": 0.9843732118606567,
    "wrong_avg": 0.8643431067466736,
    "gap": 0.12003010511398315
  },
  "high_confidence_errors": 748,
  "entropy_analysis": {
    "correct_avg": 0.04390290006995201,
    "wrong_avg": 0.3369360566139221
  }
}