{
  "standard_hat": [
    {
      "instance": 0,
      "overall_acc": 0.8227,
      "pred_counts": [
        1041,
        983,
        1108,
        1012,
        1037,
        849,
        1117,
        900,
        992,
        961
      ],
      "pred_freq": [
        0.1041,
        0.0983,
        0.1108,
        0.1012,
        0.1037,
        0.0849,
        0.1117,
        0.09,
        0.0992,
        0.0961
      ],
      "max_class": 6,
      "max_freq": 0.1117,
      "entropy": 2.2993903341095416,
      "class_accs": [
        0.854,
        0.909,
        0.8,
        0.689,
        0.823,
        0.669,
        0.909,
        0.812,
        0.889,
        0.873
      ]
    },
    {
      "instance": 1,
      "overall_acc": 0.8169,
      "pred_counts": [
        1080,
        958,
        1167,
        913,
        1029,
        826,
        1155,
        862,
        1011,
        999
      ],
      "pred_freq": [
        0.108,
        0.0958,
        0.1167,
        0.0913,
        0.1029,
        0.0826,
        0.1155,
        0.0862,
        0.1011,
        0.0999
      ],
      "max_class": 2,
      "max_freq": 0.1167,
      "entropy": 2.296670428264907,
      "class_accs": [
        0.868,
        0.894,
        0.802,
        0.644,
        0.823,
        0.66,
        0.908,
        0.779,
        0.899,
        0.892
      ]
    },
    {
      "instance": 2,
      "overall_acc": 0.8269,
      "pred_counts": [
        1076,
        964,
        1115,
        942,
        1072,
        887,
        1071,
        889,
        980,
        1004
      ],
      "pred_freq": [
        0.1076,
        0.0964,
        0.1115,
        0.0942,
        0.1072,
        0.0887,
        0.1071,
        0.0889,
        0.098,
        0.1004
      ],
      "max_class": 2,
      "max_freq": 0.1115,
      "entropy": 2.299604362550553,
      "class_accs": [
        0.876,
        0.9,
        0.794,
        0.663,
        0.843,
        0.7,
        0.899,
        0.804,
        0.89,
        0.9
      ]
    },
    {
      "instance": 3,
      "overall_acc": 0.8212,
      "pred_counts": [
        1016,
        972,
        1108,
        897,
        1047,
        903,
        1149,
        912,
        965,
        1031
      ],
      "pred_freq": [
        0.1016,
        0.0972,
        0.1108,
        0.0897,
        0.1047,
        0.0903,
        0.1149,
        0.0912,
        0.0965,
        0.1031
      ],
      "max_class": 6,
      "max_freq": 0.1149,
      "entropy": 2.299257337586788,
      "class_accs": [
        0.844,
        0.906,
        0.795,
        0.634,
        0.83,
        0.688,
        0.906,
        0.816,
        0.879,
        0.914
      ]
    },
    {
      "instance": 4,
      "overall_acc": 0.8267,
      "pred_counts": [
        987,
        962,
        1048,
        971,
        1073,
        959,
        1060,
        947,
        976,
        1017
      ],
      "pred_freq": [
        0.0987,
        0.0962,
        0.1048,
        0.0971,
        0.1073,
        0.0959,
        0.106,
        0.0947,
        0.0976,
        0.1017
      ],
      "max_class": 4,
      "max_freq": 0.1073,
      "entropy": 2.30163928908382,
      "class_accs": [
        0.838,
        0.904,
        0.778,
        0.671,
        0.844,
        0.715,
        0.894,
        0.83,
        0.888,
        0.905
      ]
    }
  ],
  "ensemble_hat": [
    {
      "instance": 0,
      "overall_acc": 0.8033,
      "pred_counts": [
        1030,
        963,
        956,
        935,
        946,
        1183,
        1098,
        836,
        1078,
        975
      ],
      "pred_freq": [
        0.103,
        0.0963,
        0.0956,
        0.0935,
        0.0946,
        0.1183,
        0.1098,
        0.0836,
        0.1078,
        0.0975
      ],
      "max_class": 5,
      "max_freq": 0.1183,
      "entropy": 2.2982094050490756,
      "class_accs": [
        0.858,
        0.889,
        0.707,
        0.603,
        0.765,
        0.758,
        0.886,
        0.767,
        0.922,
        0.878
      ]
    },
    {
      "instance": 1,
      "overall_acc": 0.8099,
      "pred_counts": [
        1014,
        971,
        930,
        924,
        940,
        1240,
        1068,
        862,
        1066,
        985
      ],
      "pred_freq": [
        0.1014,
        0.0971,
        0.093,
        0.0924,
        0.094,
        0.124,
        0.1068,
        0.0862,
        0.1066,
        0.0985
      ],
      "max_class": 5,
      "max_freq": 0.124,
      "entropy": 2.297678121424492,
      "class_accs": [
        0.854,
        0.894,
        0.711,
        0.605,
        0.767,
        0.79,
        0.885,
        0.787,
        0.921,
        0.885
      ]
    },
    {
      "instance": 2,
      "overall_acc": 0.8011,
      "pred_counts": [
        1029,
        957,
        961,
        903,
        941,
        1219,
        1100,
        826,
        1087,
        977
      ],
      "pred_freq": [
        0.1029,
        0.0957,
        0.0961,
        0.0903,
        0.0941,
        0.1219,
        0.11,
        0.0826,
        0.1087,
        0.0977
      ],
      "max_class": 5,
      "max_freq": 0.1219,
      "entropy": 2.2969797507084624,
      "class_accs": [
        0.856,
        0.884,
        0.708,
        0.586,
        0.761,
        0.77,
        0.89,
        0.759,
        0.924,
        0.873
      ]
    },
    {
      "instance": 3,
      "overall_acc": 0.7975,
      "pred_counts": [
        1037,
        978,
        961,
        892,
        934,
        1232,
        1084,
        822,
        1089,
        971
      ],
      "pred_freq": [
        0.1037,
        0.0978,
        0.0961,
        0.0892,
        0.0934,
        0.1232,
        0.1084,
        0.0822,
        0.1089,
        0.0971
      ],
      "max_class": 5,
      "max_freq": 0.1232,
      "entropy": 2.2966254077814443,
      "class_accs": [
        0.85,
        0.896,
        0.7,
        0.577,
        0.754,
        0.773,
        0.878,
        0.756,
        0.92,
        0.871
      ]
    },
    {
      "instance": 4,
      "overall_acc": 0.8106,
      "pred_counts": [
        1000,
        945,
        936,
        902,
        963,
        1260,
        1043,
        870,
        1081,
        1000
      ],
      "pred_freq": [
        0.1,
        0.0945,
        0.0936,
        0.0902,
        0.0963,
        0.126,
        0.1043,
        0.087,
        0.1081,
        0.1
      ],
      "max_class": 5,
      "max_freq": 0.126,
      "entropy": 2.29724069751754,
      "class_accs": [
        0.853,
        0.876,
        0.718,
        0.604,
        0.779,
        0.799,
        0.873,
        0.795,
        0.922,
        0.887
      ]
    }
  ]
}