{
  "checkpoint_path": "checkpoints/_ensemble/V4_hybrid_nl1.2/V4_hybrid_standard_noise_hat_best.pt",
  "exp_id": "V4",
  "fresh_instances": 10,
  "mc_runs_per_instance": 5,
  "nl_ltp": 1.2,
  "nl_ltd": -1.2,
  "noise_mode": "uniform",
  "allow_eval_nl_override": false,
  "eval_provenance_mismatches": [],
  "checkpoint_epoch": 13,
  "checkpoint_best_epoch": 13,
  "checkpoint_best_acc": 83.12,
  "checkpoint_seed": 123,
  "checkpoint_nl_ltp": 1.2,
  "checkpoint_nl_ltd": -1.2,
  "checkpoint_noise_mode": "uniform",
  "checkpoint_experiment_name": "V4_hybrid_standard_noise_hat",
  "commit_hash": "5c19a74824b0498b8bd75d75dc289c3fd4eaa0d1",
  "git_worktree_dirty": true,
  "cuda_device_name": "NVIDIA GeForce RTX 5070 Ti",
  "pytorch_version": "2.10.0+cu128",
  "cross_instance_mean": 83.03380000000001,
  "cross_instance_std": 0.2155540767417773,
  "instance_means": [
    82.73,
    83.214,
    83.36200000000001,
    83.106,
    82.804,
    82.808,
    83.358,
    82.902,
    83.044,
    83.01
  ],
  "fresh_per_instance_mean": [
    82.73,
    83.214,
    83.36200000000001,
    83.106,
    82.804,
    82.808,
    83.358,
    82.902,
    83.044,
    83.01
  ],
  "fresh_aggregate": {
    "mean": 83.03380000000001,
    "std": 0.2155540767417773,
    "median": 83.027,
    "range": [
      82.73,
      83.36200000000001
    ]
  }
}