{
  "checkpoint_path": "checkpoints/_ensemble/V4_hybrid_nl1.8/V4_hybrid_standard_noise_hat_best.pt",
  "exp_id": "V4",
  "fresh_instances": 10,
  "mc_runs_per_instance": 5,
  "nl_ltp": 1.8,
  "nl_ltd": -1.8,
  "noise_mode": "uniform",
  "allow_eval_nl_override": false,
  "eval_provenance_mismatches": [],
  "checkpoint_epoch": 41,
  "checkpoint_best_epoch": 41,
  "checkpoint_best_acc": 82.77,
  "checkpoint_seed": 123,
  "checkpoint_nl_ltp": 1.8,
  "checkpoint_nl_ltd": -1.8,
  "checkpoint_noise_mode": "uniform",
  "checkpoint_experiment_name": "V4_hybrid_standard_noise_hat",
  "commit_hash": "5c19a74824b0498b8bd75d75dc289c3fd4eaa0d1",
  "git_worktree_dirty": true,
  "cuda_device_name": "NVIDIA GeForce RTX 5070 Ti",
  "pytorch_version": "2.10.0+cu128",
  "cross_instance_mean": 80.3104,
  "cross_instance_std": 0.40464680895813243,
  "instance_means": [
    80.252,
    79.746,
    79.876,
    80.71000000000001,
    80.25,
    79.828,
    80.25,
    81.05799999999999,
    80.432,
    80.702
  ],
  "fresh_per_instance_mean": [
    80.252,
    79.746,
    79.876,
    80.71000000000001,
    80.25,
    79.828,
    80.25,
    81.05799999999999,
    80.432,
    80.702
  ],
  "fresh_aggregate": {
    "mean": 80.3104,
    "std": 0.40464680895813243,
    "median": 80.251,
    "range": [
      79.746,
      81.05799999999999
    ]
  }
}