{
  "generated_at": "2026-04-26T04:40:00+08:00",
  "protocol": "R10D NL interpolation, Ensemble HAT seed 123, 10 fresh D2D instances x 5 MC, uniform noise.",
  "rows": [
    {
      "nl": 1.2,
      "checkpoint": "checkpoints/_ensemble/V4_hybrid_nl1.2/V4_hybrid_standard_noise_hat_best.pt",
      "train_epoch": 23,
      "best_epoch": 13,
      "source_best_acc": 83.12,
      "fresh_mean": 83.03380000000001,
      "fresh_std": 0.2155540767417773,
      "fresh_range": [
        82.73,
        83.36200000000001
      ],
      "fresh_instances": [
        82.73,
        83.214,
        83.36200000000001,
        83.106,
        82.804,
        82.808,
        83.358,
        82.902,
        83.044,
        83.01
      ],
      "json": "report_md/_gpt/json_gpt/r10d_nl1.2_fresh_eval.json"
    },
    {
      "nl": 1.5,
      "checkpoint": "checkpoints/_ensemble/V4_hybrid_nl1.5/V4_hybrid_standard_noise_hat_best.pt",
      "train_epoch": 39,
      "best_epoch": 29,
      "source_best_acc": 82.81,
      "fresh_mean": 82.634,
      "fresh_std": 0.09734063899523177,
      "fresh_range": [
        82.456,
        82.764
      ],
      "fresh_instances": [
        82.72800000000001,
        82.764,
        82.688,
        82.5,
        82.576,
        82.728,
        82.456,
        82.6,
        82.686,
        82.614
      ],
      "json": "report_md/_gpt/json_gpt/r10d_nl1.5_fresh_eval.json"
    },
    {
      "nl": 1.8,
      "checkpoint": "checkpoints/_ensemble/V4_hybrid_nl1.8/V4_hybrid_standard_noise_hat_best.pt",
      "train_epoch": 51,
      "best_epoch": 41,
      "source_best_acc": 82.77,
      "fresh_mean": 80.3104,
      "fresh_std": 0.40464680895813243,
      "fresh_range": [
        79.746,
        81.05799999999999
      ],
      "fresh_instances": [
        80.252,
        79.746,
        79.876,
        80.71000000000001,
        80.25,
        79.828,
        80.25,
        81.05799999999999,
        80.432,
        80.702
      ],
      "json": "report_md/_gpt/json_gpt/r10d_nl1.8_fresh_eval.json"
    }
  ]
}