{
  "0.0": {
    "accuracies": [
      6.388779443359375,
      6.388779443359375,
      6.388779443359375,
      6.388779443359375,
      6.388779443359375
    ],
    "mean": 6.388779443359375,
    "std": 0.0
  },
  "0.05": {
    "accuracies": [
      6.388779443359375,
      6.388779443359375,
      6.388779443359375,
      6.388779443359375,
      6.388779443359375
    ],
    "mean": 6.388779443359375,
    "std": 0.0
  },
  "0.1": {
    "accuracies": [
      6.388779443359375,
      6.388779443359375,
      6.388779443359375,
      6.388779443359375,
      6.388779443359375
    ],
    "mean": 6.388779443359375,
    "std": 0.0
  }
}