{
  "experiment": "Ensemble HAT Ablation Study",
  "checkpoint": "checkpoints/_ensemble/V4_hybrid_standard_noise_hat_best.pt",
  "results": {
    "standard_hat_fixed": {
      "mean": 10.126000000000001,
      "std": 0.15692036196746442,
      "min": 9.92,
      "max": 10.49,
      "raw": [
        10.3,
        10.13,
        9.97,
        10.04,
        10.04,
        10.49,
        10.15,
        10.13,
        9.92,
        10.09
      ]
    },
    "ensemble_every_1": {
      "mean": 10.015,
      "std": 0.03201562118716422,
      "min": 10.0,
      "max": 10.1,
      "raw": [
        10.0,
        10.0,
        10.0,
        10.0,
        10.0,
        10.0,
        10.1,
        10.05,
        10.0,
        10.0
      ]
    },
    "ensemble_every_5": {
      "mean": 10.014999999999999,
      "std": 0.04177319714841102,
      "min": 10.0,
      "max": 10.14,
      "raw": [
        10.0,
        10.0,
        10.0,
        10.0,
        10.0,
        10.0,
        10.01,
        10.0,
        10.14,
        10.0
      ]
    },
    "ensemble_every_10": {
      "mean": 9.995999999999999,
      "std": 0.012806248474865424,
      "min": 9.97,
      "max": 10.02,
      "raw": [
        10.0,
        10.0,
        9.97,
        10.0,
        10.0,
        9.99,
        10.0,
        9.98,
        10.02,
        10.0
      ]
    },
    "iid_noise": {
      "mean": 9.973,
      "std": 0.07470609078247897,
      "min": 9.86,
      "max": 10.11,
      "raw": [
        10.11,
        10.0,
        9.96,
        9.86,
        10.03,
        9.97,
        9.98,
        9.86,
        10.04,
        9.92
      ]
    },
    "d2d_5pct": {
      "mean": 10.0,
      "std": 0.0,
      "min": 10.0,
      "max": 10.0,
      "raw": [
        10.0,
        10.0,
        10.0,
        10.0,
        10.0,
        10.0,
        10.0,
        10.0,
        10.0,
        10.0
      ]
    },
    "d2d_10pct": {
      "mean": 10.017999999999999,
      "std": 0.08818163074019428,
      "min": 9.91,
      "max": 10.27,
      "raw": [
        10.0,
        10.0,
        10.0,
        10.27,
        10.0,
        10.0,
        9.91,
        10.0,
        10.0,
        10.0
      ]
    },
    "d2d_15pct": {
      "mean": 9.963,
      "std": 0.12861181905252722,
      "min": 9.58,
      "max": 10.05,
      "raw": [
        9.99,
        10.01,
        10.0,
        10.0,
        9.58,
        10.0,
        10.0,
        10.05,
        10.0,
        10.0
      ]
    },
    "d2d_20pct": {
      "mean": 10.088000000000001,
      "std": 0.1334016491652182,
      "min": 10.0,
      "max": 10.37,
      "raw": [
        10.0,
        10.06,
        10.0,
        10.0,
        10.0,
        10.11,
        10.32,
        10.0,
        10.02,
        10.37
      ]
    }
  },
  "interpretation": {
    "key_finding": "Spatial structure of D2D resampling is critical for fresh-instance robustness",
    "comparison": "i.i.d. noise lacks spatial correlation, resulting in inferior transfer"
  }
}