{
  "ensemble_hat": {
    "mean": 86.56700000000001,
    "std": 1.6581619341909875,
    "raw": [
      87.45,
      86.2,
      88.01,
      84.8,
      87.96,
      83.2,
      88.66,
      87.77,
      86.56,
      85.06
    ]
  }
}