{
  "0.0": {
    "mean": 91.77666666666669,
    "std": 0.09809292646375156,
    "accuracies": [
      91.66,
      91.77,
      91.9
    ]
  },
  "0.01": {
    "mean": 90.29333333333334,
    "std": 0.1488474237451064,
    "accuracies": [
      90.13,
      90.26,
      90.49
    ]
  },
  "0.02": {
    "mean": 85.72666666666665,
    "std": 0.5901600536201072,
    "accuracies": [
      84.97,
      85.8,
      86.41
    ]
  },
  "0.05": {
    "mean": 33.81333333333333,
    "std": 1.7560245505750267,
    "accuracies": [
      31.33,
      35.04,
      35.07
    ]
  },
  "0.1": {
    "mean": 10.0,
    "std": 0.0,
    "accuracies": [
      10.0,
      10.0,
      10.0
    ]
  }
}